ray init kwargs: {'num_cpus': None, '_temp_dir': '/home/yw784/.cache/ray_tmp', 'runtime_env': {'env_vars': {'TOKENIZERS_PARALLELISM': 'true', 'NCCL_DEBUG': 'WARN', 'VLLM_LOGGING_LEVEL': 'WARN', 'VLLM_ALLOW_RUNTIME_LORA_UPDATING': 'true', 'CUDA_DEVICE_MAX_CONNECTIONS': '1', 'VLLM_DISABLE_COMPILE_CACHE': '1', 'HCCL_HOST_SOCKET_PORT_RANGE': 'auto', 'HCCL_NPU_SOCKET_PORT_RANGE': 'auto', 'HSA_NO_SCRATCH_RECLAIM': '1'}, 'working_dir': None}}
[36m(TaskRunner pid=2033431)[0m TaskRunner hostname: node6.athena, PID: 2033431
[36m(TaskRunner pid=2033431)[0m {'actor_rollout_ref': {'actor': {'_target_': 'verl.workers.config.FSDPActorConfig',
[36m(TaskRunner pid=2033431)[0m                                  'calculate_entropy': False,
[36m(TaskRunner pid=2033431)[0m                                  'calculate_sum_pi_squared': False,
[36m(TaskRunner pid=2033431)[0m                                  'checkpoint': {'_target_': 'verl.trainer.config.CheckpointConfig',
[36m(TaskRunner pid=2033431)[0m                                                 'async_save': False,
[36m(TaskRunner pid=2033431)[0m                                                 'load_contents': ['model',
[36m(TaskRunner pid=2033431)[0m                                                                   'optimizer',
[36m(TaskRunner pid=2033431)[0m                                                                   'extra'],
[36m(TaskRunner pid=2033431)[0m                                                 'mbridge_config': {},
[36m(TaskRunner pid=2033431)[0m                                                 'save_contents': ['model',
[36m(TaskRunner pid=2033431)[0m                                                                   'optimizer',
[36m(TaskRunner pid=2033431)[0m                                                                   'extra'],
[36m(TaskRunner pid=2033431)[0m                                                 'strict': True},
[36m(TaskRunner pid=2033431)[0m                                  'clip_ratio': 0.2,
[36m(TaskRunner pid=2033431)[0m                                  'clip_ratio_c': 3.0,
[36m(TaskRunner pid=2033431)[0m                                  'clip_ratio_high': 0.2,
[36m(TaskRunner pid=2033431)[0m                                  'clip_ratio_low': 0.2,
[36m(TaskRunner pid=2033431)[0m                                  'data_loader_seed': 42,
[36m(TaskRunner pid=2033431)[0m                                  'entropy_checkpointing': False,
[36m(TaskRunner pid=2033431)[0m                                  'entropy_coeff': 0,
[36m(TaskRunner pid=2033431)[0m                                  'entropy_from_logits_with_chunking': False,
[36m(TaskRunner pid=2033431)[0m                                  'freeze_vision_tower': False,
[36m(TaskRunner pid=2033431)[0m                                  'fsdp_config': {'_target_': 'verl.workers.config.FSDPEngineConfig',
[36m(TaskRunner pid=2033431)[0m                                                  'dtype': 'bfloat16',
[36m(TaskRunner pid=2033431)[0m                                                  'entropy_checkpointing': False,
[36m(TaskRunner pid=2033431)[0m                                                  'entropy_from_logits_with_chunking': False,
[36m(TaskRunner pid=2033431)[0m                                                  'forward_only': False,
[36m(TaskRunner pid=2033431)[0m                                                  'forward_prefetch': False,
[36m(TaskRunner pid=2033431)[0m                                                  'fsdp_size': -1,
[36m(TaskRunner pid=2033431)[0m                                                  'full_determinism': False,
[36m(TaskRunner pid=2033431)[0m                                                  'model_dtype': 'fp32',
[36m(TaskRunner pid=2033431)[0m                                                  'offload_policy': False,
[36m(TaskRunner pid=2033431)[0m                                                  'optimizer_offload': False,
[36m(TaskRunner pid=2033431)[0m                                                  'param_offload': False,
[36m(TaskRunner pid=2033431)[0m                                                  'qat': {'_target_': 'verl.workers.config.QATEngineConfig',
[36m(TaskRunner pid=2033431)[0m                                                          'activation_observer': 'static_minmax',
[36m(TaskRunner pid=2033431)[0m                                                          'enable': False,
[36m(TaskRunner pid=2033431)[0m                                                          'group_size': 16,
[36m(TaskRunner pid=2033431)[0m                                                          'ignore_patterns': ['lm_head',
[36m(TaskRunner pid=2033431)[0m                                                                              'embed_tokens',
[36m(TaskRunner pid=2033431)[0m                                                                              're:.*mlp.gate$'],
[36m(TaskRunner pid=2033431)[0m                                                          'mode': 'w4a16',
[36m(TaskRunner pid=2033431)[0m                                                          'quantization_config_path': None},
[36m(TaskRunner pid=2033431)[0m                                                  'reshard_after_forward': True,
[36m(TaskRunner pid=2033431)[0m                                                  'seed': 42,
[36m(TaskRunner pid=2033431)[0m                                                  'strategy': 'fsdp',
[36m(TaskRunner pid=2033431)[0m                                                  'ulysses_sequence_parallel_size': 1,
[36m(TaskRunner pid=2033431)[0m                                                  'use_orig_params': False,
[36m(TaskRunner pid=2033431)[0m                                                  'use_torch_compile': True,
[36m(TaskRunner pid=2033431)[0m                                                  'wrap_policy': {'min_num_params': 0}},
[36m(TaskRunner pid=2033431)[0m                                  'grad_clip': 1.0,
[36m(TaskRunner pid=2033431)[0m                                  'kl_loss_coef': 0.001,
[36m(TaskRunner pid=2033431)[0m                                  'kl_loss_type': 'low_var_kl',
[36m(TaskRunner pid=2033431)[0m                                  'loss_agg_mode': 'token-mean',
[36m(TaskRunner pid=2033431)[0m                                  'loss_scale_factor': None,
[36m(TaskRunner pid=2033431)[0m                                  'optim': {'_target_': 'verl.workers.config.FSDPOptimizerConfig',
[36m(TaskRunner pid=2033431)[0m                                            'betas': [0.9, 0.999],
[36m(TaskRunner pid=2033431)[0m                                            'clip_grad': 1.0,
[36m(TaskRunner pid=2033431)[0m                                            'lr': 1e-06,
[36m(TaskRunner pid=2033431)[0m                                            'lr_scheduler_type': 'constant',
[36m(TaskRunner pid=2033431)[0m                                            'lr_warmup_steps': -1,
[36m(TaskRunner pid=2033431)[0m                                            'lr_warmup_steps_ratio': 0.0,
[36m(TaskRunner pid=2033431)[0m                                            'min_lr_ratio': 0.0,
[36m(TaskRunner pid=2033431)[0m                                            'num_cycles': 0.5,
[36m(TaskRunner pid=2033431)[0m                                            'optimizer': 'AdamW',
[36m(TaskRunner pid=2033431)[0m                                            'optimizer_impl': 'torch.optim',
[36m(TaskRunner pid=2033431)[0m                                            'override_optimizer_config': None,
[36m(TaskRunner pid=2033431)[0m                                            'total_training_steps': -1,
[36m(TaskRunner pid=2033431)[0m                                            'warmup_style': None,
[36m(TaskRunner pid=2033431)[0m                                            'weight_decay': 0.01,
[36m(TaskRunner pid=2033431)[0m                                            'zero_indexed_step': True},
[36m(TaskRunner pid=2033431)[0m                                  'policy_loss': 
[36m(TaskRunner pid=2033431)[0m {'_target_': 'verl.workers.config.PolicyLossConfig',
[36m(TaskRunner pid=2033431)[0m                                                  'clip_cov_lb': 1.0,
[36m(TaskRunner pid=2033431)[0m                                                  'clip_cov_ratio': 0.0002,
[36m(TaskRunner pid=2033431)[0m                                                  'clip_cov_ub': 5.0,
[36m(TaskRunner pid=2033431)[0m                                                  'kl_cov_ratio': 0.0002,
[36m(TaskRunner pid=2033431)[0m                                                  'loss_mode': 'vanilla',
[36m(TaskRunner pid=2033431)[0m                                                  'ppo_kl_coef': 0.1},
[36m(TaskRunner pid=2033431)[0m                                  'ppo_epochs': 1,
[36m(TaskRunner pid=2033431)[0m                                  'ppo_max_token_len_per_gpu': 16384,
[36m(TaskRunner pid=2033431)[0m                                  'ppo_micro_batch_size': None,
[36m(TaskRunner pid=2033431)[0m                                  'ppo_micro_batch_size_per_gpu': 2,
[36m(TaskRunner pid=2033431)[0m                                  'ppo_mini_batch_size': 32,
[36m(TaskRunner pid=2033431)[0m                                  'profiler': {'_target_': 'verl.utils.profiler.ProfilerConfig',
[36m(TaskRunner pid=2033431)[0m                                               'all_ranks': False,
[36m(TaskRunner pid=2033431)[0m                                               'enable': False,
[36m(TaskRunner pid=2033431)[0m                                               'ranks': [],
[36m(TaskRunner pid=2033431)[0m                                               'save_path': 'outputs/profile',
[36m(TaskRunner pid=2033431)[0m                                               'tool': None,
[36m(TaskRunner pid=2033431)[0m                                               'tool_config': {'npu': {'_target_': 'verl.utils.profiler.config.NPUToolConfig',
[36m(TaskRunner pid=2033431)[0m                                                                       'analysis': True,
[36m(TaskRunner pid=2033431)[0m                                                                       'contents': [],
[36m(TaskRunner pid=2033431)[0m                                                                       'discrete': False,
[36m(TaskRunner pid=2033431)[0m                                                                       'level': 'level0'},
[36m(TaskRunner pid=2033431)[0m                                                               'nsys': {'_target_': 'verl.utils.profiler.config.NsightToolConfig',
[36m(TaskRunner pid=2033431)[0m                                                                        'discrete': False},
[36m(TaskRunner pid=2033431)[0m                                                               'precision_debugger': {'_target_': 'verl.utils.profiler.config.PrecisionDebuggerToolConfig',
[36m(TaskRunner pid=2033431)[0m                                                                                      'config_path': None,
[36m(TaskRunner pid=2033431)[0m                                                                                      'stages': None,
[36m(TaskRunner pid=2033431)[0m                                                                                      'steps': None,
[36m(TaskRunner pid=2033431)[0m                                                                                      'strict': False},
[36m(TaskRunner pid=2033431)[0m                                                               'torch': {'_target_': 'verl.utils.profiler.config.TorchProfilerToolConfig',
[36m(TaskRunner pid=2033431)[0m                                                                         'contents': [],
[36m(TaskRunner pid=2033431)[0m                                                                         'discrete': False},
[36m(TaskRunner pid=2033431)[0m                                                               'torch_memory': {'_target_': 'verl.utils.profiler.config.TorchMemoryToolConfig',
[36m(TaskRunner pid=2033431)[0m                                                                                'stack_depth': 32,
[36m(TaskRunner pid=2033431)[0m                                                                                'trace_alloc_max_entries': 100000}}},
[36m(TaskRunner pid=2033431)[0m                                  'qat': {'activation_observer': 'static_minmax',
[36m(TaskRunner pid=2033431)[0m                                          'enable': False,
[36m(TaskRunner pid=2033431)[0m                                          'group_size': 16,
[36m(TaskRunner pid=2033431)[0m                                          'ignore_patterns': ['lm_head',
[36m(TaskRunner pid=2033431)[0m                                                              'embed_tokens',
[36m(TaskRunner pid=2033431)[0m                                                              're:.*mlp.gate$'],
[36m(TaskRunner pid=2033431)[0m                                          'mode': 'w4a16',
[36m(TaskRunner pid=2033431)[0m                                          'quantization_config_path': None},
[36m(TaskRunner pid=2033431)[0m                                  'rollout_n': 8,
[36m(TaskRunner pid=2033431)[0m                                  'router_replay': {'_target_': 'verl.workers.config.RouterReplayConfig',
[36m(TaskRunner pid=2033431)[0m                                                    'mode': 'disabled',
[36m(TaskRunner pid=2033431)[0m                                                    'record_file': None,
[36m(TaskRunner pid=2033431)[0m                                                    'replay_file': None},
[36m(TaskRunner pid=2033431)[0m                                  'shuffle': False,
[36m(TaskRunner pid=2033431)[0m                                  'strategy': 'fsdp',
[36m(TaskRunner pid=2033431)[0m                                  'tau_neg': 1.05,
[36m(TaskRunner pid=2033431)[0m                                  'tau_pos': 1.0,
[36m(TaskRunner pid=2033431)[0m                                  'ulysses_sequence_parallel_size': 1,
[36m(TaskRunner pid=2033431)[0m                                  'use_dynamic_bsz': False,
[36m(TaskRunner pid=2033431)[0m                                  'use_fused_kernels': False,
[36m(TaskRunner pid=2033431)[0m                                  'use_kl_loss': True,
[36m(TaskRunner pid=2033431)[0m                                  'use_prefix_grouper': False,
[36m(TaskRunner pid=2033431)[0m                                  'use_remove_padding': True,
[36m(TaskRunner pid=2033431)[0m                                  'use_torch_compile': True},
[36m(TaskRunner pid=2033431)[0m                        'hybrid_engine': True,
[36m(TaskRunner pid=2033431)[0m                        'model': {'_target_': 'verl.workers.config.HFModelConfig',
[36m(TaskRunner pid=2033431)[0m                                  'custom_chat_template': None,
[36m(TaskRunner pid=2033431)[0m                                  'enable_activation_offload': False,
[36m(TaskRunner pid=2033431)[0m                                  'enable_gradient_checkpointing': True,
[36m(TaskRunner pid=2033431)[0m                                  'exclude_modules': None,
[36m(TaskRunner pid=2033431)[0m                                  'external_lib': None,
[36m(TaskRunner pid=2033431)[0m                                  'fused_kernel_options': {'impl_backend': 'torch'},
[36m(TaskRunner pid=2033431)[0m                                  'hf_config_path': None,
[36m(TaskRunner pid=2033431)[0m                                  'lora': {'a2a_experimental': False,
[36m(TaskRunner pid=2033431)[0m                                           'adapter_path': None,
[36m(TaskRunner pid=2033431)[0m                                           'alpha': 32,
[36m(TaskRunner pid=2033431)[0m                                           'dropout': 0.0,
[36m(TaskRunner pid=2033431)[0m                                           'dropout_position': 'pre',
[36m(TaskRunner pid=2033431)[0m                                           'dtype': None,
[36m(TaskRunner pid=2033431)[0m                                           'exclude_modules': [],
[36m(TaskRunner pid=2033431)[0m                                           'freeze_language_model': True,
[36m(TaskRunner pid=2033431)[0m                                           'freeze_vision_model': True,
[36m(TaskRunner pid=2033431)[0m                                           'freeze_vision_projection': True,
[36m(TaskRunner pid=2033431)[0m                                           'lora_A_init_method': 'xavier',
[36m(TaskRunner pid=2033431)[0m                                           'lora_B_init_method': 'zero',
[36m(TaskRunner pid=2033431)[0m                                           'merge': False,
[36m(TaskRunner pid=2033431)[0m                                           'rank': 0,
[36m(TaskRunner pid=2033431)[0m                                           'target_modules': ['linear_qkv',
[36m(TaskRunner pid=2033431)[0m                                                              'linear_proj',
[36m(TaskRunner pid=2033431)[0m                                                              'linear_fc1',
[36m(TaskRunner pid=2033431)[0m                                                              'linear_fc2'],
[36m(TaskRunner pid=2033431)[0m                                           'type': 'lora'},
[36m(TaskRunner pid=2033431)[0m                                  'lora_adapter_path': None,
[36m(TaskRunner pid=2033431)[0m                                  'lora_alpha': 16,
[36m(TaskRunner pid=2033431)[0m                                  'lora_rank': 0,
[36m(TaskRunner pid=2033431)[0m                                  'mtp': {'_target_': 'verl.workers.config.MtpConfig',
[36m(TaskRunner pid=2033431)[0m                                          'detach_encoder': False,
[36m(TaskRunner pid=2033431)[0m                                          'enable': False,
[36m(TaskRunner pid=2033431)[0m                                          'enable_rollout': False,
[36m(TaskRunner pid=2033431)[0m                                          'enable_train': False,
[36m(TaskRunner pid=2033431)[0m                                          'method': 'mtp',
[36m(TaskRunner pid=2033431)[0m                                          'mtp_loss_scaling_factor': 0.1,
[36m(TaskRunner pid=2033431)[0m                                          'num_speculative_tokens': 1,
[36m(TaskRunner pid=2033431)[0m                                          'speculative_algorithm': 'EAGLE',
[36m(TaskRunner pid=2033431)[0m                                          'speculative_eagle_topk': 1,
[36m(TaskRunner pid=2033431)[0m                                          'speculative_num_draft_tokens': 4,
[36m(TaskRunner pid=2033431)[0m                                          'speculative_num_steps': 3},
[36m(TaskRunner pid=2033431)[0m                                  'override_config': {},
[36m(TaskRunner pid=2033431)[0m                                  'path': 'Qwen/Qwen3-4B',
[36m(TaskRunner pid=2033431)[0m                                  'target_modules': 'all-linear',
[36m(TaskRunner pid=2033431)[0m                                  'tiled_mlp': {'enabled': False,
[36m(TaskRunner pid=2033431)[0m                                                'num_shards': 4},
[36m(TaskRunner pid=2033431)[0m                                  'tokenizer_path': None,
[36m(TaskRunner pid=2033431)[0m                                  'trust_remote_code': False,
[36m(TaskRunner pid=2033431)[0m                                  'use_fused_kernels': False,
[36m(TaskRunner pid=2033431)[0m                                  'use_liger': False,
[36m(TaskRunner pid=2033431)[0m                                  'use_remove_padding': True,
[36m(TaskRunner pid=2033431)[0m                                  'use_shm': False},
[36m(TaskRunner pid=2033431)[0m                        'nccl_timeout': 600,
[36m(TaskRunner pid=2033431)[0m                        'ref': {'_target_': 'verl.workers.config.FSDPActorConfig',
[36m(TaskRunner pid=2033431)[0m                                'entropy_checkpointing': False,
[36m(TaskRunner pid=2033431)[0m                                'entropy_from_logits_with_chunking': False,
[36m(TaskRunner pid=2033431)[0m                                'fsdp_config': {'_target_': 'verl.workers.config.FSDPEngineConfig',
[36m(TaskRunner pid=2033431)[0m                                                'dtype': 'bfloat16',
[36m(TaskRunner pid=2033431)[0m                                                'entropy_checkpointing': False,
[36m(TaskRunner pid=2033431)[0m                                                'entropy_from_logits_with_chunking': False,
[36m(TaskRunner pid=2033431)[0m                                                'forward_only': True,
[36m(TaskRunner pid=2033431)[0m                                                'forward_prefetch': False,
[36m(TaskRunner pid=2033431)[0m                                                'fsdp_size': -1,
[36m(TaskRunner pid=2033431)[0m                                                'full_determinism': False,
[36m(TaskRunner pid=2033431)[0m                                                'model_dtype': 'fp32',
[36m(TaskRunner pid=2033431)[0m                                                'offload_policy': False,
[36m(TaskRunner pid=2033431)[0m                                                'optimizer_offload': False,
[36m(TaskRunner pid=2033431)[0m                                                'param_offload': True,
[36m(TaskRunner pid=2033431)[0m                                                'qat': {'_target_': 'verl.workers.config.QATEngineConfig',
[36m(TaskRunner pid=2033431)[0m                                                        'activation_observer': 'static_minmax',
[36m(TaskRunner pid=2033431)[0m                                                        'enable': False,
[36m(TaskRunner pid=2033431)[0m                                                        'group_size': 16,
[36m(TaskRunner pid=2033431)[0m                                                        'ignore_patterns': ['lm_head',
[36m(TaskRunner pid=2033431)[0m                                                                            'embed_tokens',
[36m(TaskRunner pid=2033431)[0m                                                                            're:.*mlp.gate$'],
[36m(TaskRunner pid=2033431)[0m                                                        'mode': 'w4a16',
[36m(TaskRunner pid=2033431)[0m                                                        'quantization_config_path': None},
[36m(TaskRunner pid=2033431)[0m                                                'reshard_after_forward': True,
[36m(TaskRunner pid=2033431)[0m                                                'seed': 42,
[36m(TaskRunner pid=2033431)[0m                                                'strategy': 'fsdp',
[36m(TaskRunner pid=2033431)[0m                                                'ulysses_sequence_parallel_size': 1,
[36m(TaskRunner pid=2033431)[0m                                                'use_orig_params': False,
[36m(TaskRunner pid=2033431)[0m                                                'use_torch_compile': True,
[36m(TaskRunner pid=2033431)[0m                                                'wrap_policy': {'min_num_params': 0}},
[36m(TaskRunner pid=2033431)[0m                                'log_prob_max_token_len_per_gpu': 16384,
[36m(TaskRunner pid=2033431)[0m                                'log_prob_micro_batch_size': None,
[36m(TaskRunner pid=2033431)[0m                                'log_prob_micro_batch_size_per_gpu': 2,
[36m(TaskRunner pid=2033431)[0m                                'log_prob_use_dynamic_bsz': False,
[36m(TaskRunner pid=2033431)[0m                                'profiler': {'_target_': 'verl.utils.profiler.ProfilerConfig',
[36m(TaskRunner pid=2033431)[0m                                             'all_ranks': False,
[36m(TaskRunner pid=2033431)[0m                                             'enable': False,
[36m(TaskRunner pid=2033431)[0m                                             'ranks': [],
[36m(TaskRunner pid=2033431)[0m                                             'save_path': 'outputs/profile',
[36m(TaskRunner pid=2033431)[0m                                             'tool': None,
[36m(TaskRunner pid=2033431)[0m                                             'tool_config': {'npu': {'_target_': 'verl.utils.profiler.config.NPUToolConfig',
[36m(TaskRunner pid=2033431)[0m                                                                     'analysis': True,
[36m(TaskRunner pid=2033431)[0m                                                                     'contents': [],
[36m(TaskRunner pid=2033431)[0m                                                                     'discrete': False,
[36m(TaskRunner pid=2033431)[0m                                                                     'level': 'level0'},
[36m(TaskRunner pid=2033431)[0m                                                             'nsys': {'_target_': 'verl.utils.profiler.config.NsightToolConfig',
[36m(TaskRunner pid=2033431)[0m                                                                      'discrete': False},
[36m(TaskRunner pid=2033431)[0m                                                             'precision_debugger': {'_target_': 'verl.utils.profiler.config.PrecisionDebuggerToolConfig',
[36m(TaskRunner pid=2033431)[0m                                                                                    'config_path': None,
[36m(TaskRunner pid=2033431)[0m                                                                                    'stages': None,
[36m(TaskRunner pid=2033431)[0m                                                                                    'steps': None,
[36m(TaskRunner pid=2033431)[0m                                                                                    'strict': False},
[36m(TaskRunner pid=2033431)[0m                                                             'torch': {'_target_': 'verl.utils.profiler.config.TorchProfilerToolConfig',
[36m(TaskRunner pid=2033431)[0m                                                                       'contents': [],
[36m(TaskRunner pid=2033431)[0m                                                                       'discrete': False},
[36m(TaskRunner pid=2033431)[0m                                                             'torch_memory': {'_target_': 'verl.utils.profiler.config.TorchMemoryToolConfig',
[36m(TaskRunner pid=2033431)[0m                                                                              'stack_depth': 32,
[36m(TaskRunner pid=2033431)[0m                                                                              'trace_alloc_max_entries': 100000}}},
[36m(TaskRunner pid=2033431)[0m                                'rollout_n': 8,
[36m(TaskRunner pid=2033431)[0m                                'router_replay': {'_target_': 'verl.workers.config.RouterReplayConfig',
[36m(TaskRunner pid=2033431)[0m                                                  'mode': 'disabled',
[36m(TaskRunner pid=2033431)[0m                                                  'record_file': None,
[36m(TaskRunner pid=2033431)[0m                                                  'replay_file': None},
[36m(TaskRunner pid=2033431)[0m                                'strategy': 'fsdp',
[36m(TaskRunner pid=2033431)[0m                                'ulysses_sequence_parallel_size': 1,
[36m(TaskRunner pid=2033431)[0m                                'use_torch_compile': True},
[36m(TaskRunner pid=2033431)[0m                        'rollout': {'_target_': 'verl.workers.config.RolloutConfig',
[36m(TaskRunner pid=2033431)[0m                                    'agent': {'_target_': 'verl.workers.config.AgentLoopConfig',
[36m(TaskRunner pid=2033431)[0m                                              'agent_loop_config_path': None,
[36m(TaskRunner pid=2033431)[0m                                              'custom_async_server': {'_target_': 'verl.workers.config.CustomAsyncServerConfig',
[36m(TaskRunner pid=2033431)[0m                                                                      'name': None,
[36m(TaskRunner pid=2033431)[0m                                                                      'path': None},
[36m(TaskRunner pid=2033431)[0m                                              'default_agent_loop': 'single_turn_agent',
[36m(TaskRunner pid=2033431)[0m                                              'num_workers': 8},
[36m(TaskRunner pid=2033431)[0m                                    'calculate_log_probs': False,
[36m(TaskRunner pid=2033431)[0m                                    'checkpoint_engine': {'_target_': 'verl.workers.config.CheckpointEngineConfig',
[36m(TaskRunner pid=2033431)[0m                                                          'backend': 'naive',
[36m(TaskRunner pid=2033431)[0m                                                          'custom_backend_module': None,
[36m(TaskRunner pid=2033431)[0m                                                          'engine_kwargs': {},
[36m(TaskRunner pid=2033431)[0m                                                          'update_weights_bucket_megabytes': 2048},
[36m(TaskRunner pid=2033431)[0m                                    'cudagraph_capture_sizes': None,
[36m(TaskRunner pid=2033431)[0m                                    'data_parallel_size': 1,
[36m(TaskRunner pid=2033431)[0m                                    'disable_log_stats': True,
[36m(TaskRunner pid=2033431)[0m                                    'disaggregation': {'bootstrap_port': None,
[36m(TaskRunner pid=2033431)[0m                                                       'decode_replicas': 1,
[36m(TaskRunner pid=2033431)[0m                                                       'decode_tensor_model_parallel_size': None,
[36m(TaskRunner pid=2033431)[0m                                                       'enabled': False,
[36m(TaskRunner pid=2033431)[0m                                                       'ib_device': None,
[36m(TaskRunner pid=2033431)[0m                                                       'prefill_replicas': 1,
[36m(TaskRunner pid=2033431)[0m                                                       'transfer_backend': 'nixl'},
[36m(TaskRunner pid=2033431)[0m                                    'do_sample': True,
[36m(TaskRunner pid=2033431)[0m                                    'dtype': 'bfloat16',
[36m(TaskRunner pid=2033431)[0m                                    'enable_chunked_prefill': True,
[36m(TaskRunner pid=2033431)[0m                                    'enable_prefix_caching': True,
[36m(TaskRunner pid=2033431)[0m                                    'enable_rollout_routing_replay': False,
[36m(TaskRunner pid=2033431)[0m                                    'enforce_eager': False,
[36m(TaskRunner pid=2033431)[0m                                    'engine_kwargs': {'sglang': {},
[36m(TaskRunner pid=2033431)[0m                                                      'trtllm': {},
[36m(TaskRunner pid=2033431)[0m                                                      'vllm': {}},
[36m(TaskRunner pid=2033431)[0m                                    'expert_parallel_size': 1,
[36m(TaskRunner pid=2033431)[0m                                    'free_cache_engine': True,
[36m(TaskRunner pid=2033431)[0m                                    'gpu_memory_utilization': 0.75,
[36m(TaskRunner pid=2033431)[0m                                    'ignore_eos': False,
[36m(TaskRunner pid=2033431)[0m                                    'layered_summon': False,
[36m(TaskRunner pid=2033431)[0m                                    'load_format': 'dummy',
[36m(TaskRunner pid=2033431)[0m                                    'log_prob_max_token_len_per_gpu': 16384,
[36m(TaskRunner pid=2033431)[0m                                    'log_prob_micro_batch_size': None,
[36m(TaskRunner pid=2033431)[0m                                    'log_prob_micro_batch_size_per_gpu': 2,
[36m(TaskRunner pid=2033431)[0m                                    'log_prob_use_dynamic_bsz': False,
[36m(TaskRunner pid=2033431)[0m                                    'logprobs_mode': 'processed_logprobs',
[36m(TaskRunner pid=2033431)[0m                                    'max_model_len': None,
[36m(TaskRunner pid=2033431)[0m                                    'max_num_batched_tokens': 8192,
[36m(TaskRunner pid=2033431)[0m                                    'max_num_seqs': 1024,
[36m(TaskRunner pid=2033431)[0m                                    'mode': 'async',
[36m(TaskRunner pid=2033431)[0m                                    'mtp': {'_target_': 'verl.workers.config.MtpConfig',
[36m(TaskRunner pid=2033431)[0m                                            'detach_encoder': False,
[36m(TaskRunner pid=2033431)[0m                                            'enable': False,
[36m(TaskRunner pid=2033431)[0m                                            'enable_rollout': False,
[36m(TaskRunner pid=2033431)[0m                                            'enable_train': False,
[36m(TaskRunner pid=2033431)[0m                                            'method': 'mtp',
[36m(TaskRunner pid=2033431)[0m                                            'mtp_loss_scaling_factor': 0.1,
[36m(TaskRunner pid=2033431)[0m                                            'num_speculative_tokens': 1,
[36m(TaskRunner pid=2033431)[0m                                            'speculative_algorithm': 'EAGLE',
[36m(TaskRunner pid=2033431)[0m                                            'speculative_eagle_topk': 1,
[36m(TaskRunner pid=2033431)[0m                                            'speculative_num_draft_tokens': 4,
[36m(TaskRunner pid=2033431)[0m                                            'speculative_num_steps': 3},
[36m(TaskRunner pid=2033431)[0m                                    'multi_stage_wake_up': False,
[36m(TaskRunner pid=2033431)[0m                                    'multi_turn': {'_target_': 'verl.workers.config.MultiTurnConfig',
[36m(TaskRunner pid=2033431)[0m                                                   'enable': False,
[36m(TaskRunner pid=2033431)[0m                                                   'format': 'hermes',
[36m(TaskRunner pid=2033431)[0m                                                   'function_tool_path': 
[36m(TaskRunner pid=2033431)[0m None,
[36m(TaskRunner pid=2033431)[0m                                                   
[36m(TaskRunner pid=2033431)[0m 'max_assistant_turns'
[36m(TaskRunner pid=2033431)[0m : 
[36m(TaskRunner pid=2033431)[0m None,
[36m(TaskRunner pid=2033431)[0m                                                   
[36m(TaskRunner pid=2033431)[0m 'max_parallel_calls'
[36m(TaskRunner pid=2033431)[0m : 
[36m(TaskRunner pid=2033431)[0m 1
[36m(TaskRunner pid=2033431)[0m ,
[36m(TaskRunner pid=2033431)[0m                                                   
[36m(TaskRunner pid=2033431)[0m 'max_tool_response_length'
[36m(TaskRunner pid=2033431)[0m : 
[36m(TaskRunner pid=2033431)[0m 256,
[36m(TaskRunner pid=2033431)[0m                                                   'max_user_turns': None,
[36m(TaskRunner pid=2033431)[0m                                                   'num_repeat_rollouts': None,
[36m(TaskRunner pid=2033431)[0m                                                   'tokenization_sanity_check_mode': 'strict',
[36m(TaskRunner pid=2033431)[0m                                                   'tool_config_path': None,
[36m(TaskRunner pid=2033431)[0m                                                   'tool_response_truncate_side': 'middle',
[36m(TaskRunner pid=2033431)[0m                                                   'use_inference_chat_template': False},
[36m(TaskRunner pid=2033431)[0m                                    'n': 8,
[36m(TaskRunner pid=2033431)[0m                                    'n_gpus_per_node': 4,
[36m(TaskRunner pid=2033431)[0m                                    'name': 'vllm',
[36m(TaskRunner pid=2033431)[0m                                    'nnodes': 0,
[36m(TaskRunner pid=2033431)[0m                                    'over_sample_rate': 0,
[36m(TaskRunner pid=2033431)[0m                                    'pipeline_model_parallel_size': 1,
[36m(TaskRunner pid=2033431)[0m                                    'profiler': {'_target_': 'verl.utils.profiler.ProfilerConfig',
[36m(TaskRunner pid=2033431)[0m                                                 'all_ranks': False,
[36m(TaskRunner pid=2033431)[0m                                                 'enable': False,
[36m(TaskRunner pid=2033431)[0m                                                 'ranks': [],
[36m(TaskRunner pid=2033431)[0m                                                 'save_path': 'outputs/profile',
[36m(TaskRunner pid=2033431)[0m                                                 'tool': None,
[36m(TaskRunner pid=2033431)[0m                                                 'tool_config': {'npu': {'_target_': 'verl.utils.profiler.config.NPUToolConfig',
[36m(TaskRunner pid=2033431)[0m                                                                         'analysis': True,
[36m(TaskRunner pid=2033431)[0m                                                                         'contents': [],
[36m(TaskRunner pid=2033431)[0m                                                                         'discrete': False,
[36m(TaskRunner pid=2033431)[0m                                                                         'level': 'level0'},
[36m(TaskRunner pid=2033431)[0m                                                                 'precision_debugger': {'_target_': 'verl.utils.profiler.config.PrecisionDebuggerToolConfig',
[36m(TaskRunner pid=2033431)[0m                                                                                        'config_path': None,
[36m(TaskRunner pid=2033431)[0m                                                                                        'stages': None,
[36m(TaskRunner pid=2033431)[0m                                                                                        'steps': None,
[36m(TaskRunner pid=2033431)[0m                                                                                        'strict': False},
[36m(TaskRunner pid=2033431)[0m                                                                 'torch': {'_target_': 'verl.utils.profiler.config.TorchProfilerToolConfig',
[36m(TaskRunner pid=2033431)[0m                                                                           'contents': [],
[36m(TaskRunner pid=2033431)[0m                                                                           'discrete': False}}},
[36m(TaskRunner pid=2033431)[0m                                    'prometheus': {'_target_': 'verl.workers.config.PrometheusConfig',
[36m(TaskRunner pid=2033431)[0m                                                   'enable': False,
[36m(TaskRunner pid=2033431)[0m                                                   'file': '/tmp/ray/session_latest/metrics/prometheus/prometheus.yml',
[36m(TaskRunner pid=2033431)[0m                                                   'port': 9090,
[36m(TaskRunner pid=2033431)[0m                                                   'served_model_name': 'Qwen/Qwen3-4B'},
[36m(TaskRunner pid=2033431)[0m                                    'prompt_length': 1024,
[36m(TaskRunner pid=2033431)[0m                                    'qat': {'_target_': 'verl.workers.config.QATEngineConfig',
[36m(TaskRunner pid=2033431)[0m                                            'activation_observer': 'static_minmax',
[36m(TaskRunner pid=2033431)[0m                                            'enable': False,
[36m(TaskRunner pid=2033431)[0m                                            'group_size': 16,
[36m(TaskRunner pid=2033431)[0m                                            'ignore_patterns': ['lm_head',
[36m(TaskRunner pid=2033431)[0m                                                                'embed_tokens',
[36m(TaskRunner pid=2033431)[0m                                                                're:.*mlp.gate$'],
[36m(TaskRunner pid=2033431)[0m                                            'mode': 'w4a16',
[36m(TaskRunner pid=2033431)[0m                                            'quantization_config_path': None},
[36m(TaskRunner pid=2033431)[0m                                    'quantization': None,
[36m(TaskRunner pid=2033431)[0m                                    'quantization_config_file': None,
[36m(TaskRunner pid=2033431)[0m                                    'response_length': 1024,
[36m(TaskRunner pid=2033431)[0m                                    'scheduling_policy': 'fcfs',
[36m(TaskRunner pid=2033431)[0m                                    'skip': {'_target_': 'verl.workers.config.SkipConfig',
[36m(TaskRunner pid=2033431)[0m                                             'action': 'cache',
[36m(TaskRunner pid=2033431)[0m                                             'dump_dir': '~/.verl/rollout_dump',
[36m(TaskRunner pid=2033431)[0m                                             'enable': False,
[36m(TaskRunner pid=2033431)[0m                                             'max_dump_step': 1},
[36m(TaskRunner pid=2033431)[0m                                    'skip_tokenizer_init': True,
[36m(TaskRunner pid=2033431)[0m                                    'temperature': 1.0,
[36m(TaskRunner pid=2033431)[0m                                    'tensor_model_parallel_size': 1,
[36m(TaskRunner pid=2033431)[0m                                    'top_k': -1,
[36m(TaskRunner pid=2033431)[0m                                    'top_p': 1,
[36m(TaskRunner pid=2033431)[0m                                    'trace': {'_target_': 'verl.workers.config.TraceConfig',
[36m(TaskRunner pid=2033431)[0m                                              'backend': None,
[36m(TaskRunner pid=2033431)[0m                                              'experiment_name': 'qwen3_4b_gsm8k',
[36m(TaskRunner pid=2033431)[0m                                              'max_samples_per_step_per_worker': None,
[36m(TaskRunner pid=2033431)[0m                                              'project_name': 'grpo_rlvr_math',
[36m(TaskRunner pid=2033431)[0m                                              'token2text': False},
[36m(TaskRunner pid=2033431)[0m                                    'val_kwargs': {'_target_': 'verl.workers.config.SamplingConfig',
[36m(TaskRunner pid=2033431)[0m                                                   'do_sample': False,
[36m(TaskRunner pid=2033431)[0m                                                   'n': 1,
[36m(TaskRunner pid=2033431)[0m                                                   'temperature': 0,
[36m(TaskRunner pid=2033431)[0m                                                   'top_k': -1,
[36m(TaskRunner pid=2033431)[0m                                                   'top_p': 1.0}}},
[36m(TaskRunner pid=2033431)[0m  'algorithm': {'_target_': 'verl.trainer.config.AlgoConfig',
[36m(TaskRunner pid=2033431)[0m                'adv_estimator': 'grpo',
[36m(TaskRunner pid=2033431)[0m                'gamma': 1.0,
[36m(TaskRunner pid=2033431)[0m                'kl_ctrl': {'_target_': 'verl.trainer.config.KLControlConfig',
[36m(TaskRunner pid=2033431)[0m                            'horizon': 10000,
[36m(TaskRunner pid=2033431)[0m                            'kl_coef': 0.001,
[36m(TaskRunner pid=2033431)[0m                            'target_kl': 0.1,
[36m(TaskRunner pid=2033431)[0m                            'type': 'fixed'},
[36m(TaskRunner pid=2033431)[0m                'kl_penalty': 'kl',
[36m(TaskRunner pid=2033431)[0m                'lam': 1.0,
[36m(TaskRunner pid=2033431)[0m                'norm_adv_by_std_in_grpo': True,
[36m(TaskRunner pid=2033431)[0m                'pf_ppo': {'reweight_method': 'pow', 'weight_pow': 2.0},
[36m(TaskRunner pid=2033431)[0m                'rollout_correction': {'bypass_mode': False,
[36m(TaskRunner pid=2033431)[0m                                       'loss_type': 'ppo_clip',
[36m(TaskRunner pid=2033431)[0m                                       'rollout_is': None,
[36m(TaskRunner pid=2033431)[0m                                       'rollout_is_batch_normalize': False,
[36m(TaskRunner pid=2033431)[0m                                       'rollout_is_threshold': 2.0,
[36m(TaskRunner pid=2033431)[0m                                       'rollout_rs': None,
[36m(TaskRunner pid=2033431)[0m                                       'rollout_rs_threshold': None},
[36m(TaskRunner pid=2033431)[0m                'use_kl_in_reward': False,
[36m(TaskRunner pid=2033431)[0m                'use_pf_ppo': False},
[36m(TaskRunner pid=2033431)[0m  'critic': {'_target_': 'verl.workers.config.FSDPCriticConfig',
[36m(TaskRunner pid=2033431)[0m             'checkpoint': {'_target_': 'verl.trainer.config.CheckpointConfig',
[36m(TaskRunner pid=2033431)[0m                            'async_save': False,
[36m(TaskRunner pid=2033431)[0m                            'load_contents': ['model', 'optimizer', 'extra'],
[36m(TaskRunner pid=2033431)[0m                            'mbridge_config': {},
[36m(TaskRunner pid=2033431)[0m                            'save_contents': ['model', 'optimizer', 'extra']},
[36m(TaskRunner pid=2033431)[0m             'cliprange_value': 0.5,
[36m(TaskRunner pid=2033431)[0m             'data_loader_seed': 42,
[36m(TaskRunner pid=2033431)[0m             'enable': None,
[36m(TaskRunner pid=2033431)[0m             'forward_max_token_len_per_gpu': 32768,
[36m(TaskRunner pid=2033431)[0m             'forward_micro_batch_size': None,
[36m(TaskRunner pid=2033431)[0m             'forward_micro_batch_size_per_gpu': None,
[36m(TaskRunner pid=2033431)[0m             'fsdp': {'_target_': 'verl.workers.config.FSDPEngineConfig',
[36m(TaskRunner pid=2033431)[0m                      'dtype': 'bfloat16',
[36m(TaskRunner pid=2033431)[0m                      'entropy_checkpointing': False,
[36m(TaskRunner pid=2033431)[0m                      'entropy_from_logits_with_chunking': False,
[36m(TaskRunner pid=2033431)[0m                      'forward_only': False,
[36m(TaskRunner pid=2033431)[0m                      'forward_prefetch': False,
[36m(TaskRunner pid=2033431)[0m                      'fsdp_size': -1,
[36m(TaskRunner pid=2033431)[0m                      'full_determinism': False,
[36m(TaskRunner pid=2033431)[0m                      'model_dtype': 'fp32',
[36m(TaskRunner pid=2033431)[0m                      'offload_policy': False,
[36m(TaskRunner pid=2033431)[0m                      'optimizer_offload': False,
[36m(TaskRunner pid=2033431)[0m                      'param_offload': False,
[36m(TaskRunner pid=2033431)[0m                      'qat': {'_target_': 'verl.workers.config.QATEngineConfig',
[36m(TaskRunner pid=2033431)[0m                              'activation_observer': 'static_minmax',
[36m(TaskRunner pid=2033431)[0m                              'enable': False,
[36m(TaskRunner pid=2033431)[0m                              'group_size': 16,
[36m(TaskRunner pid=2033431)[0m                              'ignore_patterns': ['lm_head',
[36m(TaskRunner pid=2033431)[0m                                                  'embed_tokens',
[36m(TaskRunner pid=2033431)[0m                                                  're:.*mlp.gate$'],
[36m(TaskRunner pid=2033431)[0m                              'mode': 'w4a16',
[36m(TaskRunner pid=2033431)[0m                              'quantization_config_path': None},
[36m(TaskRunner pid=2033431)[0m                      'reshard_after_forward': True,
[36m(TaskRunner pid=2033431)[0m                      'seed': 42,
[36m(TaskRunner pid=2033431)[0m                      'strategy': 'fsdp',
[36m(TaskRunner pid=2033431)[0m                      'ulysses_sequence_parallel_size': 1,
[36m(TaskRunner pid=2033431)[0m                      'use_orig_params': False,
[36m(TaskRunner pid=2033431)[0m                      'use_torch_compile': True,
[36m(TaskRunner pid=2033431)[0m                      'wrap_policy': {'min_num_params': 0}},
[36m(TaskRunner pid=2033431)[0m             'grad_clip': 1.0,
[36m(TaskRunner pid=2033431)[0m             'loss_agg_mode': 'token-mean',
[36m(TaskRunner pid=2033431)[0m             'model': {'_target_': 'verl.workers.config.HFModelConfig',
[36m(TaskRunner pid=2033431)[0m                       'custom_chat_template': None,
[36m(TaskRunner pid=2033431)[0m                       'enable_activation_offload': False,
[36m(TaskRunner pid=2033431)[0m                       'enable_gradient_checkpointing': True,
[36m(TaskRunner pid=2033431)[0m                       'exclude_modules': None,
[36m(TaskRunner pid=2033431)[0m                       'external_lib': None,
[36m(TaskRunner pid=2033431)[0m                       'fused_kernel_options': {'impl_backend': 'torch'},
[36m(TaskRunner pid=2033431)[0m                       'hf_config_path': None,
[36m(TaskRunner pid=2033431)[0m                       'lora': {'a2a_experimental': False,
[36m(TaskRunner pid=2033431)[0m                                'adapter_path': None,
[36m(TaskRunner pid=2033431)[0m                                'alpha': 32,
[36m(TaskRunner pid=2033431)[0m                                'dropout': 0.0,
[36m(TaskRunner pid=2033431)[0m                                'dropout_position': 'pre',
[36m(TaskRunner pid=2033431)[0m                                'dtype': None,
[36m(TaskRunner pid=2033431)[0m                                'exclude_modules': [],
[36m(TaskRunner pid=2033431)[0m                                'freeze_language_model': True,
[36m(TaskRunner pid=2033431)[0m                                'freeze_vision_model': True,
[36m(TaskRunner pid=2033431)[0m                                'freeze_vision_projection': True,
[36m(TaskRunner pid=2033431)[0m                                'lora_A_init_method': 'xavier',
[36m(TaskRunner pid=2033431)[0m                                'lora_B_init_method': 'zero',
[36m(TaskRunner pid=2033431)[0m                                'merge': False,
[36m(TaskRunner pid=2033431)[0m                                'rank': 0,
[36m(TaskRunner pid=2033431)[0m                                'target_modules': ['linear_qkv',
[36m(TaskRunner pid=2033431)[0m                                                   'linear_proj',
[36m(TaskRunner pid=2033431)[0m                                                   'linear_fc1',
[36m(TaskRunner pid=2033431)[0m                                                   'linear_fc2'],
[36m(TaskRunner pid=2033431)[0m                                'type': 'lora'},
[36m(TaskRunner pid=2033431)[0m                       'lora_adapter_path': None,
[36m(TaskRunner pid=2033431)[0m                       'lora_alpha': 16,
[36m(TaskRunner pid=2033431)[0m                       'lora_rank': 0,
[36m(TaskRunner pid=2033431)[0m                       'mtp': {'_target_': 'verl.workers.config.MtpConfig',
[36m(TaskRunner pid=2033431)[0m                               'detach_encoder': False,
[36m(TaskRunner pid=2033431)[0m                               'enable': False,
[36m(TaskRunner pid=2033431)[0m                               'enable_rollout': False,
[36m(TaskRunner pid=2033431)[0m                               'enable_train': 
[36m(TaskRunner pid=2033431)[0m False,
[36m(TaskRunner pid=2033431)[0m                               'method': 'mtp',
[36m(TaskRunner pid=2033431)[0m                               'mtp_loss_scaling_factor': 0.1,
[36m(TaskRunner pid=2033431)[0m                               'num_speculative_tokens': 1,
[36m(TaskRunner pid=2033431)[0m                               'speculative_algorithm': 'EAGLE',
[36m(TaskRunner pid=2033431)[0m                               'speculative_eagle_topk': 1,
[36m(TaskRunner pid=2033431)[0m                               'speculative_num_draft_tokens': 4,
[36m(TaskRunner pid=2033431)[0m                               'speculative_num_steps': 3},
[36m(TaskRunner pid=2033431)[0m                       'override_config': {},
[36m(TaskRunner pid=2033431)[0m                       'path': '~/models/deepseek-llm-7b-chat',
[36m(TaskRunner pid=2033431)[0m                       'target_modules': 'all-linear',
[36m(TaskRunner pid=2033431)[0m                       'tiled_mlp': {'enabled': False, 'num_shards': 4},
[36m(TaskRunner pid=2033431)[0m                       'tokenizer_path': None,
[36m(TaskRunner pid=2033431)[0m                       'trust_remote_code': False,
[36m(TaskRunner pid=2033431)[0m                       'use_fused_kernels': False,
[36m(TaskRunner pid=2033431)[0m                       'use_liger': False,
[36m(TaskRunner pid=2033431)[0m                       'use_remove_padding': True,
[36m(TaskRunner pid=2033431)[0m                       'use_shm': False},
[36m(TaskRunner pid=2033431)[0m             'optim': {'_target_': 'verl.workers.config.FSDPOptimizerConfig',
[36m(TaskRunner pid=2033431)[0m                       'betas': [0.9, 0.999],
[36m(TaskRunner pid=2033431)[0m                       'clip_grad': 1.0,
[36m(TaskRunner pid=2033431)[0m                       'lr': 1e-05,
[36m(TaskRunner pid=2033431)[0m                       'lr_scheduler_type': 'constant',
[36m(TaskRunner pid=2033431)[0m                       'lr_warmup_steps': -1,
[36m(TaskRunner pid=2033431)[0m                       'lr_warmup_steps_ratio': 0.0,
[36m(TaskRunner pid=2033431)[0m                       'min_lr_ratio': 0.0,
[36m(TaskRunner pid=2033431)[0m                       'num_cycles': 0.5,
[36m(TaskRunner pid=2033431)[0m                       'optimizer': 'AdamW',
[36m(TaskRunner pid=2033431)[0m                       'optimizer_impl': 'torch.optim',
[36m(TaskRunner pid=2033431)[0m                       'override_optimizer_config': None,
[36m(TaskRunner pid=2033431)[0m                       'total_training_steps': -1,
[36m(TaskRunner pid=2033431)[0m                       'warmup_style': None,
[36m(TaskRunner pid=2033431)[0m                       'weight_decay': 0.01,
[36m(TaskRunner pid=2033431)[0m                       'zero_indexed_step': True},
[36m(TaskRunner pid=2033431)[0m             'ppo_epochs': 1,
[36m(TaskRunner pid=2033431)[0m             'ppo_max_token_len_per_gpu': 32768,
[36m(TaskRunner pid=2033431)[0m             'ppo_micro_batch_size': None,
[36m(TaskRunner pid=2033431)[0m             'ppo_micro_batch_size_per_gpu': None,
[36m(TaskRunner pid=2033431)[0m             'ppo_mini_batch_size': 32,
[36m(TaskRunner pid=2033431)[0m             'profiler': {'_target_': 'verl.utils.profiler.ProfilerConfig',
[36m(TaskRunner pid=2033431)[0m                          'all_ranks': False,
[36m(TaskRunner pid=2033431)[0m                          'enable': False,
[36m(TaskRunner pid=2033431)[0m                          'ranks': [],
[36m(TaskRunner pid=2033431)[0m                          'save_path': 'outputs/profile',
[36m(TaskRunner pid=2033431)[0m                          'tool': None,
[36m(TaskRunner pid=2033431)[0m                          'tool_config': {'npu': {'_target_': 'verl.utils.profiler.config.NPUToolConfig',
[36m(TaskRunner pid=2033431)[0m                                                  'analysis': True,
[36m(TaskRunner pid=2033431)[0m                                                  'contents': [],
[36m(TaskRunner pid=2033431)[0m                                                  'discrete': False,
[36m(TaskRunner pid=2033431)[0m                                                  'level': 'level0'},
[36m(TaskRunner pid=2033431)[0m                                          'nsys': {'_target_': 'verl.utils.profiler.config.NsightToolConfig',
[36m(TaskRunner pid=2033431)[0m                                                   'discrete': False},
[36m(TaskRunner pid=2033431)[0m                                          'precision_debugger': {'_target_': 'verl.utils.profiler.config.PrecisionDebuggerToolConfig',
[36m(TaskRunner pid=2033431)[0m                                                                 'config_path': None,
[36m(TaskRunner pid=2033431)[0m                                                                 'stages': None,
[36m(TaskRunner pid=2033431)[0m                                                                 'steps': None,
[36m(TaskRunner pid=2033431)[0m                                                                 'strict': False},
[36m(TaskRunner pid=2033431)[0m                                          'torch': {'_target_': 'verl.utils.profiler.config.TorchProfilerToolConfig',
[36m(TaskRunner pid=2033431)[0m                                                    'contents': [],
[36m(TaskRunner pid=2033431)[0m                                                    'discrete': False},
[36m(TaskRunner pid=2033431)[0m                                          'torch_memory': {'_target_': 'verl.utils.profiler.config.TorchMemoryToolConfig',
[36m(TaskRunner pid=2033431)[0m                                                           'stack_depth': 32,
[36m(TaskRunner pid=2033431)[0m                                                           'trace_alloc_max_entries': 100000}}},
[36m(TaskRunner pid=2033431)[0m             'rollout_n': 8,
[36m(TaskRunner pid=2033431)[0m             'shuffle': False,
[36m(TaskRunner pid=2033431)[0m             'strategy': 'fsdp',
[36m(TaskRunner pid=2033431)[0m             'ulysses_sequence_parallel_size': 1,
[36m(TaskRunner pid=2033431)[0m             'use_dynamic_bsz': False},
[36m(TaskRunner pid=2033431)[0m  'data': {'apply_chat_template_kwargs': {},
[36m(TaskRunner pid=2033431)[0m           'audio_key': 'audios',
[36m(TaskRunner pid=2033431)[0m           'custom_cls': {'name': None, 'path': None},
[36m(TaskRunner pid=2033431)[0m           'dataloader_num_workers': 8,
[36m(TaskRunner pid=2033431)[0m           'filter_overlong_prompts': True,
[36m(TaskRunner pid=2033431)[0m           'filter_overlong_prompts_workers': 1,
[36m(TaskRunner pid=2033431)[0m           'function_tool_path': None,
[36m(TaskRunner pid=2033431)[0m           'image_key': 'images',
[36m(TaskRunner pid=2033431)[0m           'image_patch_size': 14,
[36m(TaskRunner pid=2033431)[0m           'max_prompt_length': 1024,
[36m(TaskRunner pid=2033431)[0m           'max_response_length': 1024,
[36m(TaskRunner pid=2033431)[0m           'mm_processor_kwargs': {},
[36m(TaskRunner pid=2033431)[0m           'prompt_key': 'prompt',
[36m(TaskRunner pid=2033431)[0m           'return_full_prompt': False,
[36m(TaskRunner pid=2033431)[0m           'return_multi_modal_inputs': True,
[36m(TaskRunner pid=2033431)[0m           'return_raw_chat': True,
[36m(TaskRunner pid=2033431)[0m           'return_raw_input_ids': False,
[36m(TaskRunner pid=2033431)[0m           'reward_fn_key': 'data_source',
[36m(TaskRunner pid=2033431)[0m           'seed': None,
[36m(TaskRunner pid=2033431)[0m           'shuffle': True,
[36m(TaskRunner pid=2033431)[0m           'tokenizer': None,
[36m(TaskRunner pid=2033431)[0m           'tool_config_path': None,
[36m(TaskRunner pid=2033431)[0m           'train_batch_size': 64,
[36m(TaskRunner pid=2033431)[0m           'train_files': '/home/yw784/data/gsm8k/train.parquet',
[36m(TaskRunner pid=2033431)[0m           'train_max_samples': -1,
[36m(TaskRunner pid=2033431)[0m           'truncation': 'error',
[36m(TaskRunner pid=2033431)[0m           'trust_remote_code': False,
[36m(TaskRunner pid=2033431)[0m           'use_shm': False,
[36m(TaskRunner pid=2033431)[0m           'val_batch_size': None,
[36m(TaskRunner pid=2033431)[0m           'val_files': '/home/yw784/data/gsm8k/test.parquet',
[36m(TaskRunner pid=2033431)[0m           'val_max_samples': -1,
[36m(TaskRunner pid=2033431)[0m           'validation_shuffle': False,
[36m(TaskRunner pid=2033431)[0m           'video_key': 'videos'},
[36m(TaskRunner pid=2033431)[0m  'distillation': {'_target_': 'verl.workers.config.DistillationConfig',
[36m(TaskRunner pid=2033431)[0m                   'distillation_loss': {'_target_': 'verl.workers.config.DistillationLossConfig',
[36m(TaskRunner pid=2033431)[0m                                         'clip_ratio': 0.2,
[36m(TaskRunner pid=2033431)[0m                                         'clip_ratio_high': 0.2,
[36m(TaskRunner pid=2033431)[0m                                         'clip_ratio_low': 0.2,
[36m(TaskRunner pid=2033431)[0m                                         'distillation_loss_coef': 1.0,
[36m(TaskRunner pid=2033431)[0m                                         'log_prob_min_clamp': None,
[36m(TaskRunner pid=2033431)[0m                                         'loss_max_clamp': None,
[36m(TaskRunner pid=2033431)[0m                                         'loss_mode': 'k3',
[36m(TaskRunner pid=2033431)[0m                                         'policy_loss_mode': 'vanilla',
[36m(TaskRunner pid=2033431)[0m                                         'topk': 32,
[36m(TaskRunner pid=2033431)[0m                                         'use_policy_gradient': False,
[36m(TaskRunner pid=2033431)[0m                                         'use_task_rewards': True},
[36m(TaskRunner pid=2033431)[0m                   'enabled': False,
[36m(TaskRunner pid=2033431)[0m                   'n_gpus_per_node': 8,
[36m(TaskRunner pid=2033431)[0m                   'nnodes': 0,
[36m(TaskRunner pid=2033431)[0m                   'teacher_key': 'data_source',
[36m(TaskRunner pid=2033431)[0m                   'teacher_models': {'teacher_model': {'_target_': 'verl.workers.config.DistillationTeacherModelConfig',
[36m(TaskRunner pid=2033431)[0m                                                        'inference': {'_target_': 'verl.workers.config.RolloutConfig',
[36m(TaskRunner pid=2033431)[0m                                                                      'cudagraph_capture_sizes': None,
[36m(TaskRunner pid=2033431)[0m                                                                      'data_parallel_size': 1,
[36m(TaskRunner pid=2033431)[0m                                                                      'disable_log_stats': True,
[36m(TaskRunner pid=2033431)[0m                                                                      'dtype': 'bfloat16',
[36m(TaskRunner pid=2033431)[0m                                                                      'enable_chunked_prefill': True,
[36m(TaskRunner pid=2033431)[0m                                                                      'enable_prefix_caching': True,
[36m(TaskRunner pid=2033431)[0m                                                                      'enforce_eager': True,
[36m(TaskRunner pid=2033431)[0m                                                                      'engine_kwargs': {},
[36m(TaskRunner pid=2033431)[0m                                                                      'expert_parallel_size': 1,
[36m(TaskRunner pid=2033431)[0m                                                                      'free_cache_engine': True,
[36m(TaskRunner pid=2033431)[0m                                                                      'gpu_memory_utilization': 0.5,
[36m(TaskRunner pid=2033431)[0m                                                                      'limit_images': None,
[36m(TaskRunner pid=2033431)[0m                                                                      'load_format': 'auto',
[36m(TaskRunner pid=2033431)[0m                                                                      'max_model_len': None,
[36m(TaskRunner pid=2033431)[0m                                                                      'max_num_batched_tokens': 8192,
[36m(TaskRunner pid=2033431)[0m                                                                      'max_num_seqs': 1024,
[36m(TaskRunner pid=2033431)[0m                                                                      'name': 'vllm',
[36m(TaskRunner pid=2033431)[0m                                                                      'prompt_length': 1024,
[36m(TaskRunner pid=2033431)[0m                                                                      'response_length': 1024,
[36m(TaskRunner pid=2033431)[0m                                                                      'skip_tokenizer_init': True,
[36m(TaskRunner pid=2033431)[0m                                                                      'temperature': 1.0,
[36m(TaskRunner pid=2033431)[0m                                                                      'tensor_model_parallel_size': 2},
[36m(TaskRunner pid=2033431)[0m                                                        'key': None,
[36m(TaskRunner pid=2033431)[0m                                                        'model_path': None,
[36m(TaskRunner pid=2033431)[0m                                                        'num_replicas': 0}}},
[36m(TaskRunner pid=2033431)[0m  'global_profiler': {'_target_': 'verl.utils.profiler.ProfilerConfig',
[36m(TaskRunner pid=2033431)[0m                      'global_tool_config': {'nsys': {'_target_': 'verl.utils.profiler.config.NsightToolConfig',
[36m(TaskRunner pid=2033431)[0m                                                      'controller_nsight_options': {'cuda-graph-trace': 'graph',
[36m(TaskRunner pid=2033431)[0m                                                                                    'cuda-memory-usage': 'true',
[36m(TaskRunner pid=2033431)[0m                                                                                    'trace': 'cuda,nvtx,cublas,ucx'},
[36m(TaskRunner pid=2033431)[0m                                                      'discrete': False,
[36m(TaskRunner pid=2033431)[0m                                                      'worker_nsight_options': {'capture-range': 'cudaProfilerApi',
[36m(TaskRunner pid=2033431)[0m                                                                                'capture-range-end': None,
[36m(TaskRunner pid=2033431)[0m                                                                                'cuda-graph-trace': 'graph',
[36m(TaskRunner pid=2033431)[0m                                                                                'cuda-memory-usage': 'true',
[36m(TaskRunner pid=2033431)[0m                                                                                'kill': 'none',
[36m(TaskRunner pid=2033431)[0m                                                                                'trace': 'cuda,nvtx,cublas,ucx'}},
[36m(TaskRunner pid=2033431)[0m                                             'precision_debugger': {'_target_': 'verl.utils.profiler.config.PrecisionDebuggerToolConfig',
[36m(TaskRunner pid=2033431)[0m                                                                    'config_path': None,
[36m(TaskRunner pid=2033431)[0m                                                                    'stages': None,
[36m(TaskRunner pid=2033431)[0m                                                                    'steps': None,
[36m(TaskRunner pid=2033431)[0m                                                                    'strict': False},
[36m(TaskRunner pid=2033431)[0m                                             'torch_memory': {'context': 'all',
[36m(TaskRunner pid=2033431)[0m                                                              'kw_args': {},
[36m(TaskRunner pid=2033431)[0m                                                              'stack_depth': 32,
[36m(TaskRunner pid=2033431)[0m                                                              'stacks': 'all',
[36m(TaskRunner pid=2033431)[0m                                                              'trace_alloc_max_entries': 100000}},
[36m(TaskRunner pid=2033431)[0m                      'profile_continuous_steps': False,
[36m(TaskRunner pid=2033431)[0m                      'save_path': 'outputs/profile',
[36m(TaskRunner pid=2033431)[0m                      'steps': None,
[36m(TaskRunner pid=2033431)[0m                      'tool': None},
[36m(TaskRunner pid=2033431)[0m  'model_engine': 'dp',
[36m(TaskRunner pid=2033431)[0m  'ray_kwargs': {'ray_init': {'_temp_dir': '/home/yw784/.cache/ray_tmp',
[36m(TaskRunner pid=2033431)[0m                              'num_cpus': None},
[36m(TaskRunner pid=2033431)[0m                 'timeline_json_file': None},
[36m(TaskRunner pid=2033431)[0m  'reward': {'_target_': 'verl.workers.config.RewardConfig',
[36m(TaskRunner pid=2033431)[0m             'custom_reward_function': {'name': 'compute_score', 'path': None},
[36m(TaskRunner pid=2033431)[0m             'num_workers': 8,
[36m(TaskRunner pid=2033431)[0m             'reward_manager': {'_target_': 'verl.workers.config.reward.RewardManagerConfig',
[36m(TaskRunner pid=2033431)[0m                                'module': {'_target_': 'verl.trainer.config.config.ModuleConfig',
[36m(TaskRunner pid=2033431)[0m                                           'name': 'custom_reward_manager',
[36m(TaskRunner pid=2033431)[0m                                           'path': None},
[36m(TaskRunner pid=2033431)[0m                                'name': 'naive',
[36m(TaskRunner pid=2033431)[0m                                'source': 'register'},
[36m(TaskRunner pid=2033431)[0m             'reward_model': {'_target_': 'verl.workers.config.RewardModelConfig',
[36m(TaskRunner pid=2033431)[0m                              'enable': False,
[36m(TaskRunner pid=2033431)[0m                              'enable_resource_pool': False,
[36m(TaskRunner pid=2033431)[0m                              'model_path': None,
[36m(TaskRunner pid=2033431)[0m                              'n_gpus_per_node': 8,
[36m(TaskRunner pid=2033431)[0m                              'nnodes': 0,
[36m(TaskRunner pid=2033431)[0m                              'rollout': {'_target_': 
[36m(TaskRunner pid=2033431)[0m 'verl.workers.config.RolloutConfig',
[36m(TaskRunner pid=2033431)[0m                                          'cudagraph_capture_sizes': None,
[36m(TaskRunner pid=2033431)[0m                                          'data_parallel_size': 1,
[36m(TaskRunner pid=2033431)[0m                                          'disable_log_stats': True,
[36m(TaskRunner pid=2033431)[0m                                          'disaggregation': {'bootstrap_port': None,
[36m(TaskRunner pid=2033431)[0m                                                             'decode_replicas': 1,
[36m(TaskRunner pid=2033431)[0m                                                             'decode_tensor_model_parallel_size': None,
[36m(TaskRunner pid=2033431)[0m                                                             'enabled': False,
[36m(TaskRunner pid=2033431)[0m                                                             'ib_device': None,
[36m(TaskRunner pid=2033431)[0m                                                             'prefill_replicas': 1,
[36m(TaskRunner pid=2033431)[0m                                                             'transfer_backend': 'nixl'},
[36m(TaskRunner pid=2033431)[0m                                          'do_sample': True,
[36m(TaskRunner pid=2033431)[0m                                          'dtype': 'bfloat16',
[36m(TaskRunner pid=2033431)[0m                                          'enable_chunked_prefill': True,
[36m(TaskRunner pid=2033431)[0m                                          'enable_prefix_caching': True,
[36m(TaskRunner pid=2033431)[0m                                          'enforce_eager': True,
[36m(TaskRunner pid=2033431)[0m                                          'engine_kwargs': {},
[36m(TaskRunner pid=2033431)[0m                                          'expert_parallel_size': 1,
[36m(TaskRunner pid=2033431)[0m                                          'free_cache_engine': True,
[36m(TaskRunner pid=2033431)[0m                                          'gpu_memory_utilization': 0.5,
[36m(TaskRunner pid=2033431)[0m                                          'ignore_eos': False,
[36m(TaskRunner pid=2033431)[0m                                          'layered_summon': False,
[36m(TaskRunner pid=2033431)[0m                                          'limit_images': None,
[36m(TaskRunner pid=2033431)[0m                                          'load_format': 'auto',
[36m(TaskRunner pid=2033431)[0m                                          'max_model_len': None,
[36m(TaskRunner pid=2033431)[0m                                          'max_num_batched_tokens': 8192,
[36m(TaskRunner pid=2033431)[0m                                          'max_num_seqs': 1024,
[36m(TaskRunner pid=2033431)[0m                                          'mtp': None,
[36m(TaskRunner pid=2033431)[0m                                          'multi_stage_wake_up': False,
[36m(TaskRunner pid=2033431)[0m                                          'n': 1,
[36m(TaskRunner pid=2033431)[0m                                          'name': '???',
[36m(TaskRunner pid=2033431)[0m                                          'pipeline_model_parallel_size': 1,
[36m(TaskRunner pid=2033431)[0m                                          'prompt_length': 2048,
[36m(TaskRunner pid=2033431)[0m                                          'quantization': None,
[36m(TaskRunner pid=2033431)[0m                                          'quantization_config_file': None,
[36m(TaskRunner pid=2033431)[0m                                          'response_length': 2048,
[36m(TaskRunner pid=2033431)[0m                                          'scheduling_policy': 'fcfs',
[36m(TaskRunner pid=2033431)[0m                                          'skip_tokenizer_init': False,
[36m(TaskRunner pid=2033431)[0m                                          'temperature': 1.0,
[36m(TaskRunner pid=2033431)[0m                                          'tensor_model_parallel_size': 2,
[36m(TaskRunner pid=2033431)[0m                                          'top_k': -1,
[36m(TaskRunner pid=2033431)[0m                                          'top_p': 1}},
[36m(TaskRunner pid=2033431)[0m             'sandbox_fusion': {'_target_': 'verl.workers.config.SandboxFusionConfig',
[36m(TaskRunner pid=2033431)[0m                                'max_concurrent': 64,
[36m(TaskRunner pid=2033431)[0m                                'memory_limit_mb': 1024,
[36m(TaskRunner pid=2033431)[0m                                'url': None}},
[36m(TaskRunner pid=2033431)[0m  'trainer': {'balance_batch': True,
[36m(TaskRunner pid=2033431)[0m              'critic_warmup': 0,
[36m(TaskRunner pid=2033431)[0m              'default_hdfs_dir': None,
[36m(TaskRunner pid=2033431)[0m              'default_local_dir': 'checkpoints/grpo_rlvr_math/qwen3_4b_gsm8k',
[36m(TaskRunner pid=2033431)[0m              'del_local_ckpt_after_load': False,
[36m(TaskRunner pid=2033431)[0m              'device': 'cuda',
[36m(TaskRunner pid=2033431)[0m              'esi_redundant_time': 0,
[36m(TaskRunner pid=2033431)[0m              'experiment_name': 'qwen3_4b_gsm8k',
[36m(TaskRunner pid=2033431)[0m              'log_val_generations': 0,
[36m(TaskRunner pid=2033431)[0m              'logger': ['console', 'wandb'],
[36m(TaskRunner pid=2033431)[0m              'max_actor_ckpt_to_keep': None,
[36m(TaskRunner pid=2033431)[0m              'max_critic_ckpt_to_keep': None,
[36m(TaskRunner pid=2033431)[0m              'n_gpus_per_node': 4,
[36m(TaskRunner pid=2033431)[0m              'nnodes': 1,
[36m(TaskRunner pid=2033431)[0m              'project_name': 'grpo_rlvr_math',
[36m(TaskRunner pid=2033431)[0m              'ray_wait_register_center_timeout': 300,
[36m(TaskRunner pid=2033431)[0m              'resume_from_path': None,
[36m(TaskRunner pid=2033431)[0m              'resume_mode': 'auto',
[36m(TaskRunner pid=2033431)[0m              'rollout_data_dir': None,
[36m(TaskRunner pid=2033431)[0m              'save_freq': 20,
[36m(TaskRunner pid=2033431)[0m              'test_freq': 10,
[36m(TaskRunner pid=2033431)[0m              'total_epochs': 2,
[36m(TaskRunner pid=2033431)[0m              'total_training_steps': None,
[36m(TaskRunner pid=2033431)[0m              'val_before_train': True,
[36m(TaskRunner pid=2033431)[0m              'val_only': False,
[36m(TaskRunner pid=2033431)[0m              'validation_data_dir': None},
[36m(TaskRunner pid=2033431)[0m  'transfer_queue': {'backend': {'MooncakeStore': {'auto_init': False,
[36m(TaskRunner pid=2033431)[0m                                                   'device_name': '',
[36m(TaskRunner pid=2033431)[0m                                                   'global_segment_size': 4294967296,
[36m(TaskRunner pid=2033431)[0m                                                   'local_buffer_size': 1073741824,
[36m(TaskRunner pid=2033431)[0m                                                   'local_hostname': 'localhost',
[36m(TaskRunner pid=2033431)[0m                                                   'master_server_address': 'localhost:50124',
[36m(TaskRunner pid=2033431)[0m                                                   'metadata_server': 'localhost:50123',
[36m(TaskRunner pid=2033431)[0m                                                   'protocol': 'tcp'},
[36m(TaskRunner pid=2033431)[0m                                 'SimpleStorage': {'num_data_storage_units': 8,
[36m(TaskRunner pid=2033431)[0m                                                   'total_storage_size': 100000},
[36m(TaskRunner pid=2033431)[0m                                 'storage_backend': 'SimpleStorage'},
[36m(TaskRunner pid=2033431)[0m                     'enable': False,
[36m(TaskRunner pid=2033431)[0m                     'metrics': {'enabled': False, 'port': 0}}}
[36m(TaskRunner pid=2033431)[0m [validate_config] All configuration checks passed successfully!
[36m(TaskRunner pid=2033431)[0m Using dataset class: RLHFDataset
[36m(TaskRunner pid=2033431)[0m dataset len: 7473
[36m(TaskRunner pid=2033431)[0m filter dataset len: 7473
[36m(TaskRunner pid=2033431)[0m Using dataset class: RLHFDataset
[36m(TaskRunner pid=2033431)[0m dataset len: 1319
[36m(TaskRunner pid=2033431)[0m filter dataset len: 1319
[36m(TaskRunner pid=2033431)[0m Size of train dataloader: 116, Size of val dataloader: 1
[36m(TaskRunner pid=2033431)[0m Total training steps: 232
[36m(TaskRunner pid=2033431)[0m colocated worker base class <class 'verl.single_controller.base.worker.Worker'>
[36m(WorkerDict pid=2034617)[0m [Gloo] Rank 0 is connected to 3 peer ranks. Expected number of connected peer ranks is : 3
[36m(WorkerDict pid=2034617)[0m Warning: Failed to set NUMA affinity: libnuma.so: cannot open shared object file: No such file or directory
[36m(WorkerDict pid=2034617)[0m Monkey patch _flash_attention_forward in transformers.integrations.flash_attention
[36m(WorkerDict pid=2034617)[0m Skipping monkey patch for Qwen3ForCausalLM as use_fused_kernels is False or fused_kernels_backend is torch
[36m(WorkerDict pid=2034619)[0m [Gloo] Rank 2 is connected to 3 peer ranks. Expected number of connected peer ranks is : 3[32m [repeated 3x across cluster][0m
[36m(WorkerDict pid=2034619)[0m Warning: Failed to set NUMA affinity: libnuma.so: cannot open shared object file: No such file or directory[32m [repeated 3x across cluster][0m
[36m(WorkerDict pid=2034617)[0m Qwen3ForCausalLM contains 4.02B parameters
[36m(WorkerDict pid=2034617)[0m Before FSDP, memory allocated (GB): 0.00, memory reserved (GB): 0.00, device memory used/total (GB): 0.42/44.52
[36m(WorkerDict pid=2034619)[0m Monkey patch _flash_attention_forward in transformers.integrations.flash_attention[32m [repeated 3x across cluster][0m
[36m(WorkerDict pid=2034619)[0m Skipping monkey patch for Qwen3ForCausalLM as use_fused_kernels is False or fused_kernels_backend is torch[32m [repeated 3x across cluster][0m
[36m(WorkerDict pid=2034618)[0m Warning: Failed to set NUMA affinity: libnuma.so: cannot open shared object file: No such file or directory
[36m(WorkerDict pid=2034619)[0m Warning: Failed to set NUMA affinity: libnuma.so: cannot open shared object file: No such file or directory
[36m(WorkerDict pid=2034617)[0m After FSDP, memory allocated (GB): 0.00, memory reserved (GB): 4.04, device memory used/total (GB): 4.66/44.52
[36m(WorkerDict pid=2034620)[0m Monkey patch _flash_attention_forward in transformers.integrations.flash_attention
[36m(WorkerDict pid=2034620)[0m Skipping monkey patch for Qwen3ForCausalLM as use_fused_kernels is False or fused_kernels_backend is torch
[36m(WorkerDict pid=2034617)[0m Warning: Failed to set NUMA affinity: libnuma.so: cannot open shared object file: No such file or directory[32m [repeated 2x across cluster][0m
[36m(WorkerDict pid=2034618)[0m Monkey patch _flash_attention_forward in transformers.integrations.flash_attention
[36m(WorkerDict pid=2034618)[0m Skipping monkey patch for Qwen3ForCausalLM as use_fused_kernels is False or fused_kernels_backend is torch
[36m(WorkerDict pid=2034617)[0m Qwen3ForCausalLM contains 4.02B parameters
[36m(WorkerDict pid=2034617)[0m Before FSDP, memory allocated (GB): 0.00, memory reserved (GB): 4.04, device memory used/total (GB): 4.66/44.52
[36m(WorkerDict pid=2034617)[0m After FSDP, memory allocated (GB): 3.75, memory reserved (GB): 7.22, device memory used/total (GB): 7.84/44.52
[36m(WorkerDict pid=2034617)[0m Total steps: 232, num_warmup_steps: 0
[36m(WorkerDict pid=2034617)[0m NCCL version 2.27.3+cuda12.9
[36m(WorkerDict pid=2034617)[0m [Gloo] Rank 0 is connected to 3 peer ranks. Expected number of connected peer ranks is : 3
[36m(WorkerDict pid=2034617)[0m [Gloo] Rank 0 is connected to 0 peer ranks. Expected number of connected peer ranks is : 0
[36m(WorkerDict pid=2034617)[0m [Gloo] Rank 0 is connected to 0 peer ranks. Expected number of connected peer ranks is : 0
[36m(WorkerDict pid=2034617)[0m Monkey patch _flash_attention_forward in transformers.integrations.flash_attention[32m [repeated 2x across cluster][0m
[36m(WorkerDict pid=2034617)[0m Skipping monkey patch for Qwen3ForCausalLM as use_fused_kernels is False or fused_kernels_backend is torch[32m [repeated 2x across cluster][0m
[36m(TaskRunner pid=2033431)[0m WARNING 06-28 19:07:34 [api_server.py:1213] LoRA dynamic loading & unloading is enabled in the API server. This should ONLY be used for local development!
[36m(WorkerDict pid=2034619)[0m [Gloo] Rank 0 is connected to 0 peer ranks. Expected number of connected peer ranks is : 0[32m [repeated 9x across cluster][0m
[36m(pid=2036618)[0m WARNING 06-28 19:07:52 [api_server.py:1213] LoRA dynamic loading & unloading is enabled in the API server. This should ONLY be used for local development!
[36m(pid=2036627)[0m WARNING 06-28 19:07:53 [api_server.py:1213] LoRA dynamic loading & unloading is enabled in the API server. This should ONLY be used for local development!
[36m(vLLMHttpServer pid=2036618)[0m ['serve',
[36m(vLLMHttpServer pid=2036618)[0m  'Qwen/Qwen3-4B',
[36m(vLLMHttpServer pid=2036618)[0m  '--dtype',
[36m(vLLMHttpServer pid=2036618)[0m  'bfloat16',
[36m(vLLMHttpServer pid=2036618)[0m  '--load_format',
[36m(vLLMHttpServer pid=2036618)[0m  'dummy',
[36m(vLLMHttpServer pid=2036618)[0m  '--distributed_executor_backend',
[36m(vLLMHttpServer pid=2036618)[0m  'mp',
[36m(vLLMHttpServer pid=2036618)[0m  '--worker_extension_cls',
[36m(vLLMHttpServer pid=2036618)[0m  'verl.workers.rollout.vllm_rollout.utils.vLLMColocateWorkerExtension',
[36m(vLLMHttpServer pid=2036618)[0m  '--max_model_len',
[36m(vLLMHttpServer pid=2036618)[0m  '40960',
[36m(vLLMHttpServer pid=2036618)[0m  '--max_num_seqs',
[36m(vLLMHttpServer pid=2036618)[0m  '1024',
[36m(vLLMHttpServer pid=2036618)[0m  '--enable_chunked_prefill',
[36m(vLLMHttpServer pid=2036618)[0m  '--max_num_batched_tokens',
[36m(vLLMHttpServer pid=2036618)[0m  '8192',
[36m(vLLMHttpServer pid=2036618)[0m  '--enable_prefix_caching',
[36m(vLLMHttpServer pid=2036618)[0m  '--enable_sleep_mode',
[36m(vLLMHttpServer pid=2036618)[0m  '--logprobs_mode',
[36m(vLLMHttpServer pid=2036618)[0m  'processed_logprobs',
[36m(vLLMHttpServer pid=2036618)[0m  '--gpu_memory_utilization',
[36m(vLLMHttpServer pid=2036618)[0m  '0.75',
[36m(vLLMHttpServer pid=2036618)[0m  '--disable_log_stats',
[36m(vLLMHttpServer pid=2036618)[0m  '--tensor_parallel_size',
[36m(vLLMHttpServer pid=2036618)[0m  '1',
[36m(vLLMHttpServer pid=2036618)[0m  '--seed',
[36m(vLLMHttpServer pid=2036618)[0m  '0',
[36m(vLLMHttpServer pid=2036618)[0m  '--override_generation_config',
[36m(vLLMHttpServer pid=2036618)[0m  '{"temperature": 1.0, "top_k": -1, "top_p": 1, "repetition_penalty": 1.0, '
[36m(vLLMHttpServer pid=2036618)[0m  '"max_new_tokens": 1024}',
[36m(vLLMHttpServer pid=2036618)[0m  '--hf_overrides',
[36m(vLLMHttpServer pid=2036618)[0m  '{}',
[36m(vLLMHttpServer pid=2036618)[0m  '--scheduling_policy',
[36m(vLLMHttpServer pid=2036618)[0m  'fcfs',
[36m(vLLMHttpServer pid=2036618)[0m  '--compilation_config',
[36m(vLLMHttpServer pid=2036618)[0m  '{"cudagraph_mode": "FULL_AND_PIECEWISE"}']
[36m(vLLMHttpServer pid=2036627)[0m WARNING 06-28 19:07:56 [__init__.py:3036] We must use the `spawn` multiprocessing start method. Overriding VLLM_WORKER_MULTIPROC_METHOD to 'spawn'. See https://docs.vllm.ai/en/latest/usage/troubleshooting.html#python-multiprocessing for more information. Reasons: In a Ray actor and can only be spawned; CUDA is initialized
[36m(vLLMHttpServer pid=2036627)[0m [Gloo] Rank 0 is connected to 0 peer ranks. Expected number of connected peer ranks is : 0
[36m(vLLMHttpServer pid=2036627)[0m [Gloo] Rank 0 is connected to 0 peer ranks. Expected number of connected peer ranks is : 0
[36m(vLLMHttpServer pid=2036627)[0m [Gloo] Rank 0 is connected to 0 peer ranks. Expected number of connected peer ranks is : 0
[36m(vLLMHttpServer pid=2036627)[0m [Gloo] Rank 0 is connected to 0 peer ranks. Expected number of connected peer ranks is : 0
[36m(vLLMHttpServer pid=2036627)[0m [Gloo] Rank 0 is connected to 0 peer ranks. Expected number of connected peer ranks is : 0
[36m(vLLMHttpServer pid=2036627)[0m [Gloo] Rank 0 is connected to 0 peer ranks. Expected number of connected peer ranks is : 0
[36m(pid=2036633)[0m WARNING 06-28 19:07:53 [api_server.py:1213] LoRA dynamic loading & unloading is enabled in the API server. This should ONLY be used for local development![32m [repeated 2x across cluster][0m
[36m(vLLMHttpServer pid=2036633)[0m WARNING 06-28 19:07:56 [__init__.py:3036] We must use the `spawn` multiprocessing start method. Overriding VLLM_WORKER_MULTIPROC_METHOD to 'spawn'. See https://docs.vllm.ai/en/latest/usage/troubleshooting.html#python-multiprocessing for more information. Reasons: In a Ray actor and can only be spawned; CUDA is initialized[32m [repeated 3x across cluster][0m
[36m(vLLMHttpServer pid=2036633)[0m WARNING 06-28 19:09:20 [model.py:1389] Default sampling parameters have been overridden by the model's Hugging Face generation config recommended from the model creator. If this is not intended, please relaunch vLLM instance with `--generation-config vllm`.
[36m(vLLMHttpServer pid=2036633)[0m [Gloo] Rank 0 is connected to 0 peer ranks. Expected number of connected peer ranks is : 0[32m [repeated 18x across cluster][0m
[36m(TaskRunner pid=2033431)[0m LLMServerManager: ['192.168.26.16:36629', '192.168.26.16:36041', '192.168.26.16:34651', '192.168.26.16:44015']
[36m(TaskRunner pid=2033431)[0m Checkpoint tracker file does not exist: /home/yw784/Projects/RL/verl/checkpoints/grpo_rlvr_math/qwen3_4b_gsm8k/latest_checkpointed_iteration.txt
[36m(TaskRunner pid=2033431)[0m Training from scratch
[36m(vLLMHttpServer pid=2036618)[0m WARNING 06-28 19:09:23 [model.py:1389] Default sampling parameters have been overridden by the model's Hugging Face generation config recommended from the model creator. If this is not intended, please relaunch vLLM instance with `--generation-config vllm`.[32m [repeated 3x across cluster][0m
[36m(WorkerDict pid=2034617)[0m WARNING 06-28 19:09:31 [api_server.py:1213] LoRA dynamic loading & unloading is enabled in the API server. This should ONLY be used for local development!
[36m(TaskRunner pid=2033431)[0m test_gen_batch meta info: {'eos_token_id': 151645, 'pad_token_id': 151643, 'recompute_log_prob': False, 'do_sample': False, 'validate': True, 'global_steps': 0}
[36m(AgentLoopWorker pid=2039386)[0m Using dataset class: RLHFDataset
[36m(WorkerDict pid=2034619)[0m WARNING 06-28 19:09:31 [api_server.py:1213] LoRA dynamic loading & unloading is enabled in the API server. This should ONLY be used for local development![32m [repeated 3x across cluster][0m
[36m(AgentLoopWorker pid=2039397)[0m Using dataset class: RLHFDataset[32m [repeated 7x across cluster][0m
[36m(AgentLoopWorker pid=2039382)[0m WARNING 06-28 19:09:50 [api_server.py:1213] LoRA dynamic loading & unloading is enabled in the API server. This should ONLY be used for local development![32m [repeated 2x across cluster][0m
[36m(TaskRunner pid=2033431)[0m validation generation end
[36m(AgentLoopWorker pid=2039354)[0m WARNING 06-28 19:09:51 [api_server.py:1213] LoRA dynamic loading & unloading is enabled in the API server. This should ONLY be used for local development![32m [repeated 7x across cluster][0m
[36m(TaskRunner pid=2033431)[0m ("Initial validation metrics: {'val-aux/openai/gsm8k/reward/mean@1': "
[36m(TaskRunner pid=2033431)[0m  "np.float64(0.38741470811220624), 'val-core/openai/gsm8k/acc/mean@1': "
[36m(TaskRunner pid=2033431)[0m  "np.float64(0.38741470811220624), 'val-aux/num_turns/min': np.int32(2), "
[36m(TaskRunner pid=2033431)[0m  "'val-aux/num_turns/max': np.int32(2), 'val-aux/num_turns/mean': "
[36m(TaskRunner pid=2033431)[0m  'np.float64(2.0)}')
[36m(TaskRunner pid=2033431)[0m step:0 - val-aux/openai/gsm8k/reward/mean@1:np.float64(0.38741470811220624) - val-core/openai/gsm8k/acc/mean@1:np.float64(0.38741470811220624) - val-aux/num_turns/min:np.int32(2) - val-aux/num_turns/max:np.int32(2) - val-aux/num_turns/mean:np.float64(2.0)
[36m(TaskRunner pid=2033431)[0m step:1 - global_seqlen/min:110786 - global_seqlen/max:121956 - global_seqlen/minmax_diff:11170 - global_seqlen/balanced_min:117332 - global_seqlen/balanced_max:117333 - global_seqlen/mean:117332.25 - actor/entropy:0.17767563462257385 - perf/mfu/actor_infer:0.058638988629430955 - actor/pg_clipfrac:np.float64(0.0011235487072553951) - actor/ppo_kl:np.float64(5.730466629216835e-05) - actor/pg_clipfrac_lower:np.float64(0.0) - actor/pg_loss:np.float64(0.029110546311130747) - actor/kl_loss:np.float64(0.00036818697253693244) - actor/kl_coef:np.float64(0.0010000000000000005) - actor/loss:np.float64(0.02911091549322009) - actor/grad_norm:np.float64(0.3544556200504303) - actor/perf/max_memory_allocated_gb:np.float64(19.489280223846436) - actor/perf/max_memory_reserved_gb:np.float64(25.025390625) - actor/perf/cpu_memory_used_gb:np.float64(124.04544448852539) - actor/lr:np.float64(1e-06) - perf/mfu/actor:np.float64(0.04564886566053218) - training/global_step:1 - training/epoch:0 - critic/score/mean:0.41796875 - critic/score/max:1.0 - critic/score/min:0.0 - critic/rewards/mean:0.41796875 - critic/rewards/max:1.0 - critic/rewards/min:0.0 - critic/advantages/mean:-0.02901592291891575 - critic/advantages/max:2.4748666286468506 - critic/advantages/min:-2.4748666286468506 - critic/returns/mean:-0.02901592291891575 - critic/returns/max:2.4748666286468506 - critic/returns/min:-2.4748666286468506 - response_length/mean:829.986328125 - response_length/max:1024.0 - response_length/min:234.0 - response_length/clip_ratio:0.404296875 - response_length_non_aborted/mean:829.986328125 - response_length_non_aborted/max:1024.0 - response_length_non_aborted/min:234.0 - response_length_non_aborted/clip_ratio:0.404296875 - response/aborted_ratio:0.0 - prompt_length/mean:86.671875 - prompt_length/max:163.0 - prompt_length/min:53.0 - prompt_length/clip_ratio:0.0 - num_turns/min:np.int32(2) - num_turns/max:np.int32(2) - num_turns/mean:np.float64(2.0) - timing_s/start_profile:0.0004232563078403473 - timing_s/agent_loop/num_preempted/min:np.int64(-1) - timing_s/agent_loop/num_preempted/max:np.int64(-1) - timing_s/agent_loop/num_preempted/mean:np.float64(-1.0) - timing_s/agent_loop/generate_sequences/min:np.float64(6.139383368194103) - timing_s/agent_loop/generate_sequences/max:np.float64(30.989973708987236) - timing_s/agent_loop/generate_sequences/mean:np.float64(24.58577430425794) - timing_s/agent_loop/tool_calls/min:np.float64(0.0) - timing_s/agent_loop/tool_calls/max:np.float64(0.0) - timing_s/agent_loop/tool_calls/mean:np.float64(0.0) - timing_s/agent_loop/compute_score/min:np.float64(0.006526559591293335) - timing_s/agent_loop/compute_score/max:np.float64(0.07574819028377533) - timing_s/agent_loop/compute_score/mean:np.float64(0.016746335924835876) - timing_s/agent_loop/slowest/generate_sequences:np.float64(30.989973708987236) - timing_s/agent_loop/slowest/tool_calls:np.float64(0.0) - timing_s/agent_loop/slowest/compute_score:np.float64(0.009458012878894806) - timing_s/agent_loop/slowest/num_preempted:np.int64(-1) - timing_s/agent_loop/slowest/prompt_length:121 - timing_s/agent_loop/slowest/response_length:1024 - timing_s/gen:32.17567102983594 - timing_s/reward:3.840029239654541e-05 - timing_s/old_log_prob:51.14537241309881 - timing_s/ref:74.5274740755558 - timing_s/adv:0.018799275159835815 - timing_s/update_actor:195.4414971768856 - timing_s/update_weights:4.6318862698972225 - timing_s/step:358.1238847374916 - timing_s/stop_profile:0.00013557448983192444 - timing_per_token_ms/gen:0.07571583452719698 - timing_per_token_ms/update_actor:0.4164274894091045 - timing_per_token_ms/ref:0.1587958001222081 - timing_per_token_ms/adv:4.005564360999601e-05 - perf/total_num_tokens:469329 - perf/time_per_step:358.1238847374916 - perf/throughput:327.63033966864765
[36m(TaskRunner pid=2033431)[0m step:2 - global_seqlen/min:107225 - global_seqlen/max:114244 - global_seqlen/minmax_diff:7019 - global_seqlen/balanced_min:112296 - global_seqlen/balanced_max:112297 - global_seqlen/mean:112296.5 - actor/entropy:0.16077271103858948 - perf/mfu/actor_infer:0.059750086492459775 - actor/pg_clipfrac:np.float64(0.0012922940534281224) - actor/ppo_kl:np.float64(4.613112336215863e-05) - actor/pg_clipfrac_lower:np.float64(4.1912553570000455e-06) - actor/pg_loss:np.float64(0.02882748538877422) - actor/kl_loss:np.float64(0.0009053391696625113) - actor/kl_coef:np.float64(0.0010000000000000005) - actor/loss:np.float64(0.02882839273661375) - actor/grad_norm:np.float64(0.4671258330345154) - actor/perf/max_memory_allocated_gb:np.float64(20.273035049438477) - actor/perf/max_memory_reserved_gb:np.float64(34.15625) - actor/perf/cpu_memory_used_gb:np.float64(123.72072982788086) - actor/lr:np.float64(1e-06) - perf/mfu/actor:np.float64(0.04361368066930325) - training/global_step:2 - training/epoch:0 - critic/score/mean:0.482421875 - critic/score/max:1.0 - critic/score/min:0.0 - critic/rewards/mean:0.482421875 - critic/rewards/max:1.0 - critic/rewards/min:0.0 - critic/advantages/mean:-0.02877415157854557 - critic/advantages/max:2.4748666286468506 - critic/advantages/min:-2.4748666286468506 - critic/returns/mean:-0.02877415157854557 - critic/returns/max:2.4748666286468506 - critic/returns/min:-2.4748666286468506 - response_length/mean:794.61328125 - response_length/max:1024.0 - response_length/min:347.0 - response_length/clip_ratio:0.333984375 - response_length_non_aborted/mean:794.61328125 - response_length_non_aborted/max:1024.0 - response_length_non_aborted/min:347.0 - response_length_non_aborted/clip_ratio:0.333984375 - response/aborted_ratio:0.0 - prompt_length/mean:82.703125 - prompt_length/max:162.0 - prompt_length/min:55.0 - prompt_length/clip_ratio:0.0 - num_turns/min:np.int32(2) - num_turns/max:np.int32(2) - num_turns/mean:np.float64(2.0) - timing_s/start_profile:0.00012196600437164307 - timing_s/agent_loop/num_preempted/min:np.int64(-1) - timing_s/agent_loop/num_preempted/max:np.int64(-1) - timing_s/agent_loop/num_preempted/mean:np.float64(-1.0) - timing_s/agent_loop/generate_sequences/min:np.float64(9.162321403622627) - timing_s/agent_loop/generate_sequences/max:np.float64(30.2059663310647) - timing_s/agent_loop/generate_sequences/mean:np.float64(23.09274008031207) - timing_s/agent_loop/tool_calls/min:np.float64(0.0) - timing_s/agent_loop/tool_calls/max:np.float64(0.0) - timing_s/agent_loop/tool_calls/mean:np.float64(0.0) - timing_s/agent_loop/compute_score/min:np.float64(0.0062113068997859955) - timing_s/agent_loop/compute_score/max:np.float64(0.08243724703788757) - timing_s/agent_loop/compute_score/mean:np.float64(0.013568941576522775) - timing_s/agent_loop/slowest/generate_sequences:np.float64(30.2059663310647) - timing_s/agent_loop/slowest/tool_calls:np.float64(0.0) - timing_s/agent_loop/slowest/compute_score:np.float64(0.009974177926778793) - timing_s/agent_loop/slowest/num_preempted:np.int64(-1) - timing_s/agent_loop/slowest/prompt_length:69 - timing_s/agent_loop/slowest/response_length:1024 - timing_s/gen:31.369870711117983 - timing_s/reward:2.8114765882492065e-05 - timing_s/old_log_prob:47.94169493019581 - timing_s/ref:65.46796065196395 - timing_s/adv:0.017964329570531845 - timing_s/update_actor:195.28180646151304 - timing_s/update_weights:4.622559633105993 - timing_s/step:344.8514483310282 - timing_s/stop_profile:0.00017252936959266663 - timing_per_token_ms/gen:0.07710578237035012 - timing_per_token_ms/update_actor:0.43474597708190604 - timing_per_token_ms/ref:0.14574799894022508 - timing_per_token_ms/adv:3.999307540869895e-05 - perf/total_num_tokens:449186 - perf/time_per_step:344.8514483310282 - perf/throughput:325.63731584564744
[36m(TaskRunner pid=2033431)[0m step:3 - global_seqlen/min:106945 - global_seqlen/max:113690 - global_seqlen/minmax_diff:6745 - global_seqlen/balanced_min:109535 - global_seqlen/balanced_max:109537 - global_seqlen/mean:109535.75 - actor/entropy:0.1563289314508438 - perf/mfu/actor_infer:0.05811848254291598 - actor/pg_clipfrac:np.float64(0.00130748420542659) - actor/ppo_kl:np.float64(0.00020357087160505216) - actor/pg_clipfrac_lower:np.float64(0.0) - actor/pg_loss:np.float64(0.03398077746351191) - actor/kl_loss:np.float64(0.0015394986915566733) - actor/kl_coef:np.float64(0.0010000000000000005) - actor/loss:np.float64(0.03398231416940689) - actor/grad_norm:np.float64(0.3664087802171707) - actor/perf/max_memory_allocated_gb:np.float64(20.273035049438477) - actor/perf/max_memory_reserved_gb:np.float64(34.15625) - actor/perf/cpu_memory_used_gb:np.float64(124.58120536804199) - actor/lr:np.float64(1e-06) - perf/mfu/actor:np.float64(0.04276431903499732) - training/global_step:3 - training/epoch:0 - critic/score/mean:0.546875 - critic/score/max:1.0 - critic/score/min:0.0 - critic/rewards/mean:0.546875 - critic/rewards/max:1.0 - critic/rewards/min:0.0 - critic/advantages/mean:-0.033917319029569626 - critic/advantages/max:2.4748666286468506 - critic/advantages/min:-2.4748666286468506 - critic/returns/mean:-0.033917319029569626 - critic/returns/max:2.4748666286468506 - critic/returns/min:-2.4748666286468506 - response_length/mean:774.310546875 - response_length/max:1024.0 - response_length/min:239.0 - response_length/clip_ratio:0.318359375 - response_length_non_aborted/mean:774.310546875 - response_length_non_aborted/max:1024.0 - response_length_non_aborted/min:239.0 - response_length_non_aborted/clip_ratio:0.318359375 - response/aborted_ratio:0.0 - prompt_length/mean:81.4375 - prompt_length/max:181.0 - prompt_length/min:52.0 - prompt_length/clip_ratio:0.0 - num_turns/min:np.int32(2) - num_turns/max:np.int32(2) - num_turns/mean:np.float64(2.0) - timing_s/start_profile:0.00016023963689804077 - timing_s/agent_loop/num_preempted/min:np.int64(-1) - timing_s/agent_loop/num_preempted/max:np.int64(-1) - timing_s/agent_loop/num_preempted/mean:np.float64(-1.0) - timing_s/agent_loop/generate_sequences/min:np.float64(6.133694920688868) - timing_s/agent_loop/generate_sequences/max:np.float64(29.440774846822023) - timing_s/agent_loop/generate_sequences/mean:np.float64(21.821805032683187) - timing_s/agent_loop/tool_calls/min:np.float64(0.0) - timing_s/agent_loop/tool_calls/max:np.float64(0.0) - timing_s/agent_loop/tool_calls/mean:np.float64(0.0) - timing_s/agent_loop/compute_score/min:np.float64(0.006188869476318359) - timing_s/agent_loop/compute_score/max:np.float64(0.10361369699239731) - timing_s/agent_loop/compute_score/mean:np.float64(0.017035401579050813) - timing_s/agent_loop/slowest/generate_sequences:np.float64(29.38841276243329) - timing_s/agent_loop/slowest/tool_calls:np.float64(0.0) - timing_s/agent_loop/slowest/compute_score:np.float64(0.06440279260277748) - timing_s/agent_loop/slowest/num_preempted:np.int64(-1) - timing_s/agent_loop/slowest/prompt_length:123 - timing_s/agent_loop/slowest/response_length:1024 - timing_s/gen:30.546443670988083 - timing_s/reward:3.2704323530197144e-05 - timing_s/old_log_prob:48.05421759188175 - timing_s/ref:65.60657492652535 - timing_s/adv:0.017331980168819427 - timing_s/update_actor:193.87020840123296 - timing_s/update_weights:4.68986389040947 - timing_s/step:342.9764792583883 - timing_s/stop_profile:0.00016005709767341614 - timing_per_token_ms/gen:0.07705051033552551 - timing_per_token_ms/update_actor:0.44248158341279664 - timing_per_token_ms/ref:0.14973781374237488 - timing_per_token_ms/adv:3.9557815984323446e-05 - perf/total_num_tokens:438143 - perf/time_per_step:342.9764792583883 - perf/throughput:319.3681101306047
[36m(TaskRunner pid=2033431)[0m step:4 - global_seqlen/min:106936 - global_seqlen/max:118143 - global_seqlen/minmax_diff:11207 - global_seqlen/balanced_min:111982 - global_seqlen/balanced_max:111983 - global_seqlen/mean:111982.75 - actor/entropy:0.16530804336071014 - perf/mfu/actor_infer:0.05915294247493428 - actor/pg_clipfrac:np.float64(0.0011171723383540666) - actor/ppo_kl:np.float64(-2.2498342460153253e-05) - actor/pg_clipfrac_lower:np.float64(0.0) - actor/pg_loss:np.float64(0.03471281471070142) - actor/kl_loss:np.float64(0.0025120709449311107) - actor/kl_coef:np.float64(0.0010000000000000005) - actor/loss:np.float64(0.03471532464027405) - actor/grad_norm:np.float64(0.3486916273832321) - actor/perf/max_memory_allocated_gb:np.float64(20.273035049438477) - actor/perf/max_memory_reserved_gb:np.float64(34.158203125) - actor/perf/cpu_memory_used_gb:np.float64(124.21993064880371) - actor/lr:np.float64(1e-06) - perf/mfu/actor:np.float64(0.04345159368122632) - training/global_step:4 - training/epoch:0 - critic/score/mean:0.603515625 - critic/score/max:1.0 - critic/score/min:0.0 - critic/rewards/mean:0.603515625 - critic/rewards/max:1.0 - critic/rewards/min:0.0 - critic/advantages/mean:-0.03480079397559166 - critic/advantages/max:2.4748666286468506 - critic/advantages/min:-2.4748666286468506 - critic/returns/mean:-0.03480079397559166 - critic/returns/max:2.4748666286468506 - critic/returns/min:-2.4748666286468506 - response_length/mean:783.240234375 - response_length/max:1024.0 - response_length/min:314.0 - response_length/clip_ratio:0.33203125 - response_length_non_aborted/mean:783.240234375 - response_length_non_aborted/max:1024.0 - response_length_non_aborted/min:314.0 - response_length_non_aborted/clip_ratio:0.33203125 - response/aborted_ratio:0.0 - prompt_length/mean:91.625 - prompt_length/max:201.0 - prompt_length/min:52.0 - prompt_length/clip_ratio:0.0 - num_turns/min:np.int32(2) - num_turns/max:np.int32(2) - num_turns/mean:np.float64(2.0) - timing_s/start_profile:8.90493392944336e-05 - timing_s/agent_loop/num_preempted/min:np.int64(-1) - timing_s/agent_loop/num_preempted/max:np.int64(-1) - timing_s/agent_loop/num_preempted/mean:np.float64(-1.0) - timing_s/agent_loop/generate_sequences/min:np.float64(8.24201599135995) - timing_s/agent_loop/generate_sequences/max:np.float64(29.5321073718369) - timing_s/agent_loop/generate_sequences/mean:np.float64(22.357042456627823) - timing_s/agent_loop/tool_calls/min:np.float64(0.0) - timing_s/agent_loop/tool_calls/max:np.float64(0.0) - timing_s/agent_loop/tool_calls/mean:np.float64(0.0) - timing_s/agent_loop/compute_score/min:np.float64(0.006982941180467606) - timing_s/agent_loop/compute_score/max:np.float64(0.05890008434653282) - timing_s/agent_loop/compute_score/mean:np.float64(0.01370894763385877) - timing_s/agent_loop/slowest/generate_sequences:np.float64(29.51547474041581) - timing_s/agent_loop/slowest/tool_calls:np.float64(0.0) - timing_s/agent_loop/slowest/compute_score:np.float64(0.026641085743904114) - timing_s/agent_loop/slowest/num_preempted:np.int64(-1) - timing_s/agent_loop/slowest/prompt_length:201 - timing_s/agent_loop/slowest/response_length:1024 - timing_s/gen:30.713358126580715 - timing_s/reward:3.0308961868286133e-05 - timing_s/old_log_prob:48.56265151873231 - timing_s/ref:65.43948172405362 - timing_s/adv:0.01691499352455139 - timing_s/update_actor:195.18723511695862 - timing_s/update_weights:4.823567491024733 - timing_s/step:344.8895113989711 - timing_s/stop_profile:0.00016859546303749084 - timing_per_token_ms/gen:0.07658828665619513 - timing_per_token_ms/update_actor:0.4357529064006702 - timing_per_token_ms/ref:0.14609277260125694 - timing_per_token_ms/adv:3.776249807347871e-05 - perf/total_num_tokens:447931 - perf/time_per_step:344.8895113989711 - perf/throughput:324.691665878054
[36m(TaskRunner pid=2033431)[0m step:5 - global_seqlen/min:105792 - global_seqlen/max:117465 - global_seqlen/minmax_diff:11673 - global_seqlen/balanced_min:111862 - global_seqlen/balanced_max:111864 - global_seqlen/mean:111862.75 - actor/entropy:0.1698739230632782 - perf/mfu/actor_infer:0.05927354936628571 - actor/pg_clipfrac:np.float64(0.0009789994458060391) - actor/ppo_kl:np.float64(0.000178212624533991) - actor/pg_clipfrac_lower:np.float64(0.0) - actor/pg_loss:np.float64(0.03335044433333678) - actor/kl_loss:np.float64(0.003361291726378113) - actor/kl_coef:np.float64(0.0010000000000000005) - actor/loss:np.float64(0.033353802282363176) - actor/grad_norm:np.float64(0.28823845088481903) - actor/perf/max_memory_allocated_gb:np.float64(20.273035049438477) - actor/perf/max_memory_reserved_gb:np.float64(34.158203125) - actor/perf/cpu_memory_used_gb:np.float64(123.50126647949219) - actor/lr:np.float64(1e-06) - perf/mfu/actor:np.float64(0.04356876525549032) - training/global_step:5 - training/epoch:0 - critic/score/mean:0.544921875 - critic/score/max:1.0 - critic/score/min:0.0 - critic/rewards/mean:0.544921875 - critic/rewards/max:1.0 - critic/rewards/min:0.0 - critic/advantages/mean:-0.0334261916577816 - critic/advantages/max:2.4748666286468506 - critic/advantages/min:-2.4748666286468506 - critic/returns/mean:-0.0334261916577816 - critic/returns/max:2.4748666286468506 - critic/returns/min:-2.4748666286468506 - response_length/mean:790.568359375 - response_length/max:1024.0 - response_length/min:330.0 - response_length/clip_ratio:0.380859375 - response_length_non_aborted/mean:790.568359375 - response_length_non_aborted/max:1024.0 - response_length_non_aborted/min:330.0 - response_length_non_aborted/clip_ratio:0.380859375 - response/aborted_ratio:0.0 - prompt_length/mean:83.359375 - prompt_length/max:158.0 - prompt_length/min:52.0 - prompt_length/clip_ratio:0.0 - num_turns/min:np.int32(2) - num_turns/max:np.int32(2) - num_turns/mean:np.float64(2.0) - timing_s/start_profile:9.268894791603088e-05 - timing_s/agent_loop/num_preempted/min:np.int64(-1) - timing_s/agent_loop/num_preempted/max:np.int64(-1) - timing_s/agent_loop/num_preempted/mean:np.float64(-1.0) - timing_s/agent_loop/generate_sequences/min:np.float64(8.639544513076544) - timing_s/agent_loop/generate_sequences/max:np.float64(29.84699421003461) - timing_s/agent_loop/generate_sequences/mean:np.float64(22.53650670195202) - timing_s/agent_loop/tool_calls/min:np.float64(0.0) - timing_s/agent_loop/tool_calls/max:np.float64(0.0) - timing_s/agent_loop/tool_calls/mean:np.float64(0.0) - timing_s/agent_loop/compute_score/min:np.float64(0.005948610603809357) - timing_s/agent_loop/compute_score/max:np.float64(0.08906768634915352) - timing_s/agent_loop/compute_score/mean:np.float64(0.014790635796089191) - timing_s/agent_loop/slowest/generate_sequences:np.float64(29.770806916058064) - timing_s/agent_loop/slowest/tool_calls:np.float64(0.0) - timing_s/agent_loop/slowest/compute_score:np.float64(0.08906768634915352) - timing_s/agent_loop/slowest/num_preempted:np.int64(-1) - timing_s/agent_loop/slowest/prompt_length:60 - timing_s/agent_loop/slowest/response_length:1024 - timing_s/gen:31.51588773727417 - timing_s/reward:3.0156224966049194e-05 - timing_s/old_log_prob:48.48425701260567 - timing_s/ref:65.33901357278228 - timing_s/adv:0.01695483922958374 - timing_s/update_actor:194.4178239889443 - timing_s/update_weights:4.6591328121721745 - timing_s/step:344.5802225098014 - timing_s/stop_profile:0.0001365281641483307 - timing_per_token_ms/gen:0.07786103188537265 - timing_per_token_ms/update_actor:0.43450081458962947 - timing_per_token_ms/ref:0.14602495820275802 - timing_per_token_ms/adv:3.789205796742826e-05 - perf/total_num_tokens:447451 - perf/time_per_step:344.5802225098014 - perf/throughput:324.63485334483505
[36m(TaskRunner pid=2033431)[0m step:6 - global_seqlen/min:100766 - global_seqlen/max:122271 - global_seqlen/minmax_diff:21505 - global_seqlen/balanced_min:109592 - global_seqlen/balanced_max:109595 - global_seqlen/mean:109593.75 - actor/entropy:0.1705741435289383 - perf/mfu/actor_infer:0.05800297707360108 - actor/pg_clipfrac:np.float64(0.0012058439001521037) - actor/ppo_kl:np.float64(0.00010231114170144995) - actor/pg_clipfrac_lower:np.float64(0.0) - actor/pg_loss:np.float64(0.03846071535372175) - actor/kl_loss:np.float64(0.006062754445338214) - actor/kl_coef:np.float64(0.0010000000000000005) - actor/loss:np.float64(0.03846677578985691) - actor/grad_norm:np.float64(0.3513956815004349) - actor/perf/max_memory_allocated_gb:np.float64(20.273035049438477) - actor/perf/max_memory_reserved_gb:np.float64(34.158203125) - actor/perf/cpu_memory_used_gb:np.float64(123.67251396179199) - actor/lr:np.float64(1e-06) - perf/mfu/actor:np.float64(0.042698444581835526) - training/global_step:6 - training/epoch:0 - critic/score/mean:0.578125 - critic/score/max:1.0 - critic/score/min:0.0 - critic/rewards/mean:0.578125 - critic/rewards/max:1.0 - critic/rewards/min:0.0 - critic/advantages/mean:-0.038534976541996 - critic/advantages/max:2.4748666286468506 - critic/advantages/min:-2.4748666286468506 - critic/returns/mean:-0.038534976541996 - critic/returns/max:2.4748666286468506 - critic/returns/min:-2.4748666286468506 - response_length/mean:770.873046875 - response_length/max:1024.0 - response_length/min:219.0 - response_length/clip_ratio:0.3671875 - response_length_non_aborted/mean:770.873046875 - response_length_non_aborted/max:1024.0 - response_length_non_aborted/min:219.0 - response_length_non_aborted/clip_ratio:0.3671875 - response/aborted_ratio:0.0 - prompt_length/mean:85.328125 - prompt_length/max:180.0 - prompt_length/min:44.0 - prompt_length/clip_ratio:0.0 - num_turns/min:np.int32(2) - num_turns/max:np.int32(2) - num_turns/mean:np.float64(2.0) - timing_s/start_profile:8.80025327205658e-05 - timing_s/agent_loop/num_preempted/min:np.int64(-1) - timing_s/agent_loop/num_preempted/max:np.int64(-1) - timing_s/agent_loop/num_preempted/mean:np.float64(-1.0) - timing_s/agent_loop/generate_sequences/min:np.float64(5.560533549636602) - timing_s/agent_loop/generate_sequences/max:np.float64(29.64102664589882) - timing_s/agent_loop/generate_sequences/mean:np.float64(21.688195594600984) - timing_s/agent_loop/tool_calls/min:np.float64(0.0) - timing_s/agent_loop/tool_calls/max:np.float64(0.0) - timing_s/agent_loop/tool_calls/mean:np.float64(0.0) - timing_s/agent_loop/compute_score/min:np.float64(0.0064401403069496155) - timing_s/agent_loop/compute_score/max:np.float64(0.05534622445702553) - timing_s/agent_loop/compute_score/mean:np.float64(0.014608200246584602) - timing_s/agent_loop/slowest/generate_sequences:np.float64(29.64102664589882) - timing_s/agent_loop/slowest/tool_calls:np.float64(0.0) - timing_s/agent_loop/slowest/compute_score:np.float64(0.00855768471956253) - timing_s/agent_loop/slowest/num_preempted:np.int64(-1) - timing_s/agent_loop/slowest/prompt_length:112 - timing_s/agent_loop/slowest/response_length:1024 - timing_s/gen:30.731019876897335 - timing_s/reward:2.8874725103378296e-05 - timing_s/old_log_prob:48.497037414461374 - timing_s/ref:65.4939869120717 - timing_s/adv:0.016732107847929 - timing_s/update_actor:194.33430789783597 - timing_s/update_weights:4.67998768761754 - timing_s/step:343.90290670469403 - timing_s/stop_profile:0.0001781955361366272 - timing_per_token_ms/gen:0.07786174836490012 - timing_per_token_ms/update_actor:0.4433060915833156 - timing_per_token_ms/ref:0.14940173803723228 - timing_per_token_ms/adv:3.8168480976171086e-05 - perf/total_num_tokens:438375 - perf/time_per_step:343.90290670469403 - perf/throughput:318.6764283272169
[36m(TaskRunner pid=2033431)[0m step:7 - global_seqlen/min:80255 - global_seqlen/max:113589 - global_seqlen/minmax_diff:33334 - global_seqlen/balanced_min:99062 - global_seqlen/balanced_max:99063 - global_seqlen/mean:99062.75 - actor/entropy:0.14631082117557526 - perf/mfu/actor_infer:0.052932013736132856 - actor/pg_clipfrac:np.float64(0.0005536232927170204) - actor/ppo_kl:np.float64(-9.67640217219845e-06) - actor/pg_clipfrac_lower:np.float64(1.9073486328125e-06) - actor/pg_loss:np.float64(0.026105385390110314) - actor/kl_loss:np.float64(0.00837379369431801) - actor/kl_coef:np.float64(0.0010000000000000005) - actor/loss:np.float64(0.02611376065760851) - actor/grad_norm:np.float64(0.2672641798853874) - actor/perf/max_memory_allocated_gb:np.float64(20.273035049438477) - actor/perf/max_memory_reserved_gb:np.float64(34.158203125) - actor/perf/cpu_memory_used_gb:np.float64(123.87376022338867) - actor/lr:np.float64(1e-06) - perf/mfu/actor:np.float64(0.03866660240613222) - training/global_step:7 - training/epoch:0 - critic/score/mean:0.71875 - critic/score/max:1.0 - critic/score/min:0.0 - critic/rewards/mean:0.71875 - critic/rewards/max:1.0 - critic/rewards/min:0.0 - critic/advantages/mean:-0.02613070234656334 - critic/advantages/max:1.6201815605163574 - critic/advantages/min:-2.4748666286468506 - critic/returns/mean:-0.02613070234656334 - critic/returns/max:1.6201815605163574 - critic/returns/min:-2.4748666286468506 - response_length/mean:693.052734375 - response_length/max:1024.0 - response_length/min:243.0 - response_length/clip_ratio:0.251953125 - response_length_non_aborted/mean:693.052734375 - response_length_non_aborted/max:1024.0 - response_length_non_aborted/min:243.0 - response_length_non_aborted/clip_ratio:0.251953125 - response/aborted_ratio:0.0 - prompt_length/mean:80.875 - prompt_length/max:149.0 - prompt_length/min:52.0 - prompt_length/clip_ratio:0.0 - num_turns/min:np.int32(2) - num_turns/max:np.int32(2) - num_turns/mean:np.float64(2.0) - timing_s/start_profile:0.00016663968563079834 - timing_s/agent_loop/num_preempted/min:np.int64(-1) - timing_s/agent_loop/num_preempted/max:np.int64(-1) - timing_s/agent_loop/num_preempted/mean:np.float64(-1.0) - timing_s/agent_loop/generate_sequences/min:np.float64(6.297575011849403) - timing_s/agent_loop/generate_sequences/max:np.float64(27.614778716117144) - timing_s/agent_loop/generate_sequences/mean:np.float64(18.612613050056098) - timing_s/agent_loop/tool_calls/min:np.float64(0.0) - timing_s/agent_loop/tool_calls/max:np.float64(0.0) - timing_s/agent_loop/tool_calls/mean:np.float64(0.0) - timing_s/agent_loop/compute_score/min:np.float64(0.006701074540615082) - timing_s/agent_loop/compute_score/max:np.float64(0.06279967352747917) - timing_s/agent_loop/compute_score/mean:np.float64(0.012791672939783894) - timing_s/agent_loop/slowest/generate_sequences:np.float64(27.585696909576654) - timing_s/agent_loop/slowest/tool_calls:np.float64(0.0) - timing_s/agent_loop/slowest/compute_score:np.float64(0.041902974247932434) - timing_s/agent_loop/slowest/num_preempted:np.int64(-1) - timing_s/agent_loop/slowest/prompt_length:104 - timing_s/agent_loop/slowest/response_length:1024 - timing_s/gen:28.78557189181447 - timing_s/reward:2.6348978281021118e-05 - timing_s/old_log_prob:47.580781154334545 - timing_s/ref:65.78958429768682 - timing_s/adv:0.017814982682466507 - timing_s/update_actor:193.52948935329914 - timing_s/update_weights:4.664921581745148 - timing_s/step:340.51660285145044 - timing_s/stop_profile:0.00017626583576202393 - timing_per_token_ms/gen:0.08112199449281646 - timing_per_token_ms/update_actor:0.48840126423226476 - timing_per_token_ms/ref:0.1660300776469632 - timing_per_token_ms/adv:4.495883337194482e-05 - perf/total_num_tokens:396251 - perf/time_per_step:340.51660285145044 - perf/throughput:290.9190012189094
[36m(TaskRunner pid=2033431)[0m step:8 - global_seqlen/min:96861 - global_seqlen/max:111898 - global_seqlen/minmax_diff:15037 - global_seqlen/balanced_min:101472 - global_seqlen/balanced_max:101474 - global_seqlen/mean:101473.0 - actor/entropy:0.14445354044437408 - perf/mfu/actor_infer:0.054105590258412224 - actor/pg_clipfrac:np.float64(0.0008848855900396302) - actor/ppo_kl:np.float64(8.972096998149937e-05) - actor/pg_clipfrac_lower:np.float64(0.0) - actor/pg_loss:np.float64(0.036676570774943684) - actor/kl_loss:np.float64(0.010768035006549326) - actor/kl_coef:np.float64(0.0010000000000000005) - actor/loss:np.float64(0.0366873387247324) - actor/grad_norm:np.float64(0.36276011168956757) - actor/perf/max_memory_allocated_gb:np.float64(20.273035049438477) - actor/perf/max_memory_reserved_gb:np.float64(34.158203125) - actor/perf/cpu_memory_used_gb:np.float64(123.8337345123291) - actor/lr:np.float64(1e-06) - perf/mfu/actor:np.float64(0.03958872722983875) - training/global_step:8 - training/epoch:0 - critic/score/mean:0.728515625 - critic/score/max:1.0 - critic/score/min:0.0 - critic/rewards/mean:0.728515625 - critic/rewards/max:1.0 - critic/rewards/min:0.0 - critic/advantages/mean:-0.0365828275680542 - critic/advantages/max:2.4748666286468506 - critic/advantages/min:-2.4748666286468506 - critic/returns/mean:-0.0365828275680542 - critic/returns/max:2.4748666286468506 - critic/returns/min:-2.4748666286468506 - response_length/mean:708.3203125 - response_length/max:1024.0 - response_length/min:226.0 - response_length/clip_ratio:0.236328125 - response_length_non_aborted/mean:708.3203125 - response_length_non_aborted/max:1024.0 - response_length_non_aborted/min:226.0 - response_length_non_aborted/clip_ratio:0.236328125 - response/aborted_ratio:0.0 - prompt_length/mean:84.4375 - prompt_length/max:126.0 - prompt_length/min:51.0 - prompt_length/clip_ratio:0.0 - num_turns/min:np.int32(2) - num_turns/max:np.int32(2) - num_turns/mean:np.float64(2.0) - timing_s/start_profile:8.863955736160278e-05 - timing_s/agent_loop/num_preempted/min:np.int64(-1) - timing_s/agent_loop/num_preempted/max:np.int64(-1) - timing_s/agent_loop/num_preempted/mean:np.float64(-1.0) - timing_s/agent_loop/generate_sequences/min:np.float64(5.78121330216527) - timing_s/agent_loop/generate_sequences/max:np.float64(27.72383861243725) - timing_s/agent_loop/generate_sequences/mean:np.float64(19.400460744313023) - timing_s/agent_loop/tool_calls/min:np.float64(0.0) - timing_s/agent_loop/tool_calls/max:np.float64(0.0) - timing_s/agent_loop/tool_calls/mean:np.float64(0.0) - timing_s/agent_loop/compute_score/min:np.float64(0.006508965045213699) - timing_s/agent_loop/compute_score/max:np.float64(0.0785495787858963) - timing_s/agent_loop/compute_score/mean:np.float64(0.013298670353833586) - timing_s/agent_loop/slowest/generate_sequences:np.float64(27.67783324047923) - timing_s/agent_loop/slowest/tool_calls:np.float64(0.0) - timing_s/agent_loop/slowest/compute_score:np.float64(0.0560947060585022) - timing_s/agent_loop/slowest/num_preempted:np.int64(-1) - timing_s/agent_loop/slowest/prompt_length:109 - timing_s/agent_loop/slowest/response_length:1024 - timing_s/gen:28.87200091406703 - timing_s/reward:2.7146190404891968e-05 - timing_s/old_log_prob:47.66241454705596 - timing_s/ref:65.92517475038767 - timing_s/adv:0.017379529774188995 - timing_s/update_actor:193.65221186354756 - timing_s/update_weights:4.677006583660841 - timing_s/step:340.9476566128433 - timing_s/stop_profile:0.00014018267393112183 - timing_per_token_ms/gen:0.07961176008952471 - timing_per_token_ms/update_actor:0.4771028053362657 - timing_per_token_ms/ref:0.16242048315903657 - timing_per_token_ms/adv:4.281811362182303e-05 - perf/total_num_tokens:405892 - perf/time_per_step:340.9476566128433 - perf/throughput:297.62046470149454
[36m(TaskRunner pid=2033431)[0m step:9 - global_seqlen/min:90637 - global_seqlen/max:98696 - global_seqlen/minmax_diff:8059 - global_seqlen/balanced_min:95647 - global_seqlen/balanced_max:95648 - global_seqlen/mean:95647.5 - actor/entropy:0.15296903252601624 - perf/mfu/actor_infer:0.05138479797351957 - actor/pg_clipfrac:np.float64(0.000909428053546435) - actor/ppo_kl:np.float64(3.4113540843705437e-05) - actor/pg_clipfrac_lower:np.float64(0.0) - actor/pg_loss:np.float64(0.04088219367622514) - actor/kl_loss:np.float64(0.014041530088434229) - actor/kl_coef:np.float64(0.0010000000000000005) - actor/loss:np.float64(0.040896227583289146) - actor/grad_norm:np.float64(0.3793715238571167) - actor/perf/max_memory_allocated_gb:np.float64(20.273035049438477) - actor/perf/max_memory_reserved_gb:np.float64(34.158203125) - actor/perf/cpu_memory_used_gb:np.float64(123.91112518310547) - actor/lr:np.float64(1e-06) - perf/mfu/actor:np.float64(0.03742318347479373) - training/global_step:9 - training/epoch:0 - critic/score/mean:0.734375 - critic/score/max:1.0 - critic/score/min:0.0 - critic/rewards/mean:0.734375 - critic/rewards/max:1.0 - critic/rewards/min:0.0 - critic/advantages/mean:-0.04054233431816101 - critic/advantages/max:2.4748666286468506 - critic/advantages/min:-2.4748666286468506 - critic/returns/mean:-0.04054233431816101 - critic/returns/max:2.4748666286468506 - critic/returns/min:-2.4748666286468506 - response_length/mean:664.29296875 - response_length/max:1024.0 - response_length/min:263.0 - response_length/clip_ratio:0.236328125 - response_length_non_aborted/mean:664.29296875 - response_length_non_aborted/max:1024.0 - response_length_non_aborted/min:263.0 - response_length_non_aborted/clip_ratio:0.236328125 - response/aborted_ratio:0.0 - prompt_length/mean:82.953125 - prompt_length/max:156.0 - prompt_length/min:54.0 - prompt_length/clip_ratio:0.0 - num_turns/min:np.int32(2) - num_turns/max:np.int32(2) - num_turns/mean:np.float64(2.0) - timing_s/start_profile:7.946789264678955e-05 - timing_s/agent_loop/num_preempted/min:np.int64(-1) - timing_s/agent_loop/num_preempted/max:np.int64(-1) - timing_s/agent_loop/num_preempted/mean:np.float64(-1.0) - timing_s/agent_loop/generate_sequences/min:np.float64(6.684673748910427) - timing_s/agent_loop/generate_sequences/max:np.float64(26.664134304970503) - timing_s/agent_loop/generate_sequences/mean:np.float64(17.484910623046744) - timing_s/agent_loop/tool_calls/min:np.float64(0.0) - timing_s/agent_loop/tool_calls/max:np.float64(0.0) - timing_s/agent_loop/tool_calls/mean:np.float64(0.0) - timing_s/agent_loop/compute_score/min:np.float64(0.005922537297010422) - timing_s/agent_loop/compute_score/max:np.float64(0.062230706214904785) - timing_s/agent_loop/compute_score/mean:np.float64(0.012746396227157675) - timing_s/agent_loop/slowest/generate_sequences:np.float64(26.664134304970503) - timing_s/agent_loop/slowest/tool_calls:np.float64(0.0) - timing_s/agent_loop/slowest/compute_score:np.float64(0.008646819740533829) - timing_s/agent_loop/slowest/num_preempted:np.int64(-1) - timing_s/agent_loop/slowest/prompt_length:87 - timing_s/agent_loop/slowest/response_length:1024 - timing_s/gen:27.765364356338978 - timing_s/reward:1.9021332263946533e-05 - timing_s/old_log_prob:47.249082654714584 - timing_s/ref:65.38069524616003 - timing_s/adv:0.01398378238081932 - timing_s/update_actor:193.04793535917997 - timing_s/update_weights:4.638499286025763 - timing_s/step:338.24332928285 - timing_s/stop_profile:0.00015969574451446533 - timing_per_token_ms/gen:0.08163450436712841 - timing_per_token_ms/update_actor:0.5045817594792859 - timing_per_token_ms/ref:0.17088971286797885 - timing_per_token_ms/adv:3.6550308112651455e-05 - perf/total_num_tokens:382590 - perf/time_per_step:338.24332928285 - perf/throughput:282.7771953486671
[36m(TaskRunner pid=2033431)[0m test_gen_batch meta info: {'eos_token_id': 151645, 'pad_token_id': 151643, 'recompute_log_prob': False, 'do_sample': False, 'validate': True, 'global_steps': 10}
[36m(TaskRunner pid=2033431)[0m validation generation end
[36m(TaskRunner pid=2033431)[0m step:10 - global_seqlen/min:91460 - global_seqlen/max:100116 - global_seqlen/minmax_diff:8656 - global_seqlen/balanced_min:97452 - global_seqlen/balanced_max:97456 - global_seqlen/mean:97454.25 - actor/entropy:0.13498078286647797 - perf/mfu/actor_infer:0.05229060393505385 - actor/pg_clipfrac:np.float64(0.0005891514717859536) - actor/ppo_kl:np.float64(5.3257596857037015e-05) - actor/pg_clipfrac_lower:np.float64(0.0) - actor/pg_loss:np.float64(0.03336179127654759) - actor/kl_loss:np.float64(0.015811642608241527) - actor/kl_coef:np.float64(0.0010000000000000005) - actor/loss:np.float64(0.033377605490386486) - actor/grad_norm:np.float64(0.30799391865730286) - actor/perf/max_memory_allocated_gb:np.float64(20.273035049438477) - actor/perf/max_memory_reserved_gb:np.float64(34.158203125) - actor/perf/cpu_memory_used_gb:np.float64(123.56940841674805) - actor/lr:np.float64(1e-06) - perf/mfu/actor:np.float64(0.03805460494164031) - val-aux/openai/gsm8k/reward/mean@1:np.float64(0.7445034116755117) - val-core/openai/gsm8k/acc/mean@1:np.float64(0.7445034116755117) - val-aux/num_turns/min:np.int32(2) - val-aux/num_turns/max:np.int32(2) - val-aux/num_turns/mean:np.float64(2.0) - training/global_step:10 - training/epoch:0 - critic/score/mean:0.771484375 - critic/score/max:1.0 - critic/score/min:0.0 - critic/rewards/mean:0.771484375 - critic/rewards/max:1.0 - critic/rewards/min:0.0 - critic/advantages/mean:-0.03325093910098076 - critic/advantages/max:2.4748666286468506 - critic/advantages/min:-2.4748666286468506 - critic/returns/mean:-0.03325093910098076 - critic/returns/max:2.4748666286468506 - critic/returns/min:-2.4748666286468506 - response_length/mean:679.517578125 - response_length/max:1024.0 - response_length/min:246.0 - response_length/clip_ratio:0.189453125 - response_length_non_aborted/mean:679.517578125 - response_length_non_aborted/max:1024.0 - response_length_non_aborted/min:246.0 - response_length_non_aborted/clip_ratio:0.189453125 - response/aborted_ratio:0.0 - prompt_length/mean:81.84375 - prompt_length/max:147.0 - prompt_length/min:48.0 - prompt_length/clip_ratio:0.0 - num_turns/min:np.int32(2) - num_turns/max:np.int32(2) - num_turns/mean:np.float64(2.0) - timing_s/start_profile:7.57463276386261e-05 - timing_s/agent_loop/num_preempted/min:np.int64(-1) - timing_s/agent_loop/num_preempted/max:np.int64(-1) - timing_s/agent_loop/num_preempted/mean:np.float64(-1.0) - timing_s/agent_loop/generate_sequences/min:np.float64(6.288062397390604) - timing_s/agent_loop/generate_sequences/max:np.float64(26.723763216286898) - timing_s/agent_loop/generate_sequences/mean:np.float64(18.124494508731004) - timing_s/agent_loop/tool_calls/min:np.float64(0.0) - timing_s/agent_loop/tool_calls/max:np.float64(0.0) - timing_s/agent_loop/tool_calls/mean:np.float64(0.0) - timing_s/agent_loop/compute_score/min:np.float64(0.006886005401611328) - timing_s/agent_loop/compute_score/max:np.float64(0.06600429117679596) - timing_s/agent_loop/compute_score/mean:np.float64(0.01281220706005115) - timing_s/agent_loop/slowest/generate_sequences:np.float64(26.716680135577917) - timing_s/agent_loop/slowest/tool_calls:np.float64(0.0) - timing_s/agent_loop/slowest/compute_score:np.float64(0.0178937129676342) - timing_s/agent_loop/slowest/num_preempted:np.int64(-1) - timing_s/agent_loop/slowest/prompt_length:81 - timing_s/agent_loop/slowest/response_length:1024 - timing_s/gen:27.815359089523554 - timing_s/reward:1.8969178199768066e-05 - timing_s/old_log_prob:47.143992744386196 - timing_s/ref:65.11619468405843 - timing_s/adv:0.013006482273340225 - timing_s/update_actor:193.39413855969906 - timing_s/update_weights:4.61588129401207 - timing_s/step:338.2405623756349 - timing_s/testing:48.737698543816805 - timing_s/stop_profile:0.00011145323514938354 - timing_per_token_ms/gen:0.07994918008100747 - timing_per_token_ms/update_actor:0.4961151990798222 - timing_per_token_ms/ref:0.16704298346162028 - timing_per_token_ms/adv:3.336561071820938e-05 - perf/total_num_tokens:389817 - perf/time_per_step:338.2405623756349 - perf/throughput:288.12112100195617
[36m(TaskRunner pid=2033431)[0m step:11 - global_seqlen/min:90119 - global_seqlen/max:103327 - global_seqlen/minmax_diff:13208 - global_seqlen/balanced_min:94921 - global_seqlen/balanced_max:94924 - global_seqlen/mean:94922.5 - actor/entropy:0.1405087411403656 - perf/mfu/actor_infer:0.05076711815602138 - actor/pg_clipfrac:np.float64(0.0005199164293117065) - actor/ppo_kl:np.float64(7.375558971745022e-05) - actor/pg_clipfrac_lower:np.float64(0.0) - actor/pg_loss:np.float64(0.025351108866743743) - actor/kl_loss:np.float64(0.018723972898442298) - actor/kl_coef:np.float64(0.0010000000000000005) - actor/loss:np.float64(0.02536983508616686) - actor/grad_norm:np.float64(0.28858934342861176) - actor/perf/max_memory_allocated_gb:np.float64(20.273035049438477) - actor/perf/max_memory_reserved_gb:np.float64(34.158203125) - actor/perf/cpu_memory_used_gb:np.float64(124.29388236999512) - actor/lr:np.float64(1e-06) - perf/mfu/actor:np.float64(0.03708994616325899) - training/global_step:11 - training/epoch:0 - critic/score/mean:0.8046875 - critic/score/max:1.0 - critic/score/min:0.0 - critic/rewards/mean:0.8046875 - critic/rewards/max:1.0 - critic/rewards/min:0.0 - critic/advantages/mean:-0.02523452416062355 - critic/advantages/max:2.4748666286468506 - critic/advantages/min:-2.4748666286468506 - critic/returns/mean:-0.02523452416062355 - critic/returns/max:2.4748666286468506 - critic/returns/min:-2.4748666286468506 - response_length/mean:660.50390625 - response_length/max:1024.0 - response_length/min:228.0 - response_length/clip_ratio:0.18359375 - response_length_non_aborted/mean:660.50390625 - response_length_non_aborted/max:1024.0 - response_length_non_aborted/min:228.0 - response_length_non_aborted/clip_ratio:0.18359375 - response/aborted_ratio:0.0 - prompt_length/mean:81.078125 - prompt_length/max:137.0 - prompt_length/min:48.0 - prompt_length/clip_ratio:0.0 - num_turns/min:np.int32(2) - num_turns/max:np.int32(2) - num_turns/mean:np.float64(2.0) - timing_s/start_profile:7.023289799690247e-05 - timing_s/agent_loop/num_preempted/min:np.int64(-1) - timing_s/agent_loop/num_preempted/max:np.int64(-1) - timing_s/agent_loop/num_preempted/mean:np.float64(-1.0) - timing_s/agent_loop/generate_sequences/min:np.float64(5.837219424545765) - timing_s/agent_loop/generate_sequences/max:np.float64(26.189198166131973) - timing_s/agent_loop/generate_sequences/mean:np.float64(17.357592410153302) - timing_s/agent_loop/tool_calls/min:np.float64(0.0) - timing_s/agent_loop/tool_calls/max:np.float64(0.0) - timing_s/agent_loop/tool_calls/mean:np.float64(0.0) - timing_s/agent_loop/compute_score/min:np.float64(0.006564054638147354) - timing_s/agent_loop/compute_score/max:np.float64(0.05035420134663582) - timing_s/agent_loop/compute_score/mean:np.float64(0.012570241284265649) - timing_s/agent_loop/slowest/generate_sequences:np.float64(26.189198166131973) - timing_s/agent_loop/slowest/tool_calls:np.float64(0.0) - timing_s/agent_loop/slowest/compute_score:np.float64(0.008555125445127487) - timing_s/agent_loop/slowest/num_preempted:np.int64(-1) - timing_s/agent_loop/slowest/prompt_length:93 - timing_s/agent_loop/slowest/response_length:1024 - timing_s/gen:27.362079929560423 - timing_s/reward:2.5600194931030273e-05 - timing_s/old_log_prob:47.50373111665249 - timing_s/ref:65.24622628465295 - timing_s/adv:0.022225186228752136 - timing_s/update_actor:193.32029797136784 - timing_s/update_weights:4.64062462374568 - timing_s/step:338.24712943285704 - timing_s/stop_profile:0.0002015829086303711 - timing_per_token_ms/gen:0.08091028963906707 - timing_per_token_ms/update_actor:0.509152987888456 - timing_per_token_ms/ref:0.1718407813865336 - timing_per_token_ms/adv:5.853508448669213e-05 - perf/total_num_tokens:379690 - perf/time_per_step:338.24712943285704 - perf/throughput:280.63061513384514
[36m(TaskRunner pid=2033431)[0m step:12 - global_seqlen/min:88395 - global_seqlen/max:102255 - global_seqlen/minmax_diff:13860 - global_seqlen/balanced_min:93763 - global_seqlen/balanced_max:93764 - global_seqlen/mean:93763.75 - actor/entropy:0.13298293948173523 - perf/mfu/actor_infer:0.05046253397247852 - actor/pg_clipfrac:np.float64(0.0006175361243094812) - actor/ppo_kl:np.float64(2.162065782584932e-05) - actor/pg_clipfrac_lower:np.float64(0.0) - actor/pg_loss:np.float64(0.02893771743401885) - actor/kl_loss:np.float64(0.0203991418966325) - actor/kl_coef:np.float64(0.0010000000000000005) - actor/loss:np.float64(0.028958119451999664) - actor/grad_norm:np.float64(0.3345906734466553) - actor/perf/max_memory_allocated_gb:np.float64(20.273035049438477) - actor/perf/max_memory_reserved_gb:np.float64(34.158203125) - actor/perf/cpu_memory_used_gb:np.float64(124.20372581481934) - actor/lr:np.float64(1e-06) - perf/mfu/actor:np.float64(0.03668620786102483) - training/global_step:12 - training/epoch:0 - critic/score/mean:0.755859375 - critic/score/max:1.0 - critic/score/min:0.0 - critic/rewards/mean:0.755859375 - critic/rewards/max:1.0 - critic/rewards/min:0.0 - critic/advantages/mean:-0.029001418501138687 - critic/advantages/max:2.4748666286468506 - critic/advantages/min:-2.4748666286468506 - critic/returns/mean:-0.029001418501138687 - critic/returns/max:2.4748666286468506 - critic/returns/min:-2.4748666286468506 - response_length/mean:647.560546875 - response_length/max:1024.0 - response_length/min:232.0 - response_length/clip_ratio:0.20703125 - response_length_non_aborted/mean:647.560546875 - response_length_non_aborted/max:1024.0 - response_length_non_aborted/min:232.0 - response_length_non_aborted/clip_ratio:0.20703125 - response/aborted_ratio:0.0 - prompt_length/mean:84.96875 - prompt_length/max:157.0 - prompt_length/min:49.0 - prompt_length/clip_ratio:0.0 - num_turns/min:np.int32(2) - num_turns/max:np.int32(2) - num_turns/mean:np.float64(2.0) - timing_s/start_profile:9.590014815330505e-05 - timing_s/agent_loop/num_preempted/min:np.int64(-1) - timing_s/agent_loop/num_preempted/max:np.int64(-1) - timing_s/agent_loop/num_preempted/mean:np.float64(-1.0) - timing_s/agent_loop/generate_sequences/min:np.float64(5.920903429389) - timing_s/agent_loop/generate_sequences/max:np.float64(26.18661342561245) - timing_s/agent_loop/generate_sequences/mean:np.float64(16.919787970247853) - timing_s/agent_loop/tool_calls/min:np.float64(0.0) - timing_s/agent_loop/tool_calls/max:np.float64(0.0) - timing_s/agent_loop/tool_calls/mean:np.float64(0.0) - timing_s/agent_loop/compute_score/min:np.float64(0.0066089630126953125) - timing_s/agent_loop/compute_score/max:np.float64(0.07128465175628662) - timing_s/agent_loop/compute_score/mean:np.float64(0.012313102764892392) - timing_s/agent_loop/slowest/generate_sequences:np.float64(26.17506467550993) - timing_s/agent_loop/slowest/tool_calls:np.float64(0.0) - timing_s/agent_loop/slowest/compute_score:np.float64(0.0331432931125164) - timing_s/agent_loop/slowest/num_preempted:np.int64(-1) - timing_s/agent_loop/slowest/prompt_length:106 - timing_s/agent_loop/slowest/response_length:1024 - timing_s/gen:27.322997726500034 - timing_s/reward:2.70158052444458e-05 - timing_s/old_log_prob:47.123560424894094 - timing_s/ref:65.18346558511257 - timing_s/adv:0.01714251935482025 - timing_s/update_actor:192.71845971047878 - timing_s/update_weights:4.6814696826040745 - timing_s/step:337.1970923319459 - timing_s/stop_profile:0.00014848634600639343 - timing_per_token_ms/gen:0.08240963751127288 - timing_per_token_ms/update_actor:0.5138405292836485 - timing_per_token_ms/ref:0.17379708465455085 - timing_per_token_ms/adv:4.570668129959673e-05 - perf/total_num_tokens:375055 - perf/time_per_step:337.1970923319459 - perf/throughput:278.068085793861
[36m(TaskRunner pid=2033431)[0m step:13 - global_seqlen/min:82095 - global_seqlen/max:104152 - global_seqlen/minmax_diff:22057 - global_seqlen/balanced_min:92125 - global_seqlen/balanced_max:92127 - global_seqlen/mean:92126.25 - actor/entropy:0.12894247472286224 - perf/mfu/actor_infer:0.04973822120211152 - actor/pg_clipfrac:np.float64(0.0006202041827236826) - actor/ppo_kl:np.float64(0.00013386257449354844) - actor/pg_clipfrac_lower:np.float64(0.0) - actor/pg_loss:np.float64(0.016450423165224493) - actor/kl_loss:np.float64(0.023716386063824757) - actor/kl_coef:np.float64(0.0010000000000000005) - actor/loss:np.float64(0.016474143601953983) - actor/grad_norm:np.float64(0.27742916345596313) - actor/perf/max_memory_allocated_gb:np.float64(20.273035049438477) - actor/perf/max_memory_reserved_gb:np.float64(34.158203125) - actor/perf/cpu_memory_used_gb:np.float64(124.41708183288574) - actor/lr:np.float64(1e-06) - perf/mfu/actor:np.float64(0.03598062713015754) - training/global_step:13 - training/epoch:0 - critic/score/mean:0.796875 - critic/score/max:1.0 - critic/score/min:0.0 - critic/rewards/mean:0.796875 - critic/rewards/max:1.0 - critic/rewards/min:0.0 - critic/advantages/mean:-0.016346901655197144 - critic/advantages/max:2.4748666286468506 - critic/advantages/min:-2.4748666286468506 - critic/returns/mean:-0.016346901655197144 - critic/returns/max:2.4748666286468506 - critic/returns/min:-2.4748666286468506 - response_length/mean:638.361328125 - response_length/max:1024.0 - response_length/min:189.0 - response_length/clip_ratio:0.171875 - response_length_non_aborted/mean:638.361328125 - response_length_non_aborted/max:1024.0 - response_length_non_aborted/min:189.0 - response_length_non_aborted/clip_ratio:0.171875 - response/aborted_ratio:0.0 - prompt_length/mean:81.375 - prompt_length/max:143.0 - prompt_length/min:47.0 - prompt_length/clip_ratio:0.0 - num_turns/min:np.int32(2) - num_turns/max:np.int32(2) - num_turns/mean:np.float64(2.0) - timing_s/start_profile:7.76536762714386e-05 - timing_s/agent_loop/num_preempted/min:np.int64(-1) - timing_s/agent_loop/num_preempted/max:np.int64(-1) - timing_s/agent_loop/num_preempted/mean:np.float64(-1.0) - timing_s/agent_loop/generate_sequences/min:np.float64(4.834888946264982) - timing_s/agent_loop/generate_sequences/max:np.float64(26.4044803455472) - timing_s/agent_loop/generate_sequences/mean:np.float64(16.474353349789453) - timing_s/agent_loop/tool_calls/min:np.float64(0.0) - timing_s/agent_loop/tool_calls/max:np.float64(0.0) - timing_s/agent_loop/tool_calls/mean:np.float64(0.0) - timing_s/agent_loop/compute_score/min:np.float64(0.005844123661518097) - timing_s/agent_loop/compute_score/max:np.float64(0.03994548320770264) - timing_s/agent_loop/compute_score/mean:np.float64(0.01116215909132734) - timing_s/agent_loop/slowest/generate_sequences:np.float64(26.4044803455472) - timing_s/agent_loop/slowest/tool_calls:np.float64(0.0) - timing_s/agent_loop/slowest/compute_score:np.float64(0.008342351764440536) - timing_s/agent_loop/slowest/num_preempted:np.int64(-1) - timing_s/agent_loop/slowest/prompt_length:104 - timing_s/agent_loop/slowest/response_length:1024 - timing_s/gen:27.470333121716976 - timing_s/reward:2.154707908630371e-05 - timing_s/old_log_prob:47.226017616689205 - timing_s/ref:65.07133500650525 - timing_s/adv:0.013210572302341461 - timing_s/update_actor:192.9503048695624 - timing_s/update_weights:4.643466774374247 - timing_s/step:337.49790497124195 - timing_s/stop_profile:0.00017265602946281433 - timing_per_token_ms/gen:0.08404800230606618 - timing_per_token_ms/update_actor:0.5236029494024841 - timing_per_token_ms/ref:0.17658195955687236 - timing_per_token_ms/adv:3.5849099204465235e-05 - perf/total_num_tokens:368505 - perf/time_per_step:337.49790497124195 - perf/throughput:272.9683611157528
[36m(TaskRunner pid=2033431)[0m step:14 - global_seqlen/min:85949 - global_seqlen/max:98737 - global_seqlen/minmax_diff:12788 - global_seqlen/balanced_min:90737 - global_seqlen/balanced_max:90738 - global_seqlen/mean:90737.25 - actor/entropy:0.13687776029109955 - perf/mfu/actor_infer:0.04894163924210201 - actor/pg_clipfrac:np.float64(0.0007020740622465382) - actor/ppo_kl:np.float64(3.057756207880402e-05) - actor/pg_clipfrac_lower:np.float64(0.0) - actor/pg_loss:np.float64(0.03823035888490267) - actor/kl_loss:np.float64(0.026775393464049557) - actor/kl_coef:np.float64(0.0010000000000000005) - actor/loss:np.float64(0.03825713600963354) - actor/grad_norm:np.float64(0.41896410286426544) - actor/perf/max_memory_allocated_gb:np.float64(20.273035049438477) - actor/perf/max_memory_reserved_gb:np.float64(34.158203125) - actor/perf/cpu_memory_used_gb:np.float64(124.32069396972656) - actor/lr:np.float64(1e-06) - perf/mfu/actor:np.float64(0.03547356267457556) - training/global_step:14 - training/epoch:0 - critic/score/mean:0.7578125 - critic/score/max:1.0 - critic/score/min:0.0 - critic/rewards/mean:0.7578125 - critic/rewards/max:1.0 - critic/rewards/min:0.0 - critic/advantages/mean:-0.03825103119015694 - critic/advantages/max:2.4748666286468506 - critic/advantages/min:-2.4748666286468506 - critic/returns/mean:-0.03825103119015694 - critic/returns/max:2.4748666286468506 - critic/returns/min:-2.4748666286468506 - response_length/mean:626.197265625 - response_length/max:1024.0 - response_length/min:221.0 - response_length/clip_ratio:0.1875 - response_length_non_aborted/mean:626.197265625 - response_length_non_aborted/max:1024.0 - response_length_non_aborted/min:221.0 - response_length_non_aborted/clip_ratio:0.1875 - response/aborted_ratio:0.0 - prompt_length/mean:82.6875 - prompt_length/max:194.0 - prompt_length/min:49.0 - prompt_length/clip_ratio:0.0 - num_turns/min:np.int32(2) - num_turns/max:np.int32(2) - num_turns/mean:np.float64(2.0) - timing_s/start_profile:9.154155850410461e-05 - timing_s/agent_loop/num_preempted/min:np.int64(-1) - timing_s/agent_loop/num_preempted/max:np.int64(-1) - timing_s/agent_loop/num_preempted/mean:np.float64(-1.0) - timing_s/agent_loop/generate_sequences/min:np.float64(5.58111760020256) - timing_s/agent_loop/generate_sequences/max:np.float64(25.706110447645187) - timing_s/agent_loop/generate_sequences/mean:np.float64(16.131605482005398) - timing_s/agent_loop/tool_calls/min:np.float64(0.0) - timing_s/agent_loop/tool_calls/max:np.float64(0.0) - timing_s/agent_loop/tool_calls/mean:np.float64(0.0) - timing_s/agent_loop/compute_score/min:np.float64(0.006876140832901001) - timing_s/agent_loop/compute_score/max:np.float64(0.04103347659111023) - timing_s/agent_loop/compute_score/mean:np.float64(0.011943824065383524) - timing_s/agent_loop/slowest/generate_sequences:np.float64(25.704069931060076) - timing_s/agent_loop/slowest/tool_calls:np.float64(0.0) - timing_s/agent_loop/slowest/compute_score:np.float64(0.018719755113124847) - timing_s/agent_loop/slowest/num_preempted:np.int64(-1) - timing_s/agent_loop/slowest/prompt_length:76 - timing_s/agent_loop/slowest/response_length:1024 - timing_s/gen:26.81634870544076 - timing_s/reward:3.1832605600357056e-05 - timing_s/old_log_prob:47.347649820148945 - timing_s/ref:65.32444285228848 - timing_s/adv:0.01874791830778122 - timing_s/update_actor:192.80166076868773 - timing_s/update_weights:4.754291016608477 - timing_s/step:337.2045110538602 - timing_s/stop_profile:9.740889072418213e-05 - timing_per_token_ms/gen:0.08364086517215696 - timing_per_token_ms/update_actor:0.531208684329445 - timing_per_token_ms/ref:0.1799824296314041 - timing_per_token_ms/adv:5.165441510454973e-05 - perf/total_num_tokens:362949 - perf/time_per_step:337.2045110538602 - perf/throughput:269.0867026553715
[36m(TaskRunner pid=2033431)[0m step:15 - global_seqlen/min:72416 - global_seqlen/max:96098 - global_seqlen/minmax_diff:23682 - global_seqlen/balanced_min:84628 - global_seqlen/balanced_max:84630 - global_seqlen/mean:84629.5 - actor/entropy:0.10349595546722412 - perf/mfu/actor_infer:0.045890986525727505 - actor/pg_clipfrac:np.float64(0.0005655743623265153) - actor/ppo_kl:np.float64(7.262440796651504e-05) - actor/pg_clipfrac_lower:np.float64(0.0) - actor/pg_loss:np.float64(0.02999044329772005) - actor/kl_loss:np.float64(0.03513555669997004) - actor/kl_coef:np.float64(0.0010000000000000005) - actor/loss:np.float64(0.03002557996660471) - actor/grad_norm:np.float64(0.3871646076440811) - actor/perf/max_memory_allocated_gb:np.float64(20.273035049438477) - actor/perf/max_memory_reserved_gb:np.float64(34.158203125) - actor/perf/cpu_memory_used_gb:np.float64(124.32250785827637) - actor/lr:np.float64(1e-06) - perf/mfu/actor:np.float64(0.032914124976351905) - training/global_step:15 - training/epoch:0 - critic/score/mean:0.85546875 - critic/score/max:1.0 - critic/score/min:0.0 - critic/rewards/mean:0.85546875 - critic/rewards/max:1.0 - critic/rewards/min:0.0 - critic/advantages/mean:-0.030087949708104134 - critic/advantages/max:2.4748666286468506 - critic/advantages/min:-2.4748666286468506 - critic/returns/mean:-0.030087949708104134 - critic/returns/max:2.4748666286468506 - critic/returns/min:-2.4748666286468506 - response_length/mean:578.15234375 - response_length/max:1024.0 - response_length/min:220.0 - response_length/clip_ratio:0.078125 - response_length_non_aborted/mean:578.15234375 - response_length_non_aborted/max:1024.0 - response_length_non_aborted/min:220.0 - response_length_non_aborted/clip_ratio:0.078125 - response/aborted_ratio:0.0 - prompt_length/mean:83.015625 - prompt_length/max:161.0 - prompt_length/min:51.0 - prompt_length/clip_ratio:0.0 - num_turns/min:np.int32(2) - num_turns/max:np.int32(2) - num_turns/mean:np.float64(2.0) - timing_s/start_profile:8.706748485565186e-05 - timing_s/agent_loop/num_preempted/min:np.int64(-1) - timing_s/agent_loop/num_preempted/max:np.int64(-1) - timing_s/agent_loop/num_preempted/mean:np.float64(-1.0) - timing_s/agent_loop/generate_sequences/min:np.float64(5.641215428709984) - timing_s/agent_loop/generate_sequences/max:np.float64(24.396296806633472) - timing_s/agent_loop/generate_sequences/mean:np.float64(14.763732644176343) - timing_s/agent_loop/tool_calls/min:np.float64(0.0) - timing_s/agent_loop/tool_calls/max:np.float64(0.0) - timing_s/agent_loop/tool_calls/mean:np.float64(0.0) - timing_s/agent_loop/compute_score/min:np.float64(0.006724148988723755) - timing_s/agent_loop/compute_score/max:np.float64(0.0357779823243618) - timing_s/agent_loop/compute_score/mean:np.float64(0.010708981375501025) - timing_s/agent_loop/slowest/generate_sequences:np.float64(24.396296806633472) - timing_s/agent_loop/slowest/tool_calls:np.float64(0.0) - timing_s/agent_loop/slowest/compute_score:np.float64(0.0112839974462986) - timing_s/agent_loop/slowest/num_preempted:np.int64(-1) - timing_s/agent_loop/slowest/prompt_length:76 - timing_s/agent_loop/slowest/response_length:1024 - timing_s/gen:25.52412048354745 - timing_s/reward:2.5548040866851807e-05 - timing_s/old_log_prob:46.55740065127611 - timing_s/ref:65.670090675354 - timing_s/adv:0.02037036046385765 - timing_s/update_actor:193.42562908306718 - timing_s/update_weights:4.823478274047375 - timing_s/step:336.146550886333 - timing_s/stop_profile:0.00016095489263534546 - timing_per_token_ms/gen:0.0862260585092173 - timing_per_token_ms/update_actor:0.5713894950432981 - timing_per_token_ms/ref:0.19399290636053032 - timing_per_token_ms/adv:6.017511761223229e-05 - perf/total_num_tokens:338518 - perf/time_per_step:336.146550886333 - perf/throughput:251.76370180462519
[36m(TaskRunner pid=2033431)[0m step:16 - global_seqlen/min:83536 - global_seqlen/max:93721 - global_seqlen/minmax_diff:10185 - global_seqlen/balanced_min:87100 - global_seqlen/balanced_max:87100 - global_seqlen/mean:87100.0 - actor/entropy:0.11810565739870071 - perf/mfu/actor_infer:0.047001995907327045 - actor/pg_clipfrac:np.float64(0.0006840125306553091) - actor/ppo_kl:np.float64(3.775738719369315e-05) - actor/pg_clipfrac_lower:np.float64(0.0) - actor/pg_loss:np.float64(0.035830359708597825) - actor/kl_loss:np.float64(0.037421784742036834) - actor/kl_coef:np.float64(0.0010000000000000005) - actor/loss:np.float64(0.035867780447006226) - actor/grad_norm:np.float64(0.3796869218349457) - actor/perf/max_memory_allocated_gb:np.float64(20.273035049438477) - actor/perf/max_memory_reserved_gb:np.float64(34.158203125) - actor/perf/cpu_memory_used_gb:np.float64(124.68268966674805) - actor/lr:np.float64(1e-06) - perf/mfu/actor:np.float64(0.034016694710370214) - training/global_step:16 - training/epoch:0 - critic/score/mean:0.830078125 - critic/score/max:1.0 - critic/score/min:0.0 - critic/rewards/mean:0.830078125 - critic/rewards/max:1.0 - critic/rewards/min:0.0 - critic/advantages/mean:-0.03577546402812004 - critic/advantages/max:2.4748666286468506 - critic/advantages/min:-2.4748666286468506 - critic/returns/mean:-0.03577546402812004 - critic/returns/max:2.4748666286468506 - critic/returns/min:-2.4748666286468506 - response_length/mean:591.59375 - response_length/max:1024.0 - response_length/min:271.0 - response_length/clip_ratio:0.125 - response_length_non_aborted/mean:591.59375 - response_length_non_aborted/max:1024.0 - response_length_non_aborted/min:271.0 - response_length_non_aborted/clip_ratio:0.125 - response/aborted_ratio:0.0 - prompt_length/mean:88.875 - prompt_length/max:163.0 - prompt_length/min:55.0 - prompt_length/clip_ratio:0.0 - num_turns/min:np.int32(2) - num_turns/max:np.int32(2) - num_turns/mean:np.float64(2.0) - timing_s/start_profile:7.233023643493652e-05 - timing_s/agent_loop/num_preempted/min:np.int64(-1) - timing_s/agent_loop/num_preempted/max:np.int64(-1) - timing_s/agent_loop/num_preempted/mean:np.float64(-1.0) - timing_s/agent_loop/generate_sequences/min:np.float64(6.896179363131523) - timing_s/agent_loop/generate_sequences/max:np.float64(24.929047044366598) - timing_s/agent_loop/generate_sequences/mean:np.float64(15.024186449911213) - timing_s/agent_loop/tool_calls/min:np.float64(0.0) - timing_s/agent_loop/tool_calls/max:np.float64(0.0) - timing_s/agent_loop/tool_calls/mean:np.float64(0.0) - timing_s/agent_loop/compute_score/min:np.float64(0.006277952343225479) - timing_s/agent_loop/compute_score/max:np.float64(0.04552079364657402) - timing_s/agent_loop/compute_score/mean:np.float64(0.010805252648424357) - timing_s/agent_loop/slowest/generate_sequences:np.float64(24.929047044366598) - timing_s/agent_loop/slowest/tool_calls:np.float64(0.0) - timing_s/agent_loop/slowest/compute_score:np.float64(0.010416127741336823) - timing_s/agent_loop/slowest/num_preempted:np.int64(-1) - timing_s/agent_loop/slowest/prompt_length:135 - timing_s/agent_loop/slowest/response_length:1024 - timing_s/gen:26.050080236047506 - timing_s/reward:2.7261674404144287e-05 - timing_s/old_log_prob:46.87915542721748 - timing_s/ref:64.83921772241592 - timing_s/adv:0.017265375703573227 - timing_s/update_actor:192.83168992772698 - timing_s/update_weights:4.675450216978788 - timing_s/step:335.4183034673333 - timing_s/stop_profile:0.00017551705241203308 - timing_per_token_ms/gen:0.08600338147762765 - timing_per_token_ms/update_actor:0.5534778700566216 - timing_per_token_ms/ref:0.18610567658557958 - timing_per_token_ms/adv:4.95561874384995e-05 - perf/total_num_tokens:348400 - perf/time_per_step:335.4183034673333 - perf/throughput:259.6757514411635
[36m(TaskRunner pid=2033431)[0m step:17 - global_seqlen/min:77059 - global_seqlen/max:92973 - global_seqlen/minmax_diff:15914 - global_seqlen/balanced_min:84758 - global_seqlen/balanced_max:84761 - global_seqlen/mean:84759.25 - actor/entropy:0.12321878969669342 - perf/mfu/actor_infer:0.0458657569104638 - actor/pg_clipfrac:np.float64(0.00027830583621835103) - actor/ppo_kl:np.float64(7.579992615092124e-05) - actor/pg_clipfrac_lower:np.float64(1.9073486328125e-06) - actor/pg_loss:np.float64(0.01686037439503707) - actor/kl_loss:np.float64(0.04316100610594731) - actor/kl_coef:np.float64(0.0010000000000000005) - actor/loss:np.float64(0.016903537325561047) - actor/grad_norm:np.float64(0.25817473232746124) - actor/perf/max_memory_allocated_gb:np.float64(20.273035049438477) - actor/perf/max_memory_reserved_gb:np.float64(34.158203125) - actor/perf/cpu_memory_used_gb:np.float64(124.26350593566895) - actor/lr:np.float64(1e-06) - perf/mfu/actor:np.float64(0.033167117447033295) - training/global_step:17 - training/epoch:0 - critic/score/mean:0.783203125 - critic/score/max:1.0 - critic/score/min:0.0 - critic/rewards/mean:0.783203125 - critic/rewards/max:1.0 - critic/rewards/min:0.0 - critic/advantages/mean:-0.016846470534801483 - critic/advantages/max:2.4748666286468506 - critic/advantages/min:-2.4748666286468506 - critic/returns/mean:-0.016846470534801483 - critic/returns/max:2.4748666286468506 - critic/returns/min:-2.4748666286468506 - response_length/mean:574.119140625 - response_length/max:1024.0 - response_length/min:262.0 - response_length/clip_ratio:0.130859375 - response_length_non_aborted/mean:574.119140625 - response_length_non_aborted/max:1024.0 - response_length_non_aborted/min:262.0 - response_length_non_aborted/clip_ratio:0.130859375 - response/aborted_ratio:0.0 - prompt_length/mean:88.0625 - prompt_length/max:235.0 - prompt_length/min:61.0 - prompt_length/clip_ratio:0.0 - num_turns/min:np.int32(2) - num_turns/max:np.int32(2) - num_turns/mean:np.float64(2.0) - timing_s/start_profile:0.00020932406187057495 - timing_s/agent_loop/num_preempted/min:np.int64(-1) - timing_s/agent_loop/num_preempted/max:np.int64(-1) - timing_s/agent_loop/num_preempted/mean:np.float64(-1.0) - timing_s/agent_loop/generate_sequences/min:np.float64(6.800828482955694) - timing_s/agent_loop/generate_sequences/max:np.float64(24.52021562680602) - timing_s/agent_loop/generate_sequences/mean:np.float64(14.601729477450135) - timing_s/agent_loop/tool_calls/min:np.float64(0.0) - timing_s/agent_loop/tool_calls/max:np.float64(0.0) - timing_s/agent_loop/tool_calls/mean:np.float64(0.0) - timing_s/agent_loop/compute_score/min:np.float64(0.007145639508962631) - timing_s/agent_loop/compute_score/max:np.float64(0.04042351618409157) - timing_s/agent_loop/compute_score/mean:np.float64(0.01160674168204423) - timing_s/agent_loop/slowest/generate_sequences:np.float64(24.52021562680602) - timing_s/agent_loop/slowest/tool_calls:np.float64(0.0) - timing_s/agent_loop/slowest/compute_score:np.float64(0.011866763234138489) - timing_s/agent_loop/slowest/num_preempted:np.int64(-1) - timing_s/agent_loop/slowest/prompt_length:124 - timing_s/agent_loop/slowest/response_length:1024 - timing_s/gen:25.768595710396767 - timing_s/reward:3.762543201446533e-05 - timing_s/old_log_prob:47.637619618326426 - timing_s/ref:65.0612144432962 - timing_s/adv:0.01987849548459053 - timing_s/update_actor:192.37189615517855 - timing_s/update_weights:4.69711384549737 - timing_s/step:335.7100295946002 - timing_s/stop_profile:0.00018916279077529907 - timing_per_token_ms/gen:0.0876634916614677 - timing_per_token_ms/update_actor:0.5674067908670102 - timing_per_token_ms/ref:0.19190004171608466 - timing_per_token_ms/adv:5.863223036008026e-05 - perf/total_num_tokens:339037 - perf/time_per_step:335.7100295946002 - perf/throughput:252.47756256300818
[36m(TaskRunner pid=2033431)[0m step:18 - global_seqlen/min:72179 - global_seqlen/max:79487 - global_seqlen/minmax_diff:7308 - global_seqlen/balanced_min:75638 - global_seqlen/balanced_max:75639 - global_seqlen/mean:75638.75 - actor/entropy:0.1227230429649353 - perf/mfu/actor_infer:0.04124139925524155 - actor/pg_clipfrac:np.float64(0.00026535923143455875) - actor/ppo_kl:np.float64(8.656532465967093e-05) - actor/pg_clipfrac_lower:np.float64(0.0) - actor/pg_loss:np.float64(0.01719189452705905) - actor/kl_loss:np.float64(0.047673086541180965) - actor/kl_coef:np.float64(0.0010000000000000005) - actor/loss:np.float64(0.01723957061767578) - actor/grad_norm:np.float64(0.26932457834482193) - actor/perf/max_memory_allocated_gb:np.float64(20.273035049438477) - actor/perf/max_memory_reserved_gb:np.float64(34.158203125) - actor/perf/cpu_memory_used_gb:np.float64(124.72255897521973) - actor/lr:np.float64(1e-06) - perf/mfu/actor:np.float64(0.029641923377436305) - training/global_step:18 - training/epoch:0 - critic/score/mean:0.853515625 - critic/score/max:1.0 - critic/score/min:0.0 - critic/rewards/mean:0.853515625 - critic/rewards/max:1.0 - critic/rewards/min:0.0 - critic/advantages/mean:-0.017211632803082466 - critic/advantages/max:2.4748666286468506 - critic/advantages/min:-2.4748666286468506 - critic/returns/mean:-0.017211632803082466 - critic/returns/max:2.4748666286468506 - critic/returns/min:-2.4748666286468506 - response_length/mean:510.099609375 - response_length/max:1024.0 - response_length/min:217.0 - response_length/clip_ratio:0.103515625 - response_length_non_aborted/mean:510.099609375 - response_length_non_aborted/max:1024.0 - response_length_non_aborted/min:217.0 - response_length_non_aborted/clip_ratio:0.103515625 - response/aborted_ratio:0.0 - prompt_length/mean:80.828125 - prompt_length/max:157.0 - prompt_length/min:45.0 - prompt_length/clip_ratio:0.0 - num_turns/min:np.int32(2) - num_turns/max:np.int32(2) - num_turns/mean:np.float64(2.0) - timing_s/start_profile:0.00019073486328125 - timing_s/agent_loop/num_preempted/min:np.int64(-1) - timing_s/agent_loop/num_preempted/max:np.int64(-1) - timing_s/agent_loop/num_preempted/mean:np.float64(-1.0) - timing_s/agent_loop/generate_sequences/min:np.float64(5.5779188722372055) - timing_s/agent_loop/generate_sequences/max:np.float64(22.795382536947727) - timing_s/agent_loop/generate_sequences/mean:np.float64(12.628736456055776) - timing_s/agent_loop/tool_calls/min:np.float64(0.0) - timing_s/agent_loop/tool_calls/max:np.float64(0.0) - timing_s/agent_loop/tool_calls/mean:np.float64(0.0) - timing_s/agent_loop/compute_score/min:np.float64(0.005918014794588089) - timing_s/agent_loop/compute_score/max:np.float64(0.031018566340208054) - timing_s/agent_loop/compute_score/mean:np.float64(0.010385592948296107) - timing_s/agent_loop/slowest/generate_sequences:np.float64(22.795382536947727) - timing_s/agent_loop/slowest/tool_calls:np.float64(0.0) - timing_s/agent_loop/slowest/compute_score:np.float64(0.007337789982557297) - timing_s/agent_loop/slowest/num_preempted:np.int64(-1) - timing_s/agent_loop/slowest/prompt_length:72 - timing_s/agent_loop/slowest/response_length:1024 - timing_s/gen:23.871577721089125 - timing_s/reward:4.2811036109924316e-05 - timing_s/old_log_prob:46.68510244786739 - timing_s/ref:64.82284800335765 - timing_s/adv:0.01746784895658493 - timing_s/update_actor:191.5717865601182 - timing_s/update_weights:4.64535853639245 - timing_s/step:331.76789252460003 - timing_s/stop_profile:0.0001889057457447052 - timing_per_token_ms/gen:0.09140209947156891 - timing_per_token_ms/update_actor:0.6331800385388382 - timing_per_token_ms/ref:0.2142514518132493 - timing_per_token_ms/adv:5.773445805418826e-05 - perf/total_num_tokens:302555 - perf/time_per_step:331.76789252460003 - perf/throughput:227.98695022723308
[36m(TaskRunner pid=2033431)[0m step:19 - global_seqlen/min:63790 - global_seqlen/max:72478 - global_seqlen/minmax_diff:8688 - global_seqlen/balanced_min:69627 - global_seqlen/balanced_max:69628 - global_seqlen/mean:69627.5 - actor/entropy:0.10385890305042267 - perf/mfu/actor_infer:0.03799213616855625 - actor/pg_clipfrac:np.float64(0.00022244609772315016) - actor/ppo_kl:np.float64(2.3404347678557258e-05) - actor/pg_clipfrac_lower:np.float64(0.0) - actor/pg_loss:np.float64(0.020648529520258307) - actor/kl_loss:np.float64(0.05534231849742355) - actor/kl_coef:np.float64(0.0010000000000000005) - actor/loss:np.float64(0.02070387126877904) - actor/grad_norm:np.float64(0.25994107872247696) - actor/perf/max_memory_allocated_gb:np.float64(20.273035049438477) - actor/perf/max_memory_reserved_gb:np.float64(34.158203125) - actor/perf/cpu_memory_used_gb:np.float64(124.33520889282227) - actor/lr:np.float64(1e-06) - perf/mfu/actor:np.float64(0.027223588338963628) - training/global_step:19 - training/epoch:0 - critic/score/mean:0.890625 - critic/score/max:1.0 - critic/score/min:0.0 - critic/rewards/mean:0.890625 - critic/rewards/max:1.0 - critic/rewards/min:0.0 - critic/advantages/mean:-0.0208013616502285 - critic/advantages/max:1.6201815605163574 - critic/advantages/min:-2.4748666286468506 - critic/returns/mean:-0.0208013616502285 - critic/returns/max:1.6201815605163574 - critic/returns/min:-2.4748666286468506 - response_length/mean:467.16796875 - response_length/max:1024.0 - response_length/min:203.0 - response_length/clip_ratio:0.046875 - response_length_non_aborted/mean:467.16796875 - response_length_non_aborted/max:1024.0 - response_length_non_aborted/min:203.0 - response_length_non_aborted/clip_ratio:0.046875 - response/aborted_ratio:0.0 - prompt_length/mean:76.796875 - prompt_length/max:128.0 - prompt_length/min:53.0 - prompt_length/clip_ratio:0.0 - num_turns/min:np.int32(2) - num_turns/max:np.int32(2) - num_turns/mean:np.float64(2.0) - timing_s/start_profile:8.469074964523315e-05 - timing_s/agent_loop/num_preempted/min:np.int64(-1) - timing_s/agent_loop/num_preempted/max:np.int64(-1) - timing_s/agent_loop/num_preempted/mean:np.float64(-1.0) - timing_s/agent_loop/generate_sequences/min:np.float64(5.117092255502939) - timing_s/agent_loop/generate_sequences/max:np.float64(21.405624393373728) - timing_s/agent_loop/generate_sequences/mean:np.float64(11.450996135412424) - timing_s/agent_loop/tool_calls/min:np.float64(0.0) - timing_s/agent_loop/tool_calls/max:np.float64(0.0) - timing_s/agent_loop/tool_calls/mean:np.float64(0.0) - timing_s/agent_loop/compute_score/min:np.float64(0.006846312433481216) - timing_s/agent_loop/compute_score/max:np.float64(0.027275335043668747) - timing_s/agent_loop/compute_score/mean:np.float64(0.010909107470070012) - timing_s/agent_loop/slowest/generate_sequences:np.float64(21.405624393373728) - timing_s/agent_loop/slowest/tool_calls:np.float64(0.0) - timing_s/agent_loop/slowest/compute_score:np.float64(0.00971350446343422) - timing_s/agent_loop/slowest/num_preempted:np.int64(-1) - timing_s/agent_loop/slowest/prompt_length:76 - timing_s/agent_loop/slowest/response_length:1024 - timing_s/gen:22.70575562864542 - timing_s/reward:3.71001660823822e-05 - timing_s/old_log_prob:46.160594914108515 - timing_s/ref:65.34513714909554 - timing_s/adv:0.013639390468597412 - timing_s/update_actor:191.5481057651341 - timing_s/update_weights:4.739363070577383 - timing_s/step:330.6621889770031 - timing_s/stop_profile:0.00020601600408554077 - timing_per_token_ms/gen:0.09492769609367206 - timing_per_token_ms/update_actor:0.6877602447493235 - timing_per_token_ms/ref:0.23462402480735176 - timing_per_token_ms/adv:4.897271361386454e-05 - perf/total_num_tokens:278510 - perf/time_per_step:330.6621889770031 - perf/throughput:210.5698877014404
[36m(TaskRunner pid=2033431)[0m local_global_step_folder: checkpoints/grpo_rlvr_math/qwen3_4b_gsm8k/global_step_20
[36m(TaskRunner pid=2033431)[0m test_gen_batch meta info: {'eos_token_id': 151645, 'pad_token_id': 151643, 'recompute_log_prob': False, 'do_sample': False, 'validate': True, 'global_steps': 20}
[36m(TaskRunner pid=2033431)[0m validation generation end
[36m(TaskRunner pid=2033431)[0m step:20 - global_seqlen/min:69957 - global_seqlen/max:75860 - global_seqlen/minmax_diff:5903 - global_seqlen/balanced_min:73276 - global_seqlen/balanced_max:73279 - global_seqlen/mean:73277.5 - actor/entropy:0.10706830024719238 - perf/mfu/actor_infer:0.04007034258337336 - actor/pg_clipfrac:np.float64(0.0004866688934725971) - actor/ppo_kl:np.float64(9.052590134106531e-05) - actor/pg_clipfrac_lower:np.float64(0.0) - actor/pg_loss:np.float64(0.030063787125982344) - actor/kl_loss:np.float64(0.059816967870574445) - actor/kl_coef:np.float64(0.0010000000000000005) - actor/loss:np.float64(0.030123607721179724) - actor/grad_norm:np.float64(0.35264551639556885) - actor/perf/max_memory_allocated_gb:np.float64(20.273035049438477) - actor/perf/max_memory_reserved_gb:np.float64(34.158203125) - actor/perf/cpu_memory_used_gb:np.float64(124.58731269836426) - actor/lr:np.float64(1e-06) - perf/mfu/actor:np.float64(0.028718124273002923) - val-aux/openai/gsm8k/reward/mean@1:np.float64(0.8711144806671721) - val-core/openai/gsm8k/acc/mean@1:np.float64(0.8711144806671721) - val-aux/num_turns/min:np.int32(2) - val-aux/num_turns/max:np.int32(2) - val-aux/num_turns/mean:np.float64(2.0) - training/global_step:20 - training/epoch:0 - critic/score/mean:0.884765625 - critic/score/max:1.0 - critic/score/min:0.0 - critic/rewards/mean:0.884765625 - critic/rewards/max:1.0 - critic/rewards/min:0.0 - critic/advantages/mean:-0.029776399955153465 - critic/advantages/max:1.6201815605163574 - critic/advantages/min:-2.4748666286468506 - critic/returns/mean:-0.029776399955153465 - critic/returns/max:1.6201815605163574 - critic/returns/min:-2.4748666286468506 - response_length/mean:493.12109375 - response_length/max:1024.0 - response_length/min:196.0 - response_length/clip_ratio:0.068359375 - response_length_non_aborted/mean:493.12109375 - response_length_non_aborted/max:1024.0 - response_length_non_aborted/min:196.0 - response_length_non_aborted/clip_ratio:0.068359375 - response/aborted_ratio:0.0 - prompt_length/mean:79.359375 - prompt_length/max:140.0 - prompt_length/min:45.0 - prompt_length/clip_ratio:0.0 - num_turns/min:np.int32(2) - num_turns/max:np.int32(2) - num_turns/mean:np.float64(2.0) - timing_s/start_profile:7.547810673713684e-05 - timing_s/agent_loop/num_preempted/min:np.int64(-1) - timing_s/agent_loop/num_preempted/max:np.int64(-1) - timing_s/agent_loop/num_preempted/mean:np.float64(-1.0) - timing_s/agent_loop/generate_sequences/min:np.float64(4.804121106863022) - timing_s/agent_loop/generate_sequences/max:np.float64(22.29571134597063) - timing_s/agent_loop/generate_sequences/mean:np.float64(12.005465124027978) - timing_s/agent_loop/tool_calls/min:np.float64(0.0) - timing_s/agent_loop/tool_calls/max:np.float64(0.0) - timing_s/agent_loop/tool_calls/mean:np.float64(0.0) - timing_s/agent_loop/compute_score/min:np.float64(0.006367936730384827) - timing_s/agent_loop/compute_score/max:np.float64(0.036144159734249115) - timing_s/agent_loop/compute_score/mean:np.float64(0.010804675534018315) - timing_s/agent_loop/slowest/generate_sequences:np.float64(22.29571134597063) - timing_s/agent_loop/slowest/tool_calls:np.float64(0.0) - timing_s/agent_loop/slowest/compute_score:np.float64(0.009513206779956818) - timing_s/agent_loop/slowest/num_preempted:np.int64(-1) - timing_s/agent_loop/slowest/prompt_length:87 - timing_s/agent_loop/slowest/response_length:1024 - timing_s/gen:23.55505557358265 - timing_s/reward:3.06740403175354e-05 - timing_s/old_log_prob:46.148256719112396 - timing_s/ref:65.07888622581959 - timing_s/adv:0.020139850676059723 - timing_s/update_actor:191.3058136254549 - timing_s/save_checkpoint:8419.715783376247 - timing_s/update_weights:4.6976585909724236 - timing_s/step:8750.6727723293 - timing_s/testing:78.8130555562675 - timing_s/stop_profile:0.00010455772280693054 - timing_per_token_ms/gen:0.09329547752114105 - timing_per_token_ms/update_actor:0.6526758337329156 - timing_per_token_ms/ref:0.22202888412479815 - timing_per_token_ms/adv:6.871089582770879e-05 - perf/total_num_tokens:293110 - perf/time_per_step:8750.6727723293 - perf/throughput:8.3739275717991
[36m(TaskRunner pid=2033431)[0m step:21 - global_seqlen/min:62934 - global_seqlen/max:71672 - global_seqlen/minmax_diff:8738 - global_seqlen/balanced_min:69081 - global_seqlen/balanced_max:69083 - global_seqlen/mean:69081.5 - actor/entropy:0.10696365684270859 - perf/mfu/actor_infer:0.03778546811842629 - actor/pg_clipfrac:np.float64(0.0003844646357720194) - actor/ppo_kl:np.float64(5.2892598155551696e-05) - actor/pg_clipfrac_lower:np.float64(0.0) - actor/pg_loss:np.float64(0.017147979204310104) - actor/kl_loss:np.float64(0.06451000365632353) - actor/kl_coef:np.float64(0.0010000000000000005) - actor/loss:np.float64(0.01721248682588339) - actor/grad_norm:np.float64(0.3424152433872223) - actor/perf/max_memory_allocated_gb:np.float64(20.273035049438477) - actor/perf/max_memory_reserved_gb:np.float64(34.158203125) - actor/perf/cpu_memory_used_gb:np.float64(124.74367332458496) - actor/lr:np.float64(1e-06) - perf/mfu/actor:np.float64(0.026980839369460996) - training/global_step:21 - training/epoch:0 - critic/score/mean:0.904296875 - critic/score/max:1.0 - critic/score/min:0.0 - critic/rewards/mean:0.904296875 - critic/rewards/max:1.0 - critic/rewards/min:0.0 - critic/advantages/mean:-0.017133479937911034 - critic/advantages/max:2.4748666286468506 - critic/advantages/min:-2.4748666286468506 - critic/returns/mean:-0.017133479937911034 - critic/returns/max:2.4748666286468506 - critic/returns/min:-2.4748666286468506 - response_length/mean:458.05859375 - response_length/max:1024.0 - response_length/min:158.0 - response_length/clip_ratio:0.05859375 - response_length_non_aborted/mean:458.05859375 - response_length_non_aborted/max:1024.0 - response_length_non_aborted/min:158.0 - response_length_non_aborted/clip_ratio:0.05859375 - response/aborted_ratio:0.0 - prompt_length/mean:81.640625 - prompt_length/max:133.0 - prompt_length/min:52.0 - prompt_length/clip_ratio:0.0 - num_turns/min:np.int32(2) - num_turns/max:np.int32(2) - num_turns/mean:np.float64(2.0) - timing_s/start_profile:0.0001587308943271637 - timing_s/agent_loop/num_preempted/min:np.int64(-1) - timing_s/agent_loop/num_preempted/max:np.int64(-1) - timing_s/agent_loop/num_preempted/mean:np.float64(-1.0) - timing_s/agent_loop/generate_sequences/min:np.float64(4.053481016308069) - timing_s/agent_loop/generate_sequences/max:np.float64(22.054838821291924) - timing_s/agent_loop/generate_sequences/mean:np.float64(11.274665820987138) - timing_s/agent_loop/tool_calls/min:np.float64(0.0) - timing_s/agent_loop/tool_calls/max:np.float64(0.0) - timing_s/agent_loop/tool_calls/mean:np.float64(0.0) - timing_s/agent_loop/compute_score/min:np.float64(0.006415128707885742) - timing_s/agent_loop/compute_score/max:np.float64(0.031705766916275024) - timing_s/agent_loop/compute_score/mean:np.float64(0.01063530830288073) - timing_s/agent_loop/slowest/generate_sequences:np.float64(22.054838821291924) - timing_s/agent_loop/slowest/tool_calls:np.float64(0.0) - timing_s/agent_loop/slowest/compute_score:np.float64(0.009805470705032349) - timing_s/agent_loop/slowest/num_preempted:np.int64(-1) - timing_s/agent_loop/slowest/prompt_length:100 - timing_s/agent_loop/slowest/response_length:1024 - timing_s/gen:23.37752540782094 - timing_s/reward:2.6650726795196533e-05 - timing_s/old_log_prob:46.09521047025919 - timing_s/ref:64.65690108761191 - timing_s/adv:0.017048899084329605 - timing_s/update_actor:191.87254733219743 - timing_s/update_weights:7.357015609741211 - timing_s/step:333.49960058927536 - timing_s/stop_profile:0.00011202692985534668 - timing_per_token_ms/gen:0.09967988797754168 - timing_per_token_ms/update_actor:0.6943702269500425 - timing_per_token_ms/ref:0.2339877575313648 - timing_per_token_ms/adv:6.16984977321338e-05 - perf/total_num_tokens:276326 - perf/time_per_step:333.49960058927536 - perf/throughput:207.14117761441636
[36m(TaskRunner pid=2033431)[0m step:22 - global_seqlen/min:56288 - global_seqlen/max:81601 - global_seqlen/minmax_diff:25313 - global_seqlen/balanced_min:70985 - global_seqlen/balanced_max:70989 - global_seqlen/mean:70987.25 - actor/entropy:0.10064612329006195 - perf/mfu/actor_infer:0.038591013386140044 - actor/pg_clipfrac:np.float64(0.00027155150110047543) - actor/ppo_kl:np.float64(2.3018719002010357e-06) - actor/pg_clipfrac_lower:np.float64(0.0) - actor/pg_loss:np.float64(0.01916026184335351) - actor/kl_loss:np.float64(0.06587462618699647) - actor/kl_coef:np.float64(0.0010000000000000005) - actor/loss:np.float64(0.019226135686039925) - actor/grad_norm:np.float64(0.2936724126338959) - actor/perf/max_memory_allocated_gb:np.float64(20.273035049438477) - actor/perf/max_memory_reserved_gb:np.float64(34.158203125) - actor/perf/cpu_memory_used_gb:np.float64(124.15177345275879) - actor/lr:np.float64(1e-06) - perf/mfu/actor:np.float64(0.027626077412081573) - training/global_step:22 - training/epoch:0 - critic/score/mean:0.884765625 - critic/score/max:1.0 - critic/score/min:0.0 - critic/rewards/mean:0.884765625 - critic/rewards/max:1.0 - critic/rewards/min:0.0 - critic/advantages/mean:-0.019043458625674248 - critic/advantages/max:2.4748666286468506 - critic/advantages/min:-1.6201815605163574 - critic/returns/mean:-0.019043458625674248 - critic/returns/max:2.4748666286468506 - critic/returns/min:-1.6201815605163574 - response_length/mean:476.337890625 - response_length/max:1024.0 - response_length/min:125.0 - response_length/clip_ratio:0.068359375 - response_length_non_aborted/mean:476.337890625 - response_length_non_aborted/max:1024.0 - response_length_non_aborted/min:125.0 - response_length_non_aborted/clip_ratio:0.068359375 - response/aborted_ratio:0.0 - prompt_length/mean:78.25 - prompt_length/max:135.0 - prompt_length/min:53.0 - prompt_length/clip_ratio:0.0 - num_turns/min:np.int32(2) - num_turns/max:np.int32(2) - num_turns/mean:np.float64(2.0) - timing_s/start_profile:0.0001034364104270935 - timing_s/agent_loop/num_preempted/min:np.int64(-1) - timing_s/agent_loop/num_preempted/max:np.int64(-1) - timing_s/agent_loop/num_preempted/mean:np.float64(-1.0) - timing_s/agent_loop/generate_sequences/min:np.float64(3.2042706795036793) - timing_s/agent_loop/generate_sequences/max:np.float64(22.132013086229563) - timing_s/agent_loop/generate_sequences/mean:np.float64(11.490042698642355) - timing_s/agent_loop/tool_calls/min:np.float64(0.0) - timing_s/agent_loop/tool_calls/max:np.float64(0.0) - timing_s/agent_loop/tool_calls/mean:np.float64(0.0) - timing_s/agent_loop/compute_score/min:np.float64(0.006378699094057083) - timing_s/agent_loop/compute_score/max:np.float64(0.03248869255185127) - timing_s/agent_loop/compute_score/mean:np.float64(0.011009038767952006) - timing_s/agent_loop/slowest/generate_sequences:np.float64(22.132013086229563) - timing_s/agent_loop/slowest/tool_calls:np.float64(0.0) - timing_s/agent_loop/slowest/compute_score:np.float64(0.009378563612699509) - timing_s/agent_loop/slowest/num_preempted:np.int64(-1) - timing_s/agent_loop/slowest/prompt_length:83 - timing_s/agent_loop/slowest/response_length:1024 - timing_s/gen:23.20353612303734 - timing_s/reward:2.9649585485458374e-05 - timing_s/old_log_prob:49.52389880269766 - timing_s/ref:67.16820399463177 - timing_s/adv:0.017919614911079407 - timing_s/update_actor:199.57355444133282 - timing_s/update_weights:4.882567074149847 - timing_s/step:344.5203065238893 - timing_s/stop_profile:0.0001689717173576355 - timing_per_token_ms/gen:0.09514130070745366 - timing_per_token_ms/update_actor:0.7028499992651245 - timing_per_token_ms/ref:0.23655023963680719 - timing_per_token_ms/adv:6.31085684791262e-05 - perf/total_num_tokens:283949 - perf/time_per_step:344.5203065238893 - perf/throughput:206.04663543998586
[36m(TaskRunner pid=2033431)[0m step:23 - global_seqlen/min:64006 - global_seqlen/max:72103 - global_seqlen/minmax_diff:8097 - global_seqlen/balanced_min:67357 - global_seqlen/balanced_max:67359 - global_seqlen/mean:67358.25 - actor/entropy:0.09848808497190475 - perf/mfu/actor_infer:0.03708967287693221 - actor/pg_clipfrac:np.float64(0.0003168889825246879) - actor/ppo_kl:np.float64(-2.346212816561888e-05) - actor/pg_clipfrac_lower:np.float64(0.0) - actor/pg_loss:np.float64(0.02858179557370022) - actor/kl_loss:np.float64(0.0747618806490209) - actor/kl_coef:np.float64(0.0010000000000000005) - actor/loss:np.float64(0.028656555339694023) - actor/grad_norm:np.float64(0.3710525184869766) - actor/perf/max_memory_allocated_gb:np.float64(20.273035049438477) - actor/perf/max_memory_reserved_gb:np.float64(34.158203125) - actor/perf/cpu_memory_used_gb:np.float64(124.62445259094238) - actor/lr:np.float64(1e-06) - perf/mfu/actor:np.float64(0.026323632149035582) - training/global_step:23 - training/epoch:0 - critic/score/mean:0.947265625 - critic/score/max:1.0 - critic/score/min:0.0 - critic/rewards/mean:0.947265625 - critic/rewards/max:1.0 - critic/rewards/min:0.0 - critic/advantages/mean:-0.028514457866549492 - critic/advantages/max:2.4748666286468506 - critic/advantages/min:-2.4748666286468506 - critic/returns/mean:-0.028514457866549492 - critic/returns/max:2.4748666286468506 - critic/returns/min:-2.4748666286468506 - response_length/mean:441.236328125 - response_length/max:1024.0 - response_length/min:151.0 - response_length/clip_ratio:0.03125 - response_length_non_aborted/mean:441.236328125 - response_length_non_aborted/max:1024.0 - response_length_non_aborted/min:151.0 - response_length_non_aborted/clip_ratio:0.03125 - response/aborted_ratio:0.0 - prompt_length/mean:85.0 - prompt_length/max:148.0 - prompt_length/min:54.0 - prompt_length/clip_ratio:0.0 - num_turns/min:np.int32(2) - num_turns/max:np.int32(2) - num_turns/mean:np.float64(2.0) - timing_s/start_profile:7.904693484306335e-05 - timing_s/agent_loop/num_preempted/min:np.int64(-1) - timing_s/agent_loop/num_preempted/max:np.int64(-1) - timing_s/agent_loop/num_preempted/mean:np.float64(-1.0) - timing_s/agent_loop/generate_sequences/min:np.float64(4.304860811680555) - timing_s/agent_loop/generate_sequences/max:np.float64(20.9785348251462) - timing_s/agent_loop/generate_sequences/mean:np.float64(10.758589999873948) - timing_s/agent_loop/tool_calls/min:np.float64(0.0) - timing_s/agent_loop/tool_calls/max:np.float64(0.0) - timing_s/agent_loop/tool_calls/mean:np.float64(0.0) - timing_s/agent_loop/compute_score/min:np.float64(0.007001049816608429) - timing_s/agent_loop/compute_score/max:np.float64(0.029179085046052933) - timing_s/agent_loop/compute_score/mean:np.float64(0.011126779216283467) - timing_s/agent_loop/slowest/generate_sequences:np.float64(20.9785348251462) - timing_s/agent_loop/slowest/tool_calls:np.float64(0.0) - timing_s/agent_loop/slowest/compute_score:np.float64(0.0158032588660717) - timing_s/agent_loop/slowest/num_preempted:np.int64(-1) - timing_s/agent_loop/slowest/prompt_length:88 - timing_s/agent_loop/slowest/response_length:1024 - timing_s/gen:22.059219416230917 - timing_s/reward:2.374500036239624e-05 - timing_s/old_log_prob:45.68084295839071 - timing_s/ref:64.51865375041962 - timing_s/adv:0.017525311559438705 - timing_s/update_actor:209.13784927129745 - timing_s/update_weights:4.686988390982151 - timing_s/step:346.2155899517238 - timing_s/stop_profile:0.00013219937682151794 - timing_per_token_ms/gen:0.09764475446844988 - timing_per_token_ms/update_actor:0.7762146777540148 - timing_per_token_ms/ref:0.23946084462712294 - timing_per_token_ms/adv:6.504515615918875e-05 - perf/total_num_tokens:269433 - perf/time_per_step:346.2155899517238 - perf/throughput:194.55579689346862
[36m(TaskRunner pid=2033431)[0m step:24 - global_seqlen/min:62056 - global_seqlen/max:75634 - global_seqlen/minmax_diff:13578 - global_seqlen/balanced_min:71598 - global_seqlen/balanced_max:71599 - global_seqlen/mean:71598.25 - actor/entropy:0.11869360506534576 - perf/mfu/actor_infer:0.03881272416842374 - actor/pg_clipfrac:np.float64(0.00040607292339700507) - actor/ppo_kl:np.float64(6.386813140579761e-07) - actor/pg_clipfrac_lower:np.float64(0.0) - actor/pg_loss:np.float64(0.023649634724279167) - actor/kl_loss:np.float64(0.07028217713377671) - actor/kl_coef:np.float64(0.0010000000000000005) - actor/loss:np.float64(0.023719914257526398) - actor/grad_norm:np.float64(0.3271566331386566) - actor/perf/max_memory_allocated_gb:np.float64(20.273035049438477) - actor/perf/max_memory_reserved_gb:np.float64(34.158203125) - actor/perf/cpu_memory_used_gb:np.float64(124.39007377624512) - actor/lr:np.float64(1e-06) - perf/mfu/actor:np.float64(0.02805173402125222) - training/global_step:24 - training/epoch:0 - critic/score/mean:0.904296875 - critic/score/max:1.0 - critic/score/min:0.0 - critic/rewards/mean:0.904296875 - critic/rewards/max:1.0 - critic/rewards/min:0.0 - critic/advantages/mean:-0.02385159768164158 - critic/advantages/max:2.4748666286468506 - critic/advantages/min:-2.4748666286468506 - critic/returns/mean:-0.02385159768164158 - critic/returns/max:2.4748666286468506 - critic/returns/min:-2.4748666286468506 - response_length/mean:472.142578125 - response_length/max:1024.0 - response_length/min:203.0 - response_length/clip_ratio:0.080078125 - response_length_non_aborted/mean:472.142578125 - response_length_non_aborted/max:1024.0 - response_length_non_aborted/min:203.0 - response_length_non_aborted/clip_ratio:0.080078125 - response/aborted_ratio:0.0 - prompt_length/mean:87.21875 - prompt_length/max:156.0 - prompt_length/min:51.0 - prompt_length/clip_ratio:0.0 - num_turns/min:np.int32(2) - num_turns/max:np.int32(2) - num_turns/mean:np.float64(2.0) - timing_s/start_profile:0.00018211454153060913 - timing_s/agent_loop/num_preempted/min:np.int64(-1) - timing_s/agent_loop/num_preempted/max:np.int64(-1) - timing_s/agent_loop/num_preempted/mean:np.float64(-1.0) - timing_s/agent_loop/generate_sequences/min:np.float64(5.038762271404266) - timing_s/agent_loop/generate_sequences/max:np.float64(22.109039593487978) - timing_s/agent_loop/generate_sequences/mean:np.float64(11.379854647573666) - timing_s/agent_loop/tool_calls/min:np.float64(0.0) - timing_s/agent_loop/tool_calls/max:np.float64(0.0) - timing_s/agent_loop/tool_calls/mean:np.float64(0.0) - timing_s/agent_loop/compute_score/min:np.float64(0.007208630442619324) - timing_s/agent_loop/compute_score/max:np.float64(0.03940349072217941) - timing_s/agent_loop/compute_score/mean:np.float64(0.011341829631419387) - timing_s/agent_loop/slowest/generate_sequences:np.float64(22.109039593487978) - timing_s/agent_loop/slowest/tool_calls:np.float64(0.0) - timing_s/agent_loop/slowest/compute_score:np.float64(0.009283311665058136) - timing_s/agent_loop/slowest/num_preempted:np.int64(-1) - timing_s/agent_loop/slowest/prompt_length:130 - timing_s/agent_loop/slowest/response_length:1024 - timing_s/gen:23.151448905467987 - timing_s/reward:2.0034611225128174e-05 - timing_s/old_log_prob:60.56827951595187 - timing_s/ref:64.50709833204746 - timing_s/adv:0.017364155501127243 - timing_s/update_actor:191.49534484744072 - timing_s/update_weights:13.762413512915373 - timing_s/step:353.6450345888734 - timing_s/stop_profile:0.00018247589468955994 - timing_per_token_ms/gen:0.09577122618990054 - timing_per_token_ms/update_actor:0.6686453399609652 - timing_per_token_ms/ref:0.22523978704803352 - timing_per_token_ms/adv:6.0630516462089655e-05 - perf/total_num_tokens:286393 - perf/time_per_step:353.6450345888734 - perf/throughput:202.45795358963784
[36m(TaskRunner pid=2033431)[0m step:25 - global_seqlen/min:63342 - global_seqlen/max:65775 - global_seqlen/minmax_diff:2433 - global_seqlen/balanced_min:65054 - global_seqlen/balanced_max:65056 - global_seqlen/mean:65055.5 - actor/entropy:0.09261013567447662 - perf/mfu/actor_infer:0.035822017553057216 - actor/pg_clipfrac:np.float64(0.0004010771613138786) - actor/ppo_kl:np.float64(5.817004748820409e-05) - actor/pg_clipfrac_lower:np.float64(0.0) - actor/pg_loss:np.float64(0.014052182086743414) - actor/kl_loss:np.float64(0.08171530255640391) - actor/kl_coef:np.float64(0.0010000000000000005) - actor/loss:np.float64(0.014133899006992579) - actor/grad_norm:np.float64(0.3115008920431137) - actor/perf/max_memory_allocated_gb:np.float64(20.273035049438477) - actor/perf/max_memory_reserved_gb:np.float64(34.158203125) - actor/perf/cpu_memory_used_gb:np.float64(125.01992607116699) - actor/lr:np.float64(1e-06) - perf/mfu/actor:np.float64(0.025488068332824434) - training/global_step:25 - training/epoch:0 - critic/score/mean:0.955078125 - critic/score/max:1.0 - critic/score/min:0.0 - critic/rewards/mean:0.955078125 - critic/rewards/max:1.0 - critic/rewards/min:0.0 - critic/advantages/mean:-0.013860258273780346 - critic/advantages/max:1.6201815605163574 - critic/advantages/min:-2.4748666286468506 - critic/returns/mean:-0.013860258273780346 - critic/returns/max:1.6201815605163574 - critic/returns/min:-2.4748666286468506 - response_length/mean:421.35546875 - response_length/max:1024.0 - response_length/min:172.0 - response_length/clip_ratio:0.017578125 - response_length_non_aborted/mean:421.35546875 - response_length_non_aborted/max:1024.0 - response_length_non_aborted/min:172.0 - response_length_non_aborted/clip_ratio:0.017578125 - response/aborted_ratio:0.0 - prompt_length/mean:86.890625 - prompt_length/max:190.0 - prompt_length/min:50.0 - prompt_length/clip_ratio:0.0 - num_turns/min:np.int32(2) - num_turns/max:np.int32(2) - num_turns/mean:np.float64(2.0) - timing_s/start_profile:0.0001214742660522461 - timing_s/agent_loop/num_preempted/min:np.int64(-1) - timing_s/agent_loop/num_preempted/max:np.int64(-1) - timing_s/agent_loop/num_preempted/mean:np.float64(-1.0) - timing_s/agent_loop/generate_sequences/min:np.float64(4.484001837670803) - timing_s/agent_loop/generate_sequences/max:np.float64(20.46480842679739) - timing_s/agent_loop/generate_sequences/mean:np.float64(10.280679983465234) - timing_s/agent_loop/tool_calls/min:np.float64(0.0) - timing_s/agent_loop/tool_calls/max:np.float64(0.0) - timing_s/agent_loop/tool_calls/mean:np.float64(0.0) - timing_s/agent_loop/compute_score/min:np.float64(0.00621868297457695) - timing_s/agent_loop/compute_score/max:np.float64(0.02438269555568695) - timing_s/agent_loop/compute_score/mean:np.float64(0.010733810006058775) - timing_s/agent_loop/slowest/generate_sequences:np.float64(20.46480842679739) - timing_s/agent_loop/slowest/tool_calls:np.float64(0.0) - timing_s/agent_loop/slowest/compute_score:np.float64(0.011956252157688141) - timing_s/agent_loop/slowest/num_preempted:np.int64(-1) - timing_s/agent_loop/slowest/prompt_length:116 - timing_s/agent_loop/slowest/response_length:1020 - timing_s/gen:21.53482549637556 - timing_s/reward:3.22684645652771e-05 - timing_s/old_log_prob:46.037297673523426 - timing_s/ref:64.5559239089489 - timing_s/adv:0.01797361671924591 - timing_s/update_actor:191.04086374118924 - timing_s/update_weights:5.0644109807908535 - timing_s/step:328.41127153113484 - timing_s/stop_profile:0.00016558170318603516 - timing_per_token_ms/gen:0.0998211941389654 - timing_per_token_ms/update_actor:0.7341457053638403 - timing_per_token_ms/ref:0.24808019271602286 - timing_per_token_ms/adv:6.907031964724701e-05 - perf/total_num_tokens:260222 - perf/time_per_step:328.41127153113484 - perf/throughput:198.0915566530196
[36m(TaskRunner pid=2033431)[0m step:26 - global_seqlen/min:62288 - global_seqlen/max:70177 - global_seqlen/minmax_diff:7889 - global_seqlen/balanced_min:66369 - global_seqlen/balanced_max:66372 - global_seqlen/mean:66370.75 - actor/entropy:0.09728612005710602 - perf/mfu/actor_infer:0.03639992423872292 - actor/pg_clipfrac:np.float64(0.0003934481462692929) - actor/ppo_kl:np.float64(1.0949687993644375e-05) - actor/pg_clipfrac_lower:np.float64(0.0) - actor/pg_loss:np.float64(0.03345745225669816) - actor/kl_loss:np.float64(0.07803409628104419) - actor/kl_coef:np.float64(0.0010000000000000005) - actor/loss:np.float64(0.03353548236191273) - actor/grad_norm:np.float64(0.36645330488681793) - actor/perf/max_memory_allocated_gb:np.float64(20.273035049438477) - actor/perf/max_memory_reserved_gb:np.float64(34.158203125) - actor/perf/cpu_memory_used_gb:np.float64(124.41641044616699) - actor/lr:np.float64(1e-06) - perf/mfu/actor:np.float64(0.026090277121930735) - training/global_step:26 - training/epoch:0 - critic/score/mean:0.94921875 - critic/score/max:1.0 - critic/score/min:0.0 - critic/rewards/mean:0.94921875 - critic/rewards/max:1.0 - critic/rewards/min:0.0 - critic/advantages/mean:-0.03333909437060356 - critic/advantages/max:2.4748666286468506 - critic/advantages/min:-2.4748666286468506 - critic/returns/mean:-0.03333909437060356 - critic/returns/max:2.4748666286468506 - critic/returns/min:-2.4748666286468506 - response_length/mean:435.115234375 - response_length/max:1024.0 - response_length/min:160.0 - response_length/clip_ratio:0.048828125 - response_length_non_aborted/mean:435.115234375 - response_length_non_aborted/max:1024.0 - response_length_non_aborted/min:160.0 - response_length_non_aborted/clip_ratio:0.048828125 - response/aborted_ratio:0.0 - prompt_length/mean:83.40625 - prompt_length/max:140.0 - prompt_length/min:42.0 - prompt_length/clip_ratio:0.0 - num_turns/min:np.int32(2) - num_turns/max:np.int32(2) - num_turns/mean:np.float64(2.0) - timing_s/start_profile:0.00010640546679496765 - timing_s/agent_loop/num_preempted/min:np.int64(-1) - timing_s/agent_loop/num_preempted/max:np.int64(-1) - timing_s/agent_loop/num_preempted/mean:np.float64(-1.0) - timing_s/agent_loop/generate_sequences/min:np.float64(3.7897203788161278) - timing_s/agent_loop/generate_sequences/max:np.float64(26.198193807154894) - timing_s/agent_loop/generate_sequences/mean:np.float64(10.910418475643382) - timing_s/agent_loop/tool_calls/min:np.float64(0.0) - timing_s/agent_loop/tool_calls/max:np.float64(0.0) - timing_s/agent_loop/tool_calls/mean:np.float64(0.0) - timing_s/agent_loop/compute_score/min:np.float64(0.006555184721946716) - timing_s/agent_loop/compute_score/max:np.float64(0.026385467499494553) - timing_s/agent_loop/compute_score/mean:np.float64(0.01096136280830251) - timing_s/agent_loop/slowest/generate_sequences:np.float64(26.198193807154894) - timing_s/agent_loop/slowest/tool_calls:np.float64(0.0) - timing_s/agent_loop/slowest/compute_score:np.float64(0.009894810616970062) - timing_s/agent_loop/slowest/num_preempted:np.int64(-1) - timing_s/agent_loop/slowest/prompt_length:72 - timing_s/agent_loop/slowest/response_length:1024 - timing_s/gen:37.92951533570886 - timing_s/reward:2.567097544670105e-05 - timing_s/old_log_prob:52.09854228794575 - timing_s/ref:64.77888824790716 - timing_s/adv:0.017000973224639893 - timing_s/update_actor:232.8310934305191 - timing_s/update_weights:5.78835741057992 - timing_s/step:393.59466833621264 - timing_s/stop_profile:0.00013263151049613953 - timing_per_token_ms/gen:0.17025624199636796 - timing_per_token_ms/update_actor:0.8770094259538995 - timing_per_token_ms/ref:0.244003903255226 - timing_per_token_ms/adv:6.403789781130955e-05 - perf/total_num_tokens:265483 - perf/time_per_step:393.59466833621264 - perf/throughput:168.62715717303726
[36m(TaskRunner pid=2033431)[0m step:27 - global_seqlen/min:65125 - global_seqlen/max:75499 - global_seqlen/minmax_diff:10374 - global_seqlen/balanced_min:70169 - global_seqlen/balanced_max:70170 - global_seqlen/mean:70169.5 - actor/entropy:0.10245690494775772 - perf/mfu/actor_infer:0.03823374907821547 - actor/pg_clipfrac:np.float64(0.00031372608100355137) - actor/ppo_kl:np.float64(1.635332423832736e-05) - actor/pg_clipfrac_lower:np.float64(0.0) - actor/pg_loss:np.float64(0.018601322488393635) - actor/kl_loss:np.float64(0.07890167689765804) - actor/kl_coef:np.float64(0.0010000000000000005) - actor/loss:np.float64(0.018680223263800144) - actor/grad_norm:np.float64(0.3297290802001953) - actor/perf/max_memory_allocated_gb:np.float64(20.273035049438477) - actor/perf/max_memory_reserved_gb:np.float64(34.158203125) - actor/perf/cpu_memory_used_gb:np.float64(124.72964477539062) - actor/lr:np.float64(1e-06) - perf/mfu/actor:np.float64(0.027508573853672634) - training/global_step:27 - training/epoch:0 - critic/score/mean:0.947265625 - critic/score/max:1.0 - critic/score/min:0.0 - critic/rewards/mean:0.947265625 - critic/rewards/max:1.0 - critic/rewards/min:0.0 - critic/advantages/mean:-0.018580462783575058 - critic/advantages/max:1.20761239528656 - critic/advantages/min:-2.4748666286468506 - critic/returns/mean:-0.018580462783575058 - critic/returns/max:1.20761239528656 - critic/returns/min:-2.4748666286468506 - response_length/mean:461.62109375 - response_length/max:1024.0 - response_length/min:171.0 - response_length/clip_ratio:0.037109375 - response_length_non_aborted/mean:461.62109375 - response_length_non_aborted/max:1024.0 - response_length_non_aborted/min:171.0 - response_length_non_aborted/clip_ratio:0.037109375 - response/aborted_ratio:0.0 - prompt_length/mean:86.578125 - prompt_length/max:164.0 - prompt_length/min:46.0 - prompt_length/clip_ratio:0.0 - num_turns/min:np.int32(2) - num_turns/max:np.int32(2) - num_turns/mean:np.float64(2.0) - timing_s/start_profile:9.026005864143372e-05 - timing_s/agent_loop/num_preempted/min:np.int64(-1) - timing_s/agent_loop/num_preempted/max:np.int64(-1) - timing_s/agent_loop/num_preempted/mean:np.float64(-1.0) - timing_s/agent_loop/generate_sequences/min:np.float64(5.001233607530594) - timing_s/agent_loop/generate_sequences/max:np.float64(43.17941618338227) - timing_s/agent_loop/generate_sequences/mean:np.float64(15.440026134652726) - timing_s/agent_loop/tool_calls/min:np.float64(0.0) - timing_s/agent_loop/tool_calls/max:np.float64(0.0) - timing_s/agent_loop/tool_calls/mean:np.float64(0.0) - timing_s/agent_loop/compute_score/min:np.float64(0.006222102791070938) - timing_s/agent_loop/compute_score/max:np.float64(0.028781477361917496) - timing_s/agent_loop/compute_score/mean:np.float64(0.011060075310524553) - timing_s/agent_loop/slowest/generate_sequences:np.float64(43.17941618338227) - timing_s/agent_loop/slowest/tool_calls:np.float64(0.0) - timing_s/agent_loop/slowest/compute_score:np.float64(0.010776109993457794) - timing_s/agent_loop/slowest/num_preempted:np.int64(-1) - timing_s/agent_loop/slowest/prompt_length:58 - timing_s/agent_loop/slowest/response_length:1024 - timing_s/gen:90.69209596887231 - timing_s/reward:3.5274773836135864e-05 - timing_s/old_log_prob:46.26330826431513 - timing_s/ref:72.77126882970333 - timing_s/adv:0.026812013238668442 - timing_s/update_actor:191.17490781098604 - timing_s/update_weights:13.96963119879365 - timing_s/step:415.0529514476657 - timing_s/stop_profile:0.00013712793588638306 - timing_per_token_ms/gen:0.383719466760619 - timing_per_token_ms/update_actor:0.6811182487084347 - timing_per_token_ms/ref:0.2592695858945244 - timing_per_token_ms/adv:9.552588104043937e-05 - perf/total_num_tokens:280678 - perf/time_per_step:415.0529514476657 - perf/throughput:169.06156131465968
[36m(TaskRunner pid=2033431)[0m step:28 - global_seqlen/min:64936 - global_seqlen/max:81188 - global_seqlen/minmax_diff:16252 - global_seqlen/balanced_min:74408 - global_seqlen/balanced_max:74412 - global_seqlen/mean:74409.5 - actor/entropy:0.11939021199941635 - perf/mfu/actor_infer:0.04067133809172211 - actor/pg_clipfrac:np.float64(0.0005154306893473404) - actor/ppo_kl:np.float64(7.668530388826866e-05) - actor/pg_clipfrac_lower:np.float64(0.0) - actor/pg_loss:np.float64(0.016597786907368572) - actor/kl_loss:np.float64(0.07033528643660247) - actor/kl_coef:np.float64(0.0010000000000000005) - actor/loss:np.float64(0.01666812039911747) - actor/grad_norm:np.float64(0.3712092936038971) - actor/perf/max_memory_allocated_gb:np.float64(20.273035049438477) - actor/perf/max_memory_reserved_gb:np.float64(34.158203125) - actor/perf/cpu_memory_used_gb:np.float64(124.48601722717285) - actor/lr:np.float64(1e-06) - perf/mfu/actor:np.float64(0.029191749844159214) - training/global_step:28 - training/epoch:0 - critic/score/mean:0.814453125 - critic/score/max:1.0 - critic/score/min:0.0 - critic/rewards/mean:0.814453125 - critic/rewards/max:1.0 - critic/rewards/min:0.0 - critic/advantages/mean:-0.016510698944330215 - critic/advantages/max:2.4748666286468506 - critic/advantages/min:-2.4748666286468506 - critic/returns/mean:-0.016510698944330215 - critic/returns/max:2.4748666286468506 - critic/returns/min:-2.4748666286468506 - response_length/mean:497.43359375 - response_length/max:1024.0 - response_length/min:116.0 - response_length/clip_ratio:0.1171875 - response_length_non_aborted/mean:497.43359375 - response_length_non_aborted/max:1024.0 - response_length_non_aborted/min:116.0 - response_length_non_aborted/clip_ratio:0.1171875 - response/aborted_ratio:0.0 - prompt_length/mean:83.890625 - prompt_length/max:178.0 - prompt_length/min:42.0 - prompt_length/clip_ratio:0.0 - num_turns/min:np.int32(2) - num_turns/max:np.int32(2) - num_turns/mean:np.float64(2.0) - timing_s/start_profile:8.781999349594116e-05 - timing_s/agent_loop/num_preempted/min:np.int64(-1) - timing_s/agent_loop/num_preempted/max:np.int64(-1) - timing_s/agent_loop/num_preempted/mean:np.float64(-1.0) - timing_s/agent_loop/generate_sequences/min:np.float64(2.7313154861330986) - timing_s/agent_loop/generate_sequences/max:np.float64(76.29759132489562) - timing_s/agent_loop/generate_sequences/mean:np.float64(24.965430596392252) - timing_s/agent_loop/tool_calls/min:np.float64(0.0) - timing_s/agent_loop/tool_calls/max:np.float64(0.0) - timing_s/agent_loop/tool_calls/mean:np.float64(0.0) - timing_s/agent_loop/compute_score/min:np.float64(0.006866682320833206) - timing_s/agent_loop/compute_score/max:np.float64(0.06974209472537041) - timing_s/agent_loop/compute_score/mean:np.float64(0.011974833061685786) - timing_s/agent_loop/slowest/generate_sequences:np.float64(76.29759132489562) - timing_s/agent_loop/slowest/tool_calls:np.float64(0.0) - timing_s/agent_loop/slowest/compute_score:np.float64(0.008291151374578476) - timing_s/agent_loop/slowest/num_preempted:np.int64(-1) - timing_s/agent_loop/slowest/prompt_length:84 - timing_s/agent_loop/slowest/response_length:1024 - timing_s/gen:77.3439436070621 - timing_s/reward:2.690032124519348e-05 - timing_s/old_log_prob:46.22723761945963 - timing_s/ref:64.07393256574869 - timing_s/adv:0.01674439013004303 - timing_s/update_actor:251.85580652207136 - timing_s/update_weights:4.87432836741209 - timing_s/step:444.5479613877833 - timing_s/stop_profile:0.00019003823399543762 - timing_per_token_ms/gen:0.3036835303356372 - timing_per_token_ms/update_actor:0.8461816250682754 - timing_per_token_ms/ref:0.21527470472771854 - timing_per_token_ms/adv:5.625756835499173e-05 - perf/total_num_tokens:297638 - perf/time_per_step:444.5479613877833 - perf/throughput:167.38238944502078
[36m(TaskRunner pid=2033431)[0m step:29 - global_seqlen/min:60998 - global_seqlen/max:79751 - global_seqlen/minmax_diff:18753 - global_seqlen/balanced_min:68284 - global_seqlen/balanced_max:68286 - global_seqlen/mean:68285.0 - actor/entropy:0.09545591473579407 - perf/mfu/actor_infer:0.037544573717791144 - actor/pg_clipfrac:np.float64(0.00040047962556855055) - actor/ppo_kl:np.float64(-2.194049606529802e-05) - actor/pg_clipfrac_lower:np.float64(1.9073486328125e-06) - actor/pg_loss:np.float64(0.03195930045330897) - actor/kl_loss:np.float64(0.08092702101566829) - actor/kl_coef:np.float64(0.0010000000000000005) - actor/loss:np.float64(0.03204022906720638) - actor/grad_norm:np.float64(0.37072840332984924) - actor/perf/max_memory_allocated_gb:np.float64(20.273035049438477) - actor/perf/max_memory_reserved_gb:np.float64(34.158203125) - actor/perf/cpu_memory_used_gb:np.float64(124.13185501098633) - actor/lr:np.float64(1e-06) - perf/mfu/actor:np.float64(0.02670399300183142) - training/global_step:29 - training/epoch:0 - critic/score/mean:0.9375 - critic/score/max:1.0 - critic/score/min:0.0 - critic/rewards/mean:0.9375 - critic/rewards/max:1.0 - critic/rewards/min:0.0 - critic/advantages/mean:-0.03184962645173073 - critic/advantages/max:1.20761239528656 - critic/advantages/min:-2.4748666286468506 - critic/returns/mean:-0.03184962645173073 - critic/returns/max:1.20761239528656 - critic/returns/min:-2.4748666286468506 - response_length/mean:450.4296875 - response_length/max:1024.0 - response_length/min:164.0 - response_length/clip_ratio:0.041015625 - response_length_non_aborted/mean:450.4296875 - response_length_non_aborted/max:1024.0 - response_length_non_aborted/min:164.0 - response_length_non_aborted/clip_ratio:0.041015625 - response/aborted_ratio:0.0 - prompt_length/mean:83.046875 - prompt_length/max:145.0 - prompt_length/min:53.0 - prompt_length/clip_ratio:0.0 - num_turns/min:np.int32(2) - num_turns/max:np.int32(2) - num_turns/mean:np.float64(2.0) - timing_s/start_profile:0.00014549866318702698 - timing_s/agent_loop/num_preempted/min:np.int64(-1) - timing_s/agent_loop/num_preempted/max:np.int64(-1) - timing_s/agent_loop/num_preempted/mean:np.float64(-1.0) - timing_s/agent_loop/generate_sequences/min:np.float64(4.003654316067696) - timing_s/agent_loop/generate_sequences/max:np.float64(61.57061426341534) - timing_s/agent_loop/generate_sequences/mean:np.float64(46.8268856521463) - timing_s/agent_loop/tool_calls/min:np.float64(0.0) - timing_s/agent_loop/tool_calls/max:np.float64(0.0) - timing_s/agent_loop/tool_calls/mean:np.float64(0.0) - timing_s/agent_loop/compute_score/min:np.float64(0.0066160038113594055) - timing_s/agent_loop/compute_score/max:np.float64(0.02741026133298874) - timing_s/agent_loop/compute_score/mean:np.float64(0.010979820945067331) - timing_s/agent_loop/slowest/generate_sequences:np.float64(61.57061426341534) - timing_s/agent_loop/slowest/tool_calls:np.float64(0.0) - timing_s/agent_loop/slowest/compute_score:np.float64(0.01124662533402443) - timing_s/agent_loop/slowest/num_preempted:np.int64(-1) - timing_s/agent_loop/slowest/prompt_length:70 - timing_s/agent_loop/slowest/response_length:1024 - timing_s/gen:62.6450170725584 - timing_s/reward:2.736225724220276e-05 - timing_s/old_log_prob:45.771410685032606 - timing_s/ref:64.4955729842186 - timing_s/adv:0.013988513499498367 - timing_s/update_actor:235.3772483766079 - timing_s/update_weights:93.40928111970425 - timing_s/step:501.85721372812986 - timing_s/stop_profile:0.00021374225616455078 - timing_per_token_ms/gen:0.2716373994994294 - timing_per_token_ms/update_actor:0.8617458020671007 - timing_per_token_ms/ref:0.2361264296119887 - timing_per_token_ms/adv:5.1213712746204754e-05 - perf/total_num_tokens:273140 - perf/time_per_step:501.85721372812986 - perf/throughput:136.06459792165487
[36m(TaskRunner pid=2033431)[0m test_gen_batch meta info: {'eos_token_id': 151645, 'pad_token_id': 151643, 'recompute_log_prob': False, 'do_sample': False, 'validate': True, 'global_steps': 30}
[36m(TaskRunner pid=2033431)[0m validation generation end
[36m(TaskRunner pid=2033431)[0m step:30 - global_seqlen/min:61585 - global_seqlen/max:74794 - global_seqlen/minmax_diff:13209 - global_seqlen/balanced_min:66176 - global_seqlen/balanced_max:66178 - global_seqlen/mean:66177.0 - actor/entropy:0.09588001668453217 - perf/mfu/actor_infer:0.036570810748879 - actor/pg_clipfrac:np.float64(0.0003799089163294411) - actor/ppo_kl:np.float64(7.269967469714089e-05) - actor/pg_clipfrac_lower:np.float64(0.0) - actor/pg_loss:np.float64(0.031133014534134418) - actor/kl_loss:np.float64(0.08330117950390559) - actor/kl_coef:np.float64(0.0010000000000000005) - actor/loss:np.float64(0.031216314062476158) - actor/grad_norm:np.float64(0.44871416687965393) - actor/perf/max_memory_allocated_gb:np.float64(20.273035049438477) - actor/perf/max_memory_reserved_gb:np.float64(34.158203125) - actor/perf/cpu_memory_used_gb:np.float64(124.61687278747559) - actor/lr:np.float64(1e-06) - perf/mfu/actor:np.float64(0.025959491681660927) - val-aux/openai/gsm8k/reward/mean@1:np.float64(0.9014404852160728) - val-core/openai/gsm8k/acc/mean@1:np.float64(0.9014404852160728) - val-aux/num_turns/min:np.int32(2) - val-aux/num_turns/max:np.int32(2) - val-aux/num_turns/mean:np.float64(2.0) - training/global_step:30 - training/epoch:0 - critic/score/mean:0.87890625 - critic/score/max:1.0 - critic/score/min:0.0 - critic/rewards/mean:0.87890625 - critic/rewards/max:1.0 - critic/rewards/min:0.0 - critic/advantages/mean:-0.0308983214199543 - critic/advantages/max:1.6201815605163574 - critic/advantages/min:-2.4748666286468506 - critic/returns/mean:-0.0308983214199543 - critic/returns/max:1.6201815605163574 - critic/returns/min:-2.4748666286468506 - response_length/mean:435.2265625 - response_length/max:1024.0 - response_length/min:159.0 - response_length/clip_ratio:0.076171875 - response_length_non_aborted/mean:435.2265625 - response_length_non_aborted/max:1024.0 - response_length_non_aborted/min:159.0 - response_length_non_aborted/clip_ratio:0.076171875 - response/aborted_ratio:0.0 - prompt_length/mean:81.78125 - prompt_length/max:147.0 - prompt_length/min:50.0 - prompt_length/clip_ratio:0.0 - num_turns/min:np.int32(2) - num_turns/max:np.int32(2) - num_turns/mean:np.float64(2.0) - timing_s/start_profile:9.12696123123169e-05 - timing_s/agent_loop/num_preempted/min:np.int64(-1) - timing_s/agent_loop/num_preempted/max:np.int64(-1) - timing_s/agent_loop/num_preempted/mean:np.float64(-1.0) - timing_s/agent_loop/generate_sequences/min:np.float64(4.047427631914616) - timing_s/agent_loop/generate_sequences/max:np.float64(21.047525126487017) - timing_s/agent_loop/generate_sequences/mean:np.float64(10.332059687360015) - timing_s/agent_loop/tool_calls/min:np.float64(0.0) - timing_s/agent_loop/tool_calls/max:np.float64(0.0) - timing_s/agent_loop/tool_calls/mean:np.float64(0.0) - timing_s/agent_loop/compute_score/min:np.float64(0.005807109177112579) - timing_s/agent_loop/compute_score/max:np.float64(0.027223050594329834) - timing_s/agent_loop/compute_score/mean:np.float64(0.01038452607463114) - timing_s/agent_loop/slowest/generate_sequences:np.float64(21.047525126487017) - timing_s/agent_loop/slowest/tool_calls:np.float64(0.0) - timing_s/agent_loop/slowest/compute_score:np.float64(0.007745537906885147) - timing_s/agent_loop/slowest/num_preempted:np.int64(-1) - timing_s/agent_loop/slowest/prompt_length:83 - timing_s/agent_loop/slowest/response_length:1024 - timing_s/gen:22.77394140511751 - timing_s/reward:2.6326626539230347e-05 - timing_s/old_log_prob:1691.2588260024786 - timing_s/ref:258.2534531466663 - timing_s/adv:0.019862491637468338 - timing_s/update_actor:297.82745185121894 - timing_s/update_weights:4.82664305716753 - timing_s/step:2275.106534138322 - timing_s/testing:41.19693935289979 - timing_s/stop_profile:0.00010516494512557983 - timing_per_token_ms/gen:0.10220045865622032 - timing_per_token_ms/update_actor:1.1251169282802898 - timing_per_token_ms/ref:0.9756163514010392 - timing_per_token_ms/adv:7.503547923549095e-05 - perf/total_num_tokens:264708 - perf/time_per_step:2275.106534138322 - perf/throughput:29.087429097057207
[36m(TaskRunner pid=2033431)[0m step:31 - global_seqlen/min:60267 - global_seqlen/max:72194 - global_seqlen/minmax_diff:11927 - global_seqlen/balanced_min:66571 - global_seqlen/balanced_max:66574 - global_seqlen/mean:66572.75 - actor/entropy:0.09223552793264389 - perf/mfu/actor_infer:0.0364859424114956 - actor/pg_clipfrac:np.float64(0.00021670956539310282) - actor/ppo_kl:np.float64(6.0288551964049475e-06) - actor/pg_clipfrac_lower:np.float64(0.0) - actor/pg_loss:np.float64(0.004636295401724055) - actor/kl_loss:np.float64(0.08697612486139406) - actor/kl_coef:np.float64(0.0010000000000000005) - actor/loss:np.float64(0.0047232708893716335) - actor/grad_norm:np.float64(0.2359555885195732) - actor/perf/max_memory_allocated_gb:np.float64(20.273035049438477) - actor/perf/max_memory_reserved_gb:np.float64(34.158203125) - actor/perf/cpu_memory_used_gb:np.float64(106.88252067565918) - actor/lr:np.float64(1e-06) - perf/mfu/actor:np.float64(0.02616665767875326) - training/global_step:31 - training/epoch:0 - critic/score/mean:0.92578125 - critic/score/max:1.0 - critic/score/min:0.0 - critic/rewards/mean:0.92578125 - critic/rewards/max:1.0 - critic/rewards/min:0.0 - critic/advantages/mean:-0.004660670179873705 - critic/advantages/max:1.20761239528656 - critic/advantages/min:-2.4748666286468506 - critic/returns/mean:-0.004660670179873705 - critic/returns/max:1.20761239528656 - critic/returns/min:-2.4748666286468506 - response_length/mean:441.052734375 - response_length/max:1024.0 - response_length/min:178.0 - response_length/clip_ratio:0.009765625 - response_length_non_aborted/mean:441.052734375 - response_length_non_aborted/max:1024.0 - response_length_non_aborted/min:178.0 - response_length_non_aborted/clip_ratio:0.009765625 - response/aborted_ratio:0.0 - prompt_length/mean:79.046875 - prompt_length/max:146.0 - prompt_length/min:46.0 - prompt_length/clip_ratio:0.0 - num_turns/min:np.int32(2) - num_turns/max:np.int32(2) - num_turns/mean:np.float64(2.0) - timing_s/start_profile:6.151944398880005e-05 - timing_s/agent_loop/num_preempted/min:np.int64(-1) - timing_s/agent_loop/num_preempted/max:np.int64(-1) - timing_s/agent_loop/num_preempted/mean:np.float64(-1.0) - timing_s/agent_loop/generate_sequences/min:np.float64(4.4665842689573765) - timing_s/agent_loop/generate_sequences/max:np.float64(20.93277445435524) - timing_s/agent_loop/generate_sequences/mean:np.float64(10.854814881524362) - timing_s/agent_loop/tool_calls/min:np.float64(0.0) - timing_s/agent_loop/tool_calls/max:np.float64(0.0) - timing_s/agent_loop/tool_calls/mean:np.float64(0.0) - timing_s/agent_loop/compute_score/min:np.float64(0.006515335291624069) - timing_s/agent_loop/compute_score/max:np.float64(0.0200931578874588) - timing_s/agent_loop/compute_score/mean:np.float64(0.010235274596197996) - timing_s/agent_loop/slowest/generate_sequences:np.float64(20.93277445435524) - timing_s/agent_loop/slowest/tool_calls:np.float64(0.0) - timing_s/agent_loop/slowest/compute_score:np.float64(0.011016864329576492) - timing_s/agent_loop/slowest/num_preempted:np.int64(-1) - timing_s/agent_loop/slowest/prompt_length:60 - timing_s/agent_loop/slowest/response_length:1024 - timing_s/gen:22.07492406666279 - timing_s/reward:2.51084566116333e-05 - timing_s/old_log_prob:46.005851946771145 - timing_s/ref:64.69012441113591 - timing_s/adv:0.02003069594502449 - timing_s/update_actor:190.46839454770088 - timing_s/update_weights:4.535339303314686 - timing_s/step:327.95681207999587 - timing_s/stop_profile:0.00015079230070114136 - timing_per_token_ms/gen:0.09775494562752819 - timing_per_token_ms/update_actor:0.7152641078658343 - timing_per_token_ms/ref:0.2429301944531956 - timing_per_token_ms/adv:7.52210774867513e-05 - perf/total_num_tokens:266291 - perf/time_per_step:327.95681207999587 - perf/throughput:202.99242933170555
[36m(TaskRunner pid=2033431)[0m step:32 - global_seqlen/min:57558 - global_seqlen/max:70554 - global_seqlen/minmax_diff:12996 - global_seqlen/balanced_min:65884 - global_seqlen/balanced_max:65888 - global_seqlen/mean:65886.5 - actor/entropy:0.09441477060317993 - perf/mfu/actor_infer:0.03649848813861215 - actor/pg_clipfrac:np.float64(0.0003445623729021463) - actor/ppo_kl:np.float64(5.076925536329213e-05) - actor/pg_clipfrac_lower:np.float64(0.0) - actor/pg_loss:np.float64(0.016566662554396316) - actor/kl_loss:np.float64(0.0883456515148282) - actor/kl_coef:np.float64(0.0010000000000000005) - actor/loss:np.float64(0.01665500644594431) - actor/grad_norm:np.float64(0.4822849780321121) - actor/perf/max_memory_allocated_gb:np.float64(20.273035049438477) - actor/perf/max_memory_reserved_gb:np.float64(34.158203125) - actor/perf/cpu_memory_used_gb:np.float64(106.78363609313965) - actor/lr:np.float64(1e-06) - perf/mfu/actor:np.float64(0.026023447881688942) - training/global_step:32 - training/epoch:0 - critic/score/mean:0.8984375 - critic/score/max:1.0 - critic/score/min:0.0 - critic/rewards/mean:0.8984375 - critic/rewards/max:1.0 - critic/rewards/min:0.0 - critic/advantages/mean:-0.016501616686582565 - critic/advantages/max:0.7245674133300781 - critic/advantages/min:-2.4748666286468506 - critic/returns/mean:-0.016501616686582565 - critic/returns/max:0.7245674133300781 - critic/returns/min:-2.4748666286468506 - response_length/mean:430.75390625 - response_length/max:1024.0 - response_length/min:152.0 - response_length/clip_ratio:0.060546875 - response_length_non_aborted/mean:430.75390625 - response_length_non_aborted/max:1024.0 - response_length_non_aborted/min:152.0 - response_length_non_aborted/clip_ratio:0.060546875 - response/aborted_ratio:0.0 - prompt_length/mean:83.984375 - prompt_length/max:139.0 - prompt_length/min:50.0 - prompt_length/clip_ratio:0.0 - num_turns/min:np.int32(2) - num_turns/max:np.int32(2) - num_turns/mean:np.float64(2.0) - timing_s/start_profile:0.0001298077404499054 - timing_s/agent_loop/num_preempted/min:np.int64(-1) - timing_s/agent_loop/num_preempted/max:np.int64(-1) - timing_s/agent_loop/num_preempted/mean:np.float64(-1.0) - timing_s/agent_loop/generate_sequences/min:np.float64(3.7921495847404003) - timing_s/agent_loop/generate_sequences/max:np.float64(20.595010232180357) - timing_s/agent_loop/generate_sequences/mean:np.float64(10.132447188036167) - timing_s/agent_loop/tool_calls/min:np.float64(0.0) - timing_s/agent_loop/tool_calls/max:np.float64(0.0) - timing_s/agent_loop/tool_calls/mean:np.float64(0.0) - timing_s/agent_loop/compute_score/min:np.float64(0.0061142221093177795) - timing_s/agent_loop/compute_score/max:np.float64(0.025076020509004593) - timing_s/agent_loop/compute_score/mean:np.float64(0.010690529699786566) - timing_s/agent_loop/slowest/generate_sequences:np.float64(20.595010232180357) - timing_s/agent_loop/slowest/tool_calls:np.float64(0.0) - timing_s/agent_loop/slowest/compute_score:np.float64(0.010622117668390274) - timing_s/agent_loop/slowest/num_preempted:np.int64(-1) - timing_s/agent_loop/slowest/prompt_length:128 - timing_s/agent_loop/slowest/response_length:1024 - timing_s/gen:21.693704642355442 - timing_s/reward:2.256035804748535e-05 - timing_s/old_log_prob:45.43626616150141 - timing_s/ref:64.06893391534686 - timing_s/adv:0.01700781285762787 - timing_s/update_actor:194.10103554278612 - timing_s/update_weights:4.570494722574949 - timing_s/step:330.0343859568238 - timing_s/stop_profile:0.0002165175974369049 - timing_per_token_ms/gen:0.09836362773460158 - timing_per_token_ms/update_actor:0.7364977481835662 - timing_per_token_ms/ref:0.24310341995456908 - timing_per_token_ms/adv:6.453451335868452e-05 - perf/total_num_tokens:263546 - perf/time_per_step:330.0343859568238 - perf/throughput:199.63525863823017
[36m(TaskRunner pid=2033431)[0m step:33 - global_seqlen/min:55671 - global_seqlen/max:69629 - global_seqlen/minmax_diff:13958 - global_seqlen/balanced_min:59542 - global_seqlen/balanced_max:59544 - global_seqlen/mean:59543.0 - actor/entropy:0.08667808026075363 - perf/mfu/actor_infer:0.03307000827900506 - actor/pg_clipfrac:np.float64(0.00019051451772611472) - actor/ppo_kl:np.float64(8.980813817061062e-06) - actor/pg_clipfrac_lower:np.float64(0.0) - actor/pg_loss:np.float64(0.02117656118934974) - actor/kl_loss:np.float64(0.09236409755976638) - actor/kl_coef:np.float64(0.0010000000000000005) - actor/loss:np.float64(0.021268922835588455) - actor/grad_norm:np.float64(0.29943372309207916) - actor/perf/max_memory_allocated_gb:np.float64(20.273035049438477) - actor/perf/max_memory_reserved_gb:np.float64(34.158203125) - actor/perf/cpu_memory_used_gb:np.float64(106.83525085449219) - actor/lr:np.float64(1e-06) - perf/mfu/actor:np.float64(0.023505979922640412) - training/global_step:33 - training/epoch:0 - critic/score/mean:0.96484375 - critic/score/max:1.0 - critic/score/min:0.0 - critic/rewards/mean:0.96484375 - critic/rewards/max:1.0 - critic/rewards/min:0.0 - critic/advantages/mean:-0.02099737711250782 - critic/advantages/max:1.20761239528656 - critic/advantages/min:-2.4748666286468506 - critic/returns/mean:-0.02099737711250782 - critic/returns/max:1.20761239528656 - critic/returns/min:-2.4748666286468506 - response_length/mean:385.6953125 - response_length/max:1024.0 - response_length/min:168.0 - response_length/clip_ratio:0.017578125 - response_length_non_aborted/mean:385.6953125 - response_length_non_aborted/max:1024.0 - response_length_non_aborted/min:168.0 - response_length_non_aborted/clip_ratio:0.017578125 - response/aborted_ratio:0.0 - prompt_length/mean:79.484375 - prompt_length/max:121.0 - prompt_length/min:45.0 - prompt_length/clip_ratio:0.0 - num_turns/min:np.int32(2) - num_turns/max:np.int32(2) - num_turns/mean:np.float64(2.0) - timing_s/start_profile:7.740035653114319e-05 - timing_s/agent_loop/num_preempted/min:np.int64(-1) - timing_s/agent_loop/num_preempted/max:np.int64(-1) - timing_s/agent_loop/num_preempted/mean:np.float64(-1.0) - timing_s/agent_loop/generate_sequences/min:np.float64(4.228570360690355) - timing_s/agent_loop/generate_sequences/max:np.float64(19.70614206418395) - timing_s/agent_loop/generate_sequences/mean:np.float64(9.107880291965557) - timing_s/agent_loop/tool_calls/min:np.float64(0.0) - timing_s/agent_loop/tool_calls/max:np.float64(0.0) - timing_s/agent_loop/tool_calls/mean:np.float64(0.0) - timing_s/agent_loop/compute_score/min:np.float64(0.007456321269273758) - timing_s/agent_loop/compute_score/max:np.float64(0.03033040091395378) - timing_s/agent_loop/compute_score/mean:np.float64(0.010984905296936631) - timing_s/agent_loop/slowest/generate_sequences:np.float64(19.70614206418395) - timing_s/agent_loop/slowest/tool_calls:np.float64(0.0) - timing_s/agent_loop/slowest/compute_score:np.float64(0.010749626904726028) - timing_s/agent_loop/slowest/num_preempted:np.int64(-1) - timing_s/agent_loop/slowest/prompt_length:102 - timing_s/agent_loop/slowest/response_length:1024 - timing_s/gen:20.79431251063943 - timing_s/reward:3.1989067792892456e-05 - timing_s/old_log_prob:52.417546194046736 - timing_s/ref:68.66795255988836 - timing_s/adv:0.01956162601709366 - timing_s/update_actor:189.27471356466413 - timing_s/update_weights:4.6107920333743095 - timing_s/step:335.93905064091086 - timing_s/stop_profile:0.0001786649227142334 - timing_per_token_ms/gen:0.10530045428629013 - timing_per_token_ms/update_actor:0.7946975864697114 - timing_per_token_ms/ref:0.2883124488180322 - timing_per_token_ms/adv:8.213234980221713e-05 - perf/total_num_tokens:238172 - perf/time_per_step:335.93905064091086 - perf/throughput:177.24346093853256
[36m(TaskRunner pid=2033431)[0m step:34 - global_seqlen/min:57180 - global_seqlen/max:66356 - global_seqlen/minmax_diff:9176 - global_seqlen/balanced_min:61447 - global_seqlen/balanced_max:61449 - global_seqlen/mean:61447.75 - actor/entropy:0.08147545158863068 - perf/mfu/actor_infer:0.034219158620447124 - actor/pg_clipfrac:np.float64(0.0002133340849468368) - actor/ppo_kl:np.float64(5.025156500693129e-05) - actor/pg_clipfrac_lower:np.float64(0.0) - actor/pg_loss:np.float64(0.014253053755965084) - actor/kl_loss:np.float64(0.09522169489355292) - actor/kl_coef:np.float64(0.0010000000000000005) - actor/loss:np.float64(0.014348273631185293) - actor/grad_norm:np.float64(0.3136667162179947) - actor/perf/max_memory_allocated_gb:np.float64(20.273035049438477) - actor/perf/max_memory_reserved_gb:np.float64(34.158203125) - actor/perf/cpu_memory_used_gb:np.float64(107.22143363952637) - actor/lr:np.float64(1e-06) - perf/mfu/actor:np.float64(0.02431214772127477) - training/global_step:34 - training/epoch:0 - critic/score/mean:0.978515625 - critic/score/max:1.0 - critic/score/min:0.0 - critic/rewards/mean:0.978515625 - critic/rewards/max:1.0 - critic/rewards/min:0.0 - critic/advantages/mean:-0.01448804046958685 - critic/advantages/max:1.6201815605163574 - critic/advantages/min:-2.4748666286468506 - critic/returns/mean:-0.01448804046958685 - critic/returns/max:1.6201815605163574 - critic/returns/min:-2.4748666286468506 - response_length/mean:392.904296875 - response_length/max:1024.0 - response_length/min:134.0 - response_length/clip_ratio:0.015625 - response_length_non_aborted/mean:392.904296875 - response_length_non_aborted/max:1024.0 - response_length_non_aborted/min:134.0 - response_length_non_aborted/clip_ratio:0.015625 - response/aborted_ratio:0.0 - prompt_length/mean:87.15625 - prompt_length/max:151.0 - prompt_length/min:45.0 - prompt_length/clip_ratio:0.0 - num_turns/min:np.int32(2) - num_turns/max:np.int32(2) - num_turns/mean:np.float64(2.0) - timing_s/start_profile:0.00010669976472854614 - timing_s/agent_loop/num_preempted/min:np.int64(-1) - timing_s/agent_loop/num_preempted/max:np.int64(-1) - timing_s/agent_loop/num_preempted/mean:np.float64(-1.0) - timing_s/agent_loop/generate_sequences/min:np.float64(3.3615442253649235) - timing_s/agent_loop/generate_sequences/max:np.float64(20.092099953442812) - timing_s/agent_loop/generate_sequences/mean:np.float64(9.452305304890615) - timing_s/agent_loop/tool_calls/min:np.float64(0.0) - timing_s/agent_loop/tool_calls/max:np.float64(0.0) - timing_s/agent_loop/tool_calls/mean:np.float64(0.0) - timing_s/agent_loop/compute_score/min:np.float64(0.007476110011339188) - timing_s/agent_loop/compute_score/max:np.float64(0.02452501282095909) - timing_s/agent_loop/compute_score/mean:np.float64(0.01088107428222429) - timing_s/agent_loop/slowest/generate_sequences:np.float64(20.092099953442812) - timing_s/agent_loop/slowest/tool_calls:np.float64(0.0) - timing_s/agent_loop/slowest/compute_score:np.float64(0.007476110011339188) - timing_s/agent_loop/slowest/num_preempted:np.int64(-1) - timing_s/agent_loop/slowest/prompt_length:79 - timing_s/agent_loop/slowest/response_length:1024 - timing_s/gen:21.140766873955727 - timing_s/reward:3.056228160858154e-05 - timing_s/old_log_prob:45.57711763307452 - timing_s/ref:64.12201016023755 - timing_s/adv:0.01743607595562935 - timing_s/update_actor:188.85719945654273 - timing_s/update_weights:4.532450266182423 - timing_s/step:324.39738219603896 - timing_s/stop_profile:0.0001769028604030609 - timing_per_token_ms/gen:0.10509063054057438 - timing_per_token_ms/update_actor:0.7683649908114729 - timing_per_token_ms/ref:0.2608802200252961 - timing_per_token_ms/adv:7.093862653892677e-05 - perf/total_num_tokens:245791 - perf/time_per_step:324.39738219603896 - perf/throughput:189.42122647237042
[36m(TaskRunner pid=2033431)[0m step:35 - global_seqlen/min:58523 - global_seqlen/max:71986 - global_seqlen/minmax_diff:13463 - global_seqlen/balanced_min:62915 - global_seqlen/balanced_max:62916 - global_seqlen/mean:62915.5 - actor/entropy:0.08973428606987 - perf/mfu/actor_infer:0.034949955945776164 - actor/pg_clipfrac:np.float64(0.0002654627933225129) - actor/ppo_kl:np.float64(-2.434704634879381e-05) - actor/pg_clipfrac_lower:np.float64(0.0) - actor/pg_loss:np.float64(0.018337287998292595) - actor/kl_loss:np.float64(0.08966393720766064) - actor/kl_coef:np.float64(0.0010000000000000005) - actor/loss:np.float64(0.0184269524179399) - actor/grad_norm:np.float64(0.3521959185600281) - actor/perf/max_memory_allocated_gb:np.float64(20.273035049438477) - actor/perf/max_memory_reserved_gb:np.float64(34.158203125) - actor/perf/cpu_memory_used_gb:np.float64(106.77523994445801) - actor/lr:np.float64(1e-06) - perf/mfu/actor:np.float64(0.024926233935441952) - training/global_step:35 - training/epoch:0 - critic/score/mean:0.947265625 - critic/score/max:1.0 - critic/score/min:0.0 - critic/rewards/mean:0.947265625 - critic/rewards/max:1.0 - critic/rewards/min:0.0 - critic/advantages/mean:-0.018314454704523087 - critic/advantages/max:2.4748666286468506 - critic/advantages/min:-2.4748666286468506 - critic/returns/mean:-0.018314454704523087 - critic/returns/max:2.4748666286468506 - critic/returns/min:-2.4748666286468506 - response_length/mean:406.74609375 - response_length/max:1024.0 - response_length/min:130.0 - response_length/clip_ratio:0.037109375 - response_length_non_aborted/mean:406.74609375 - response_length_non_aborted/max:1024.0 - response_length_non_aborted/min:130.0 - response_length_non_aborted/clip_ratio:0.037109375 - response/aborted_ratio:0.0 - prompt_length/mean:84.78125 - prompt_length/max:147.0 - prompt_length/min:46.0 - prompt_length/clip_ratio:0.0 - num_turns/min:np.int32(2) - num_turns/max:np.int32(2) - num_turns/mean:np.float64(2.0) - timing_s/start_profile:8.53314995765686e-05 - timing_s/agent_loop/num_preempted/min:np.int64(-1) - timing_s/agent_loop/num_preempted/max:np.int64(-1) - timing_s/agent_loop/num_preempted/mean:np.float64(-1.0) - timing_s/agent_loop/generate_sequences/min:np.float64(3.2276553735136986) - timing_s/agent_loop/generate_sequences/max:np.float64(20.362841922789812) - timing_s/agent_loop/generate_sequences/mean:np.float64(9.675600494549144) - timing_s/agent_loop/tool_calls/min:np.float64(0.0) - timing_s/agent_loop/tool_calls/max:np.float64(0.0) - timing_s/agent_loop/tool_calls/mean:np.float64(0.0) - timing_s/agent_loop/compute_score/min:np.float64(0.006597332656383514) - timing_s/agent_loop/compute_score/max:np.float64(0.039785612374544144) - timing_s/agent_loop/compute_score/mean:np.float64(0.010978299869748298) - timing_s/agent_loop/slowest/generate_sequences:np.float64(20.362841922789812) - timing_s/agent_loop/slowest/tool_calls:np.float64(0.0) - timing_s/agent_loop/slowest/compute_score:np.float64(0.0127657949924469) - timing_s/agent_loop/slowest/num_preempted:np.int64(-1) - timing_s/agent_loop/slowest/prompt_length:120 - timing_s/agent_loop/slowest/response_length:1024 - timing_s/gen:21.480992514640093 - timing_s/reward:2.3506581783294678e-05 - timing_s/old_log_prob:45.3071627356112 - timing_s/ref:79.96411727368832 - timing_s/adv:0.01981552690267563 - timing_s/update_actor:198.97352739050984 - timing_s/update_weights:4.616935405880213 - timing_s/step:350.5143371857703 - timing_s/stop_profile:0.00013663992285728455 - timing_per_token_ms/gen:0.10314804284498781 - timing_per_token_ms/update_actor:0.7906379484805407 - timing_per_token_ms/ref:0.3177441062762289 - timing_per_token_ms/adv:7.873865304525764e-05 - perf/total_num_tokens:251662 - perf/time_per_step:350.5143371857703 - perf/throughput:179.494797574158
[36m(TaskRunner pid=2033431)[0m step:36 - global_seqlen/min:58923 - global_seqlen/max:72550 - global_seqlen/minmax_diff:13627 - global_seqlen/balanced_min:64946 - global_seqlen/balanced_max:64947 - global_seqlen/mean:64946.25 - actor/entropy:0.10212718695402145 - perf/mfu/actor_infer:0.03602996463504327 - actor/pg_clipfrac:np.float64(0.00017990457490668632) - actor/ppo_kl:np.float64(6.84488124420568e-05) - actor/pg_clipfrac_lower:np.float64(0.0) - actor/pg_loss:np.float64(0.011279661201115232) - actor/kl_loss:np.float64(0.09091169126622844) - actor/kl_coef:np.float64(0.0010000000000000005) - actor/loss:np.float64(0.011370571795850992) - actor/grad_norm:np.float64(0.27055497467517853) - actor/perf/max_memory_allocated_gb:np.float64(20.273035049438477) - actor/perf/max_memory_reserved_gb:np.float64(34.158203125) - actor/perf/cpu_memory_used_gb:np.float64(107.18328666687012) - actor/lr:np.float64(1e-06) - perf/mfu/actor:np.float64(0.025646117329304108) - training/global_step:36 - training/epoch:0 - critic/score/mean:0.85546875 - critic/score/max:1.0 - critic/score/min:0.0 - critic/rewards/mean:0.85546875 - critic/rewards/max:1.0 - critic/rewards/min:0.0 - critic/advantages/mean:-0.011211068369448185 - critic/advantages/max:2.4748666286468506 - critic/advantages/min:-2.4748666286468506 - critic/returns/mean:-0.011211068369448185 - critic/returns/max:2.4748666286468506 - critic/returns/min:-2.4748666286468506 - response_length/mean:425.658203125 - response_length/max:1024.0 - response_length/min:142.0 - response_length/clip_ratio:0.07421875 - response_length_non_aborted/mean:425.658203125 - response_length_non_aborted/max:1024.0 - response_length_non_aborted/min:142.0 - response_length_non_aborted/clip_ratio:0.07421875 - response/aborted_ratio:0.0 - prompt_length/mean:81.734375 - prompt_length/max:133.0 - prompt_length/min:48.0 - prompt_length/clip_ratio:0.0 - num_turns/min:np.int32(2) - num_turns/max:np.int32(2) - num_turns/mean:np.float64(2.0) - timing_s/start_profile:9.223446249961853e-05 - timing_s/agent_loop/num_preempted/min:np.int64(-1) - timing_s/agent_loop/num_preempted/max:np.int64(-1) - timing_s/agent_loop/num_preempted/mean:np.float64(-1.0) - timing_s/agent_loop/generate_sequences/min:np.float64(3.5350811406970024) - timing_s/agent_loop/generate_sequences/max:np.float64(20.489127464592457) - timing_s/agent_loop/generate_sequences/mean:np.float64(9.974256728564797) - timing_s/agent_loop/tool_calls/min:np.float64(0.0) - timing_s/agent_loop/tool_calls/max:np.float64(0.0) - timing_s/agent_loop/tool_calls/mean:np.float64(0.0) - timing_s/agent_loop/compute_score/min:np.float64(0.006865143775939941) - timing_s/agent_loop/compute_score/max:np.float64(0.03280144929885864) - timing_s/agent_loop/compute_score/mean:np.float64(0.011134699911053758) - timing_s/agent_loop/slowest/generate_sequences:np.float64(20.489127464592457) - timing_s/agent_loop/slowest/tool_calls:np.float64(0.0) - timing_s/agent_loop/slowest/compute_score:np.float64(0.012989804148674011) - timing_s/agent_loop/slowest/num_preempted:np.int64(-1) - timing_s/agent_loop/slowest/prompt_length:75 - timing_s/agent_loop/slowest/response_length:1024 - timing_s/gen:102.38210771232843 - timing_s/reward:3.4537166357040405e-05 - timing_s/old_log_prob:46.31702896952629 - timing_s/ref:166.0770338177681 - timing_s/adv:0.017046120017766953 - timing_s/update_actor:199.90816333144903 - timing_s/update_weights:50.042018193751574 - timing_s/step:564.8934610597789 - timing_s/stop_profile:0.00018118321895599365 - timing_per_token_ms/gen:0.4697784575924622 - timing_per_token_ms/update_actor:0.7695138800602384 - timing_per_token_ms/ref:0.6392864631051373 - timing_per_token_ms/adv:6.5616259667675e-05 - perf/total_num_tokens:259785 - perf/time_per_step:564.8934610597789 - perf/throughput:114.9707944541549
[36m(TaskRunner pid=2033431)[0m step:37 - global_seqlen/min:57674 - global_seqlen/max:64291 - global_seqlen/minmax_diff:6617 - global_seqlen/balanced_min:60826 - global_seqlen/balanced_max:60827 - global_seqlen/mean:60826.75 - actor/entropy:0.08555836230516434 - perf/mfu/actor_infer:0.03380161283903359 - actor/pg_clipfrac:np.float64(0.0002096895905197016) - actor/ppo_kl:np.float64(-2.4927733896618065e-05) - actor/pg_clipfrac_lower:np.float64(0.0) - actor/pg_loss:np.float64(0.01605131576070562) - actor/kl_loss:np.float64(0.1008005179464817) - actor/kl_coef:np.float64(0.0010000000000000005) - actor/loss:np.float64(0.016152115538716316) - actor/grad_norm:np.float64(0.2634202390909195) - actor/perf/max_memory_allocated_gb:np.float64(20.273035049438477) - actor/perf/max_memory_reserved_gb:np.float64(34.158203125) - actor/perf/cpu_memory_used_gb:np.float64(106.8176097869873) - actor/lr:np.float64(1e-06) - perf/mfu/actor:np.float64(0.023953978272644665) - training/global_step:37 - training/epoch:0 - critic/score/mean:0.97265625 - critic/score/max:1.0 - critic/score/min:0.0 - critic/rewards/mean:0.97265625 - critic/rewards/max:1.0 - critic/rewards/min:0.0 - critic/advantages/mean:-0.015755239874124527 - critic/advantages/max:2.4748666286468506 - critic/advantages/min:-2.4748666286468506 - critic/returns/mean:-0.015755239874124527 - critic/returns/max:2.4748666286468506 - critic/returns/min:-2.4748666286468506 - response_length/mean:390.943359375 - response_length/max:1024.0 - response_length/min:186.0 - response_length/clip_ratio:0.013671875 - response_length_non_aborted/mean:390.943359375 - response_length_non_aborted/max:1024.0 - response_length_non_aborted/min:186.0 - response_length_non_aborted/clip_ratio:0.013671875 - response/aborted_ratio:0.0 - prompt_length/mean:84.265625 - prompt_length/max:144.0 - prompt_length/min:48.0 - prompt_length/clip_ratio:0.0 - num_turns/min:np.int32(2) - num_turns/max:np.int32(2) - num_turns/mean:np.float64(2.0) - timing_s/start_profile:0.00013957545161247253 - timing_s/agent_loop/num_preempted/min:np.int64(-1) - timing_s/agent_loop/num_preempted/max:np.int64(-1) - timing_s/agent_loop/num_preempted/mean:np.float64(-1.0) - timing_s/agent_loop/generate_sequences/min:np.float64(4.749603744596243) - timing_s/agent_loop/generate_sequences/max:np.float64(20.793999925255775) - timing_s/agent_loop/generate_sequences/mean:np.float64(10.31315324472962) - timing_s/agent_loop/tool_calls/min:np.float64(0.0) - timing_s/agent_loop/tool_calls/max:np.float64(0.0) - timing_s/agent_loop/tool_calls/mean:np.float64(0.0) - timing_s/agent_loop/compute_score/min:np.float64(0.007049631327390671) - timing_s/agent_loop/compute_score/max:np.float64(0.028914552181959152) - timing_s/agent_loop/compute_score/mean:np.float64(0.010785217462398577) - timing_s/agent_loop/slowest/generate_sequences:np.float64(20.793999925255775) - timing_s/agent_loop/slowest/tool_calls:np.float64(0.0) - timing_s/agent_loop/slowest/compute_score:np.float64(0.011765822768211365) - timing_s/agent_loop/slowest/num_preempted:np.int64(-1) - timing_s/agent_loop/slowest/prompt_length:66 - timing_s/agent_loop/slowest/response_length:1024 - timing_s/gen:21.931936215609312 - timing_s/reward:2.8580427169799805e-05 - timing_s/old_log_prob:99.6573548540473 - timing_s/ref:373.54994294792414 - timing_s/adv:0.02018749713897705 - timing_s/update_actor:190.12343955412507 - timing_s/update_weights:4.51148621737957 - timing_s/step:689.9459446296096 - timing_s/stop_profile:0.00016359612345695496 - timing_per_token_ms/gen:0.10957038121735442 - timing_per_token_ms/update_actor:0.7814137676027614 - timing_per_token_ms/ref:1.535302901058844 - timing_per_token_ms/adv:8.297129609496254e-05 - perf/total_num_tokens:243307 - perf/time_per_step:689.9459446296096 - perf/throughput:88.1616168244227
[36m(TaskRunner pid=2033431)[0m step:38 - global_seqlen/min:55384 - global_seqlen/max:65680 - global_seqlen/minmax_diff:10296 - global_seqlen/balanced_min:58775 - global_seqlen/balanced_max:58782 - global_seqlen/mean:58778.25 - actor/entropy:0.07857517898082733 - perf/mfu/actor_infer:0.03261857562006314 - actor/pg_clipfrac:np.float64(0.00031777242566022323) - actor/ppo_kl:np.float64(-8.481142855609747e-05) - actor/pg_clipfrac_lower:np.float64(0.0) - actor/pg_loss:np.float64(0.014920795452781022) - actor/kl_loss:np.float64(0.0974681702646194) - actor/kl_coef:np.float64(0.0010000000000000005) - actor/loss:np.float64(0.015018260572105646) - actor/grad_norm:np.float64(0.313407301902771) - actor/perf/max_memory_allocated_gb:np.float64(20.273035049438477) - actor/perf/max_memory_reserved_gb:np.float64(34.158203125) - actor/perf/cpu_memory_used_gb:np.float64(106.55525779724121) - actor/lr:np.float64(1e-06) - perf/mfu/actor:np.float64(0.023231438096673093) - training/global_step:38 - training/epoch:0 - critic/score/mean:0.947265625 - critic/score/max:1.0 - critic/score/min:0.0 - critic/rewards/mean:0.947265625 - critic/rewards/max:1.0 - critic/rewards/min:0.0 - critic/advantages/mean:-0.015063866041600704 - critic/advantages/max:1.20761239528656 - critic/advantages/min:-2.4748666286468506 - critic/returns/mean:-0.015063866041600704 - critic/returns/max:1.20761239528656 - critic/returns/min:-2.4748666286468506 - response_length/mean:375.236328125 - response_length/max:1024.0 - response_length/min:164.0 - response_length/clip_ratio:0.02734375 - response_length_non_aborted/mean:375.236328125 - response_length_non_aborted/max:1024.0 - response_length_non_aborted/min:164.0 - response_length_non_aborted/clip_ratio:0.02734375 - response/aborted_ratio:0.0 - prompt_length/mean:83.96875 - prompt_length/max:152.0 - prompt_length/min:49.0 - prompt_length/clip_ratio:0.0 - num_turns/min:np.int32(2) - num_turns/max:np.int32(2) - num_turns/mean:np.float64(2.0) - timing_s/start_profile:8.645281195640564e-05 - timing_s/agent_loop/num_preempted/min:np.int64(-1) - timing_s/agent_loop/num_preempted/max:np.int64(-1) - timing_s/agent_loop/num_preempted/mean:np.float64(-1.0) - timing_s/agent_loop/generate_sequences/min:np.float64(4.075610317289829) - timing_s/agent_loop/generate_sequences/max:np.float64(19.220183860510588) - timing_s/agent_loop/generate_sequences/mean:np.float64(8.825058988913952) - timing_s/agent_loop/tool_calls/min:np.float64(0.0) - timing_s/agent_loop/tool_calls/max:np.float64(0.0) - timing_s/agent_loop/tool_calls/mean:np.float64(0.0) - timing_s/agent_loop/compute_score/min:np.float64(0.0062988921999931335) - timing_s/agent_loop/compute_score/max:np.float64(0.029577601701021194) - timing_s/agent_loop/compute_score/mean:np.float64(0.010659687344741542) - timing_s/agent_loop/slowest/generate_sequences:np.float64(19.220183860510588) - timing_s/agent_loop/slowest/tool_calls:np.float64(0.0) - timing_s/agent_loop/slowest/compute_score:np.float64(0.008815005421638489) - timing_s/agent_loop/slowest/num_preempted:np.int64(-1) - timing_s/agent_loop/slowest/prompt_length:109 - timing_s/agent_loop/slowest/response_length:1024 - timing_s/gen:20.320204708725214 - timing_s/reward:3.304332494735718e-05 - timing_s/old_log_prob:45.30427287891507 - timing_s/ref:64.00892091169953 - timing_s/adv:0.017428584396839142 - timing_s/update_actor:189.26849843934178 - timing_s/update_weights:4.518216010183096 - timing_s/step:323.5903860963881 - timing_s/stop_profile:0.00014830008149147034 - timing_per_token_ms/gen:0.1057677438110629 - timing_per_token_ms/update_actor:0.8050107754115756 - timing_per_token_ms/ref:0.27224747636965857 - timing_per_token_ms/adv:7.412854413341304e-05 - perf/total_num_tokens:235113 - perf/time_per_step:323.5903860963881 - perf/throughput:181.6439935347513
[36m(TaskRunner pid=2033431)[0m step:39 - global_seqlen/min:50206 - global_seqlen/max:72461 - global_seqlen/minmax_diff:22255 - global_seqlen/balanced_min:60549 - global_seqlen/balanced_max:60549 - global_seqlen/mean:60549.0 - actor/entropy:0.08895578980445862 - perf/mfu/actor_infer:0.03359931058269578 - actor/pg_clipfrac:np.float64(0.00022212800467968918) - actor/ppo_kl:np.float64(2.4527495057213855e-06) - actor/pg_clipfrac_lower:np.float64(0.0) - actor/pg_loss:np.float64(0.014237233495805413) - actor/kl_loss:np.float64(0.09668782076914795) - actor/kl_coef:np.float64(0.0010000000000000005) - actor/loss:np.float64(0.014333922415971756) - actor/grad_norm:np.float64(0.38466495275497437) - actor/perf/max_memory_allocated_gb:np.float64(20.273035049438477) - actor/perf/max_memory_reserved_gb:np.float64(34.158203125) - actor/perf/cpu_memory_used_gb:np.float64(106.77838897705078) - actor/lr:np.float64(1e-06) - perf/mfu/actor:np.float64(0.023952154493473418) - training/global_step:39 - training/epoch:0 - critic/score/mean:0.935546875 - critic/score/max:1.0 - critic/score/min:0.0 - critic/rewards/mean:0.935546875 - critic/rewards/max:1.0 - critic/rewards/min:0.0 - critic/advantages/mean:-0.01451181061565876 - critic/advantages/max:1.20761239528656 - critic/advantages/min:-2.4748666286468506 - critic/returns/mean:-0.01451181061565876 - critic/returns/max:1.20761239528656 - critic/returns/min:-2.4748666286468506 - response_length/mean:389.1328125 - response_length/max:1024.0 - response_length/min:131.0 - response_length/clip_ratio:0.033203125 - response_length_non_aborted/mean:389.1328125 - response_length_non_aborted/max:1024.0 - response_length_non_aborted/min:131.0 - response_length_non_aborted/clip_ratio:0.033203125 - response/aborted_ratio:0.0 - prompt_length/mean:83.90625 - prompt_length/max:175.0 - prompt_length/min:54.0 - prompt_length/clip_ratio:0.0 - num_turns/min:np.int32(2) - num_turns/max:np.int32(2) - num_turns/mean:np.float64(2.0) - timing_s/start_profile:8.513033390045166e-05 - timing_s/agent_loop/num_preempted/min:np.int64(-1) - timing_s/agent_loop/num_preempted/max:np.int64(-1) - timing_s/agent_loop/num_preempted/mean:np.float64(-1.0) - timing_s/agent_loop/generate_sequences/min:np.float64(3.3034401573240757) - timing_s/agent_loop/generate_sequences/max:np.float64(19.739388596266508) - timing_s/agent_loop/generate_sequences/mean:np.float64(9.070001242653234) - timing_s/agent_loop/tool_calls/min:np.float64(0.0) - timing_s/agent_loop/tool_calls/max:np.float64(0.0) - timing_s/agent_loop/tool_calls/mean:np.float64(0.0) - timing_s/agent_loop/compute_score/min:np.float64(0.005817502737045288) - timing_s/agent_loop/compute_score/max:np.float64(0.03017422929406166) - timing_s/agent_loop/compute_score/mean:np.float64(0.010612444813887123) - timing_s/agent_loop/slowest/generate_sequences:np.float64(19.739388596266508) - timing_s/agent_loop/slowest/tool_calls:np.float64(0.0) - timing_s/agent_loop/slowest/compute_score:np.float64(0.0082315132021904) - timing_s/agent_loop/slowest/num_preempted:np.int64(-1) - timing_s/agent_loop/slowest/prompt_length:81 - timing_s/agent_loop/slowest/response_length:1024 - timing_s/gen:20.78534808009863 - timing_s/reward:2.757832407951355e-05 - timing_s/old_log_prob:45.35498008877039 - timing_s/ref:64.07738617062569 - timing_s/adv:0.016904819756746292 - timing_s/update_actor:189.31898636743426 - timing_s/update_weights:4.5698483400046825 - timing_s/step:324.2761088423431 - timing_s/stop_profile:0.00024303793907165527 - timing_per_token_ms/gen:0.10432526290478944 - timing_per_token_ms/update_actor:0.7816767674422131 - timing_per_token_ms/ref:0.26456830901677025 - timing_per_token_ms/adv:6.979809640434314e-05 - perf/total_num_tokens:242196 - perf/time_per_step:324.2761088423431 - perf/throughput:186.72050869291076
[36m(TaskRunner pid=2033431)[0m local_global_step_folder: checkpoints/grpo_rlvr_math/qwen3_4b_gsm8k/global_step_40
[36m(TaskRunner pid=2033431)[0m test_gen_batch meta info: {'eos_token_id': 151645, 'pad_token_id': 151643, 'recompute_log_prob': False, 'do_sample': False, 'validate': True, 'global_steps': 40}
[36m(TaskRunner pid=2033431)[0m validation generation end
[36m(TaskRunner pid=2033431)[0m step:40 - global_seqlen/min:51445 - global_seqlen/max:65220 - global_seqlen/minmax_diff:13775 - global_seqlen/balanced_min:58882 - global_seqlen/balanced_max:58884 - global_seqlen/mean:58882.75 - actor/entropy:0.08201701194047928 - perf/mfu/actor_infer:0.03278657157563009 - actor/pg_clipfrac:np.float64(0.0003635876100815949) - actor/ppo_kl:np.float64(-5.3132123241539375e-05) - actor/pg_clipfrac_lower:np.float64(0.0) - actor/pg_loss:np.float64(0.010578993122180691) - actor/kl_loss:np.float64(0.09682600892847404) - actor/kl_coef:np.float64(0.0010000000000000005) - actor/loss:np.float64(0.010675819590687752) - actor/grad_norm:np.float64(0.41306090354919434) - actor/perf/max_memory_allocated_gb:np.float64(20.273035049438477) - actor/perf/max_memory_reserved_gb:np.float64(34.158203125) - actor/perf/cpu_memory_used_gb:np.float64(107.52943992614746) - actor/lr:np.float64(1e-06) - perf/mfu/actor:np.float64(0.023230122961851316) - val-aux/openai/gsm8k/reward/mean@1:np.float64(0.9158453373768006) - val-core/openai/gsm8k/acc/mean@1:np.float64(0.9158453373768006) - val-aux/num_turns/min:np.int32(2) - val-aux/num_turns/max:np.int32(2) - val-aux/num_turns/mean:np.float64(2.0) - training/global_step:40 - training/epoch:0 - critic/score/mean:0.935546875 - critic/score/max:1.0 - critic/score/min:0.0 - critic/rewards/mean:0.935546875 - critic/rewards/max:1.0 - critic/rewards/min:0.0 - critic/advantages/mean:-0.010613961145281792 - critic/advantages/max:2.4748666286468506 - critic/advantages/min:-2.4748666286468506 - critic/returns/mean:-0.010613961145281792 - critic/returns/max:2.4748666286468506 - critic/returns/min:-2.4748666286468506 - response_length/mean:378.052734375 - response_length/max:1024.0 - response_length/min:138.0 - response_length/clip_ratio:0.01953125 - response_length_non_aborted/mean:378.052734375 - response_length_non_aborted/max:1024.0 - response_length_non_aborted/min:138.0 - response_length_non_aborted/clip_ratio:0.01953125 - response/aborted_ratio:0.0 - prompt_length/mean:81.96875 - prompt_length/max:159.0 - prompt_length/min:51.0 - prompt_length/clip_ratio:0.0 - num_turns/min:np.int32(2) - num_turns/max:np.int32(2) - num_turns/mean:np.float64(2.0) - timing_s/start_profile:8.245930075645447e-05 - timing_s/agent_loop/num_preempted/min:np.int64(-1) - timing_s/agent_loop/num_preempted/max:np.int64(-1) - timing_s/agent_loop/num_preempted/mean:np.float64(-1.0) - timing_s/agent_loop/generate_sequences/min:np.float64(3.4471354633569717) - timing_s/agent_loop/generate_sequences/max:np.float64(19.370963491499424) - timing_s/agent_loop/generate_sequences/mean:np.float64(8.876961602640222) - timing_s/agent_loop/tool_calls/min:np.float64(0.0) - timing_s/agent_loop/tool_calls/max:np.float64(0.0) - timing_s/agent_loop/tool_calls/mean:np.float64(0.0) - timing_s/agent_loop/compute_score/min:np.float64(0.006818946450948715) - timing_s/agent_loop/compute_score/max:np.float64(0.02705683931708336) - timing_s/agent_loop/compute_score/mean:np.float64(0.010839645670785103) - timing_s/agent_loop/slowest/generate_sequences:np.float64(19.370963491499424) - timing_s/agent_loop/slowest/tool_calls:np.float64(0.0) - timing_s/agent_loop/slowest/compute_score:np.float64(0.009488403797149658) - timing_s/agent_loop/slowest/num_preempted:np.int64(-1) - timing_s/agent_loop/slowest/prompt_length:110 - timing_s/agent_loop/slowest/response_length:1024 - timing_s/gen:20.41656532138586 - timing_s/reward:3.3680349588394165e-05 - timing_s/old_log_prob:58.99119541794062 - timing_s/ref:261.48719730600715 - timing_s/adv:0.017443981021642685 - timing_s/update_actor:191.20439829677343 - timing_s/save_checkpoint:397.52895345166326 - timing_s/update_weights:4.759618174284697 - timing_s/step:934.5581336095929 - timing_s/testing:32.670377895236015 - timing_s/stop_profile:0.00011904537677764893 - timing_per_token_ms/gen:0.10547762393322 - timing_per_token_ms/update_actor:0.8118014116900681 - timing_per_token_ms/ref:1.1102028917892215 - timing_per_token_ms/adv:7.406235706400722e-05 - perf/total_num_tokens:235531 - perf/time_per_step:934.5581336095929 - perf/throughput:63.005978849677405
[36m(TaskRunner pid=2033431)[0m step:41 - global_seqlen/min:57392 - global_seqlen/max:60512 - global_seqlen/minmax_diff:3120 - global_seqlen/balanced_min:58805 - global_seqlen/balanced_max:58806 - global_seqlen/mean:58805.5 - actor/entropy:0.080792635679245 - perf/mfu/actor_infer:0.032654645145080284 - actor/pg_clipfrac:np.float64(0.00021477749669429613) - actor/ppo_kl:np.float64(0.00010763264699598096) - actor/pg_clipfrac_lower:np.float64(0.0) - actor/pg_loss:np.float64(0.01916803301719483) - actor/kl_loss:np.float64(0.10773953951138537) - actor/kl_coef:np.float64(0.0010000000000000005) - actor/loss:np.float64(0.019275770522654057) - actor/grad_norm:np.float64(0.25863899290561676) - actor/perf/max_memory_allocated_gb:np.float64(20.273035049438477) - actor/perf/max_memory_reserved_gb:np.float64(34.158203125) - actor/perf/cpu_memory_used_gb:np.float64(110.58805084228516) - actor/lr:np.float64(1e-06) - perf/mfu/actor:np.float64(0.02321495028836833) - training/global_step:41 - training/epoch:0 - critic/score/mean:0.9375 - critic/score/max:1.0 - critic/score/min:0.0 - critic/rewards/mean:0.9375 - critic/rewards/max:1.0 - critic/rewards/min:0.0 - critic/advantages/mean:-0.01927383802831173 - critic/advantages/max:1.6201815605163574 - critic/advantages/min:-2.4748666286468506 - critic/returns/mean:-0.01927383802831173 - critic/returns/max:1.6201815605163574 - critic/returns/min:-2.4748666286468506 - response_length/mean:374.76171875 - response_length/max:1024.0 - response_length/min:138.0 - response_length/clip_ratio:0.015625 - response_length_non_aborted/mean:374.76171875 - response_length_non_aborted/max:1024.0 - response_length_non_aborted/min:138.0 - response_length_non_aborted/clip_ratio:0.015625 - response/aborted_ratio:0.0 - prompt_length/mean:84.65625 - prompt_length/max:151.0 - prompt_length/min:48.0 - prompt_length/clip_ratio:0.0 - num_turns/min:np.int32(2) - num_turns/max:np.int32(2) - num_turns/mean:np.float64(2.0) - timing_s/start_profile:0.00016153976321220398 - timing_s/agent_loop/num_preempted/min:np.int64(-1) - timing_s/agent_loop/num_preempted/max:np.int64(-1) - timing_s/agent_loop/num_preempted/mean:np.float64(-1.0) - timing_s/agent_loop/generate_sequences/min:np.float64(3.4840754121541977) - timing_s/agent_loop/generate_sequences/max:np.float64(19.398197565227747) - timing_s/agent_loop/generate_sequences/mean:np.float64(8.85937767996802) - timing_s/agent_loop/tool_calls/min:np.float64(0.0) - timing_s/agent_loop/tool_calls/max:np.float64(0.0) - timing_s/agent_loop/tool_calls/mean:np.float64(0.0) - timing_s/agent_loop/compute_score/min:np.float64(0.005958825349807739) - timing_s/agent_loop/compute_score/max:np.float64(0.03213488310575485) - timing_s/agent_loop/compute_score/mean:np.float64(0.010223487865005154) - timing_s/agent_loop/slowest/generate_sequences:np.float64(19.398197565227747) - timing_s/agent_loop/slowest/tool_calls:np.float64(0.0) - timing_s/agent_loop/slowest/compute_score:np.float64(0.009961538016796112) - timing_s/agent_loop/slowest/num_preempted:np.int64(-1) - timing_s/agent_loop/slowest/prompt_length:90 - timing_s/agent_loop/slowest/response_length:1024 - timing_s/gen:20.5064550191164 - timing_s/reward:2.818182110786438e-05 - timing_s/old_log_prob:56.11363596469164 - timing_s/ref:63.92162609472871 - timing_s/adv:0.018163561820983887 - timing_s/update_actor:189.14888520166278 - timing_s/update_weights:88.28237005323172 - timing_s/step:418.1500604264438 - timing_s/stop_profile:0.00018879398703575134 - timing_per_token_ms/gen:0.1068723617043976 - timing_per_token_ms/update_actor:0.8041292277153615 - timing_per_token_ms/ref:0.2717502023396141 - timing_per_token_ms/adv:7.721880530300689e-05 - perf/total_num_tokens:235222 - perf/time_per_step:418.1500604264438 - perf/throughput:140.63252780599416
[36m(TaskRunner pid=2033431)[0m step:42 - global_seqlen/min:56279 - global_seqlen/max:60391 - global_seqlen/minmax_diff:4112 - global_seqlen/balanced_min:58104 - global_seqlen/balanced_max:58105 - global_seqlen/mean:58104.5 - actor/entropy:0.08124902844429016 - perf/mfu/actor_infer:0.03233205279648759 - actor/pg_clipfrac:np.float64(0.0002937845256383298) - actor/ppo_kl:np.float64(4.505859221382025e-05) - actor/pg_clipfrac_lower:np.float64(0.0) - actor/pg_loss:np.float64(0.016247685125563294) - actor/kl_loss:np.float64(0.1052280293952208) - actor/kl_coef:np.float64(0.0010000000000000005) - actor/loss:np.float64(0.01635291357524693) - actor/grad_norm:np.float64(0.42198748886585236) - actor/perf/max_memory_allocated_gb:np.float64(20.273035049438477) - actor/perf/max_memory_reserved_gb:np.float64(34.158203125) - actor/perf/cpu_memory_used_gb:np.float64(108.60905838012695) - actor/lr:np.float64(1e-06) - perf/mfu/actor:np.float64(0.022940396011304875) - training/global_step:42 - training/epoch:0 - critic/score/mean:0.927734375 - critic/score/max:1.0 - critic/score/min:0.0 - critic/rewards/mean:0.927734375 - critic/rewards/max:1.0 - critic/rewards/min:0.0 - critic/advantages/mean:-0.0161050446331501 - critic/advantages/max:2.4748666286468506 - critic/advantages/min:-2.4748666286468506 - critic/returns/mean:-0.0161050446331501 - critic/returns/max:2.4748666286468506 - critic/returns/min:-2.4748666286468506 - response_length/mean:371.56640625 - response_length/max:1024.0 - response_length/min:150.0 - response_length/clip_ratio:0.02734375 - response_length_non_aborted/mean:371.56640625 - response_length_non_aborted/max:1024.0 - response_length_non_aborted/min:150.0 - response_length_non_aborted/clip_ratio:0.02734375 - response/aborted_ratio:0.0 - prompt_length/mean:82.375 - prompt_length/max:160.0 - prompt_length/min:50.0 - prompt_length/clip_ratio:0.0 - num_turns/min:np.int32(2) - num_turns/max:np.int32(2) - num_turns/mean:np.float64(2.0) - timing_s/start_profile:7.828697562217712e-05 - timing_s/agent_loop/num_preempted/min:np.int64(-1) - timing_s/agent_loop/num_preempted/max:np.int64(-1) - timing_s/agent_loop/num_preempted/mean:np.float64(-1.0) - timing_s/agent_loop/generate_sequences/min:np.float64(3.7602353915572166) - timing_s/agent_loop/generate_sequences/max:np.float64(19.09648859500885) - timing_s/agent_loop/generate_sequences/mean:np.float64(8.680299375075265) - timing_s/agent_loop/tool_calls/min:np.float64(0.0) - timing_s/agent_loop/tool_calls/max:np.float64(0.0) - timing_s/agent_loop/tool_calls/mean:np.float64(0.0) - timing_s/agent_loop/compute_score/min:np.float64(0.005825452506542206) - timing_s/agent_loop/compute_score/max:np.float64(0.026354875415563583) - timing_s/agent_loop/compute_score/mean:np.float64(0.010997184035659302) - timing_s/agent_loop/slowest/generate_sequences:np.float64(19.09648859500885) - timing_s/agent_loop/slowest/tool_calls:np.float64(0.0) - timing_s/agent_loop/slowest/compute_score:np.float64(0.00929880142211914) - timing_s/agent_loop/slowest/num_preempted:np.int64(-1) - timing_s/agent_loop/slowest/prompt_length:132 - timing_s/agent_loop/slowest/response_length:1024 - timing_s/gen:20.204266168177128 - timing_s/reward:3.349408507347107e-05 - timing_s/old_log_prob:45.52735514938831 - timing_s/ref:64.02336407080293 - timing_s/adv:0.017198797315359116 - timing_s/update_actor:189.23221657797694 - timing_s/update_weights:4.570957507938147 - timing_s/step:323.7290874235332 - timing_s/stop_profile:0.00017810240387916565 - timing_per_token_ms/gen:0.10620297393938839 - timing_per_token_ms/update_actor:0.8141891616741257 - timing_per_token_ms/ref:0.27546646159420923 - timing_per_token_ms/adv:7.399942050684162e-05 - perf/total_num_tokens:232418 - perf/time_per_step:323.7290874235332 - perf/throughput:179.48495287351847
[36m(TaskRunner pid=2033431)[0m step:43 - global_seqlen/min:62910 - global_seqlen/max:81825 - global_seqlen/minmax_diff:18915 - global_seqlen/balanced_min:68451 - global_seqlen/balanced_max:68452 - global_seqlen/mean:68451.5 - actor/entropy:0.10162299871444702 - perf/mfu/actor_infer:0.037906843679846265 - actor/pg_clipfrac:np.float64(0.0005242523116066877) - actor/ppo_kl:np.float64(-7.318258230526453e-07) - actor/pg_clipfrac_lower:np.float64(0.0) - actor/pg_loss:np.float64(0.040259897825308144) - actor/kl_loss:np.float64(0.09676400285388809) - actor/kl_coef:np.float64(0.0010000000000000005) - actor/loss:np.float64(0.04035666398704052) - actor/grad_norm:np.float64(0.4158708304166794) - actor/perf/max_memory_allocated_gb:np.float64(20.273035049438477) - actor/perf/max_memory_reserved_gb:np.float64(34.158203125) - actor/perf/cpu_memory_used_gb:np.float64(109.04611396789551) - actor/lr:np.float64(1e-06) - perf/mfu/actor:np.float64(0.027006343465482613) - training/global_step:43 - training/epoch:0 - critic/score/mean:0.9296875 - critic/score/max:1.0 - critic/score/min:0.0 - critic/rewards/mean:0.9296875 - critic/rewards/max:1.0 - critic/rewards/min:0.0 - critic/advantages/mean:-0.04025014489889145 - critic/advantages/max:1.20761239528656 - critic/advantages/min:-2.4748666286468506 - critic/returns/mean:-0.04025014489889145 - critic/returns/max:1.20761239528656 - critic/returns/min:-2.4748666286468506 - response_length/mean:452.13671875 - response_length/max:1024.0 - response_length/min:135.0 - response_length/clip_ratio:0.0546875 - response_length_non_aborted/mean:452.13671875 - response_length_non_aborted/max:1024.0 - response_length_non_aborted/min:135.0 - response_length_non_aborted/clip_ratio:0.0546875 - response/aborted_ratio:0.0 - prompt_length/mean:82.640625 - prompt_length/max:185.0 - prompt_length/min:49.0 - prompt_length/clip_ratio:0.0 - num_turns/min:np.int32(2) - num_turns/max:np.int32(2) - num_turns/mean:np.float64(2.0) - timing_s/start_profile:8.400902152061462e-05 - timing_s/agent_loop/num_preempted/min:np.int64(-1) - timing_s/agent_loop/num_preempted/max:np.int64(-1) - timing_s/agent_loop/num_preempted/mean:np.float64(-1.0) - timing_s/agent_loop/generate_sequences/min:np.float64(3.3489935770630836) - timing_s/agent_loop/generate_sequences/max:np.float64(21.36395239084959) - timing_s/agent_loop/generate_sequences/mean:np.float64(10.662089461344294) - timing_s/agent_loop/tool_calls/min:np.float64(0.0) - timing_s/agent_loop/tool_calls/max:np.float64(0.0) - timing_s/agent_loop/tool_calls/mean:np.float64(0.0) - timing_s/agent_loop/compute_score/min:np.float64(0.006705574691295624) - timing_s/agent_loop/compute_score/max:np.float64(0.0298810675740242) - timing_s/agent_loop/compute_score/mean:np.float64(0.010753180984465871) - timing_s/agent_loop/slowest/generate_sequences:np.float64(21.36395239084959) - timing_s/agent_loop/slowest/tool_calls:np.float64(0.0) - timing_s/agent_loop/slowest/compute_score:np.float64(0.015534263104200363) - timing_s/agent_loop/slowest/num_preempted:np.int64(-1) - timing_s/agent_loop/slowest/prompt_length:57 - timing_s/agent_loop/slowest/response_length:1024 - timing_s/gen:22.406834721565247 - timing_s/reward:3.055110573768616e-05 - timing_s/old_log_prob:45.54331073537469 - timing_s/ref:96.82014361396432 - timing_s/adv:0.01767958328127861 - timing_s/update_actor:189.96667575463653 - timing_s/update_weights:4.5452362932264805 - timing_s/step:359.4662631973624 - timing_s/stop_profile:0.000134199857711792 - timing_per_token_ms/gen:0.09679229147003916 - timing_per_token_ms/update_actor:0.6938002664464494 - timing_per_token_ms/ref:0.35360855355238496 - timing_per_token_ms/adv:6.456974383789475e-05 - perf/total_num_tokens:273806 - perf/time_per_step:359.4662631973624 - perf/throughput:190.42538064946913
[36m(TaskRunner pid=2033431)[0m step:44 - global_seqlen/min:53365 - global_seqlen/max:61842 - global_seqlen/minmax_diff:8477 - global_seqlen/balanced_min:58397 - global_seqlen/balanced_max:58400 - global_seqlen/mean:58398.25 - actor/entropy:0.08307565003633499 - perf/mfu/actor_infer:0.03250264286928045 - actor/pg_clipfrac:np.float64(0.0001997667159230332) - actor/ppo_kl:np.float64(7.159369781462033e-05) - actor/pg_clipfrac_lower:np.float64(0.0) - actor/pg_loss:np.float64(0.010653725592419505) - actor/kl_loss:np.float64(0.10748129960848019) - actor/kl_coef:np.float64(0.0010000000000000005) - actor/loss:np.float64(0.010761208832263947) - actor/grad_norm:np.float64(0.20581040903925896) - actor/perf/max_memory_allocated_gb:np.float64(20.273035049438477) - actor/perf/max_memory_reserved_gb:np.float64(34.158203125) - actor/perf/cpu_memory_used_gb:np.float64(108.82706642150879) - actor/lr:np.float64(1e-06) - perf/mfu/actor:np.float64(0.023052775220866777) - training/global_step:44 - training/epoch:0 - critic/score/mean:0.94921875 - critic/score/max:1.0 - critic/score/min:0.0 - critic/rewards/mean:0.94921875 - critic/rewards/max:1.0 - critic/rewards/min:0.0 - critic/advantages/mean:-0.010824671946465969 - critic/advantages/max:0.35355237126350403 - critic/advantages/min:-2.4748666286468506 - critic/returns/mean:-0.010824671946465969 - critic/returns/max:0.35355237126350403 - critic/returns/min:-2.4748666286468506 - response_length/mean:373.376953125 - response_length/max:1024.0 - response_length/min:139.0 - response_length/clip_ratio:0.01953125 - response_length_non_aborted/mean:373.376953125 - response_length_non_aborted/max:1024.0 - response_length_non_aborted/min:139.0 - response_length_non_aborted/clip_ratio:0.01953125 - response/aborted_ratio:0.0 - prompt_length/mean:82.859375 - prompt_length/max:152.0 - prompt_length/min:55.0 - prompt_length/clip_ratio:0.0 - num_turns/min:np.int32(2) - num_turns/max:np.int32(2) - num_turns/mean:np.float64(2.0) - timing_s/start_profile:9.244680404663086e-05 - timing_s/agent_loop/num_preempted/min:np.int64(-1) - timing_s/agent_loop/num_preempted/max:np.int64(-1) - timing_s/agent_loop/num_preempted/mean:np.float64(-1.0) - timing_s/agent_loop/generate_sequences/min:np.float64(3.482540335506201) - timing_s/agent_loop/generate_sequences/max:np.float64(19.21755438670516) - timing_s/agent_loop/generate_sequences/mean:np.float64(8.805245434319659) - timing_s/agent_loop/tool_calls/min:np.float64(0.0) - timing_s/agent_loop/tool_calls/max:np.float64(0.0) - timing_s/agent_loop/tool_calls/mean:np.float64(0.0) - timing_s/agent_loop/compute_score/min:np.float64(0.005654983222484589) - timing_s/agent_loop/compute_score/max:np.float64(0.029803670942783356) - timing_s/agent_loop/compute_score/mean:np.float64(0.010850962760741822) - timing_s/agent_loop/slowest/generate_sequences:np.float64(19.21755438670516) - timing_s/agent_loop/slowest/tool_calls:np.float64(0.0) - timing_s/agent_loop/slowest/compute_score:np.float64(0.009242106229066849) - timing_s/agent_loop/slowest/num_preempted:np.int64(-1) - timing_s/agent_loop/slowest/prompt_length:109 - timing_s/agent_loop/slowest/response_length:1024 - timing_s/gen:20.26942665874958 - timing_s/reward:2.8964132070541382e-05 - timing_s/old_log_prob:45.155479699373245 - timing_s/ref:63.92237612977624 - timing_s/adv:0.01739848405122757 - timing_s/update_actor:189.15983420610428 - timing_s/update_weights:4.5690491907298565 - timing_s/step:323.2474626302719 - timing_s/stop_profile:0.0001541711390018463 - timing_per_token_ms/gen:0.10602883657261157 - timing_per_token_ms/update_actor:0.8097838300210378 - timing_per_token_ms/ref:0.27364850885846853 - timing_per_token_ms/adv:7.448204377369e-05 - perf/total_num_tokens:233593 - perf/time_per_step:323.2474626302719 - perf/throughput:180.6611242198535
[36m(TaskRunner pid=2033431)[0m step:45 - global_seqlen/min:54166 - global_seqlen/max:67624 - global_seqlen/minmax_diff:13458 - global_seqlen/balanced_min:59451 - global_seqlen/balanced_max:59451 - global_seqlen/mean:59451.0 - actor/entropy:0.09226280450820923 - perf/mfu/actor_infer:0.033094025487282616 - actor/pg_clipfrac:np.float64(0.0003477414975350257) - actor/ppo_kl:np.float64(0.00013446738855549256) - actor/pg_clipfrac_lower:np.float64(0.0) - actor/pg_loss:np.float64(0.03700934653170407) - actor/kl_loss:np.float64(0.11122714434168302) - actor/kl_coef:np.float64(0.0010000000000000005) - actor/loss:np.float64(0.037120576947927475) - actor/grad_norm:np.float64(0.4020056575536728) - actor/perf/max_memory_allocated_gb:np.float64(20.273035049438477) - actor/perf/max_memory_reserved_gb:np.float64(34.158203125) - actor/perf/cpu_memory_used_gb:np.float64(108.63965034484863) - actor/lr:np.float64(1e-06) - perf/mfu/actor:np.float64(0.02347652973210672) - training/global_step:45 - training/epoch:0 - critic/score/mean:0.90625 - critic/score/max:1.0 - critic/score/min:0.0 - critic/rewards/mean:0.90625 - critic/rewards/max:1.0 - critic/rewards/min:0.0 - critic/advantages/mean:-0.03709990158677101 - critic/advantages/max:2.4748666286468506 - critic/advantages/min:-2.4748666286468506 - critic/returns/mean:-0.03709990158677101 - critic/returns/max:2.4748666286468506 - critic/returns/min:-2.4748666286468506 - response_length/mean:386.0234375 - response_length/max:1024.0 - response_length/min:157.0 - response_length/clip_ratio:0.060546875 - response_length_non_aborted/mean:386.0234375 - response_length_non_aborted/max:1024.0 - response_length_non_aborted/min:157.0 - response_length_non_aborted/clip_ratio:0.060546875 - response/aborted_ratio:0.0 - prompt_length/mean:78.4375 - prompt_length/max:121.0 - prompt_length/min:49.0 - prompt_length/clip_ratio:0.0 - num_turns/min:np.int32(2) - num_turns/max:np.int32(2) - num_turns/mean:np.float64(2.0) - timing_s/start_profile:0.00015487894415855408 - timing_s/agent_loop/num_preempted/min:np.int64(-1) - timing_s/agent_loop/num_preempted/max:np.int64(-1) - timing_s/agent_loop/num_preempted/mean:np.float64(-1.0) - timing_s/agent_loop/generate_sequences/min:np.float64(3.8818747214972973) - timing_s/agent_loop/generate_sequences/max:np.float64(19.621372144669294) - timing_s/agent_loop/generate_sequences/mean:np.float64(8.909743760159472) - timing_s/agent_loop/tool_calls/min:np.float64(0.0) - timing_s/agent_loop/tool_calls/max:np.float64(0.0) - timing_s/agent_loop/tool_calls/mean:np.float64(0.0) - timing_s/agent_loop/compute_score/min:np.float64(0.006645966321229935) - timing_s/agent_loop/compute_score/max:np.float64(0.027491729706525803) - timing_s/agent_loop/compute_score/mean:np.float64(0.010753167101938743) - timing_s/agent_loop/slowest/generate_sequences:np.float64(19.621372144669294) - timing_s/agent_loop/slowest/tool_calls:np.float64(0.0) - timing_s/agent_loop/slowest/compute_score:np.float64(0.01037144660949707) - timing_s/agent_loop/slowest/num_preempted:np.int64(-1) - timing_s/agent_loop/slowest/prompt_length:97 - timing_s/agent_loop/slowest/response_length:1024 - timing_s/gen:20.6910504065454 - timing_s/reward:2.866983413696289e-05 - timing_s/old_log_prob:45.55992189049721 - timing_s/ref:64.05204201489687 - timing_s/adv:0.01750451698899269 - timing_s/update_actor:189.30707002803683 - timing_s/update_weights:4.536834467202425 - timing_s/step:324.3218813575804 - timing_s/stop_profile:0.00016083568334579468 - timing_per_token_ms/gen:0.10468848235486734 - timing_per_token_ms/update_actor:0.796063438916237 - timing_per_token_ms/ref:0.2693480429887507 - timing_per_token_ms/adv:7.360900989467246e-05 - perf/total_num_tokens:237804 - perf/time_per_step:324.3218813575804 - perf/throughput:183.30863076874058
[36m(TaskRunner pid=2033431)[0m step:46 - global_seqlen/min:49374 - global_seqlen/max:63204 - global_seqlen/minmax_diff:13830 - global_seqlen/balanced_min:57514 - global_seqlen/balanced_max:57515 - global_seqlen/mean:57514.25 - actor/entropy:0.07768969237804413 - perf/mfu/actor_infer:0.03207691712441227 - actor/pg_clipfrac:np.float64(0.0002128638725480414) - actor/ppo_kl:np.float64(0.00015041670183535416) - actor/pg_clipfrac_lower:np.float64(0.0) - actor/pg_loss:np.float64(0.024491840620612493) - actor/kl_loss:np.float64(0.12082539343100507) - actor/kl_coef:np.float64(0.0010000000000000005) - actor/loss:np.float64(0.02461266703903675) - actor/grad_norm:np.float64(0.3669195622205734) - actor/perf/max_memory_allocated_gb:np.float64(20.273035049438477) - actor/perf/max_memory_reserved_gb:np.float64(34.158203125) - actor/perf/cpu_memory_used_gb:np.float64(108.64888572692871) - actor/lr:np.float64(1e-06) - perf/mfu/actor:np.float64(0.022728542948219528) - training/global_step:46 - training/epoch:0 - critic/score/mean:0.9375 - critic/score/max:1.0 - critic/score/min:0.0 - critic/rewards/mean:0.9375 - critic/rewards/max:1.0 - critic/rewards/min:0.0 - critic/advantages/mean:-0.024790264666080475 - critic/advantages/max:2.4748666286468506 - critic/advantages/min:-2.4748666286468506 - critic/returns/mean:-0.024790264666080475 - critic/returns/max:2.4748666286468506 - critic/returns/min:-2.4748666286468506 - response_length/mean:365.626953125 - response_length/max:1024.0 - response_length/min:154.0 - response_length/clip_ratio:0.017578125 - response_length_non_aborted/mean:365.626953125 - response_length_non_aborted/max:1024.0 - response_length_non_aborted/min:154.0 - response_length_non_aborted/clip_ratio:0.017578125 - response/aborted_ratio:0.0 - prompt_length/mean:83.703125 - prompt_length/max:180.0 - prompt_length/min:43.0 - prompt_length/clip_ratio:0.0 - num_turns/min:np.int32(2) - num_turns/max:np.int32(2) - num_turns/mean:np.float64(2.0) - timing_s/start_profile:0.00015137717127799988 - timing_s/agent_loop/num_preempted/min:np.int64(-1) - timing_s/agent_loop/num_preempted/max:np.int64(-1) - timing_s/agent_loop/num_preempted/mean:np.float64(-1.0) - timing_s/agent_loop/generate_sequences/min:np.float64(3.7423038370907307) - timing_s/agent_loop/generate_sequences/max:np.float64(19.059164058417082) - timing_s/agent_loop/generate_sequences/mean:np.float64(8.487749084430106) - timing_s/agent_loop/tool_calls/min:np.float64(0.0) - timing_s/agent_loop/tool_calls/max:np.float64(0.0) - timing_s/agent_loop/tool_calls/mean:np.float64(0.0) - timing_s/agent_loop/compute_score/min:np.float64(0.0062474533915519714) - timing_s/agent_loop/compute_score/max:np.float64(0.0250297412276268) - timing_s/agent_loop/compute_score/mean:np.float64(0.01040337350423215) - timing_s/agent_loop/slowest/generate_sequences:np.float64(19.059164058417082) - timing_s/agent_loop/slowest/tool_calls:np.float64(0.0) - timing_s/agent_loop/slowest/compute_score:np.float64(0.010808378458023071) - timing_s/agent_loop/slowest/num_preempted:np.int64(-1) - timing_s/agent_loop/slowest/prompt_length:88 - timing_s/agent_loop/slowest/response_length:1024 - timing_s/gen:20.144491586834192 - timing_s/reward:3.246590495109558e-05 - timing_s/old_log_prob:45.41460567340255 - timing_s/ref:63.851014737039804 - timing_s/adv:0.017541099339723587 - timing_s/update_actor:188.94373009353876 - timing_s/update_weights:4.562134314328432 - timing_s/step:323.0891457051039 - timing_s/stop_profile:0.0001693442463874817 - timing_per_token_ms/gen:0.10760888877107597 - timing_per_token_ms/update_actor:0.8212909413473128 - timing_per_token_ms/ref:0.27754432482836777 - timing_per_token_ms/adv:7.624675336861555e-05 - perf/total_num_tokens:230057 - perf/time_per_step:323.0891457051039 - perf/throughput:178.0135630198345
[36m(TaskRunner pid=2033431)[0m step:47 - global_seqlen/min:51471 - global_seqlen/max:66312 - global_seqlen/minmax_diff:14841 - global_seqlen/balanced_min:58961 - global_seqlen/balanced_max:58962 - global_seqlen/mean:58961.25 - actor/entropy:0.08570309728384018 - perf/mfu/actor_infer:0.032876287042807255 - actor/pg_clipfrac:np.float64(0.00021436684664877248) - actor/ppo_kl:np.float64(8.73876526199524e-05) - actor/pg_clipfrac_lower:np.float64(0.0) - actor/pg_loss:np.float64(0.026324282036398472) - actor/kl_loss:np.float64(0.11116756655974314) - actor/kl_coef:np.float64(0.0010000000000000005) - actor/loss:np.float64(0.026435450883582234) - actor/grad_norm:np.float64(0.32626020908355713) - actor/perf/max_memory_allocated_gb:np.float64(20.273035049438477) - actor/perf/max_memory_reserved_gb:np.float64(34.158203125) - actor/perf/cpu_memory_used_gb:np.float64(108.84303665161133) - actor/lr:np.float64(1e-06) - perf/mfu/actor:np.float64(0.023377824219645738) - training/global_step:47 - training/epoch:0 - critic/score/mean:0.939453125 - critic/score/max:1.0 - critic/score/min:0.0 - critic/rewards/mean:0.939453125 - critic/rewards/max:1.0 - critic/rewards/min:0.0 - critic/advantages/mean:-0.026067040860652924 - critic/advantages/max:2.4748666286468506 - critic/advantages/min:-2.4748666286468506 - critic/returns/mean:-0.026067040860652924 - critic/returns/max:2.4748666286468506 - critic/returns/min:-2.4748666286468506 - response_length/mean:382.181640625 - response_length/max:1024.0 - response_length/min:162.0 - response_length/clip_ratio:0.02734375 - response_length_non_aborted/mean:382.181640625 - response_length_non_aborted/max:1024.0 - response_length_non_aborted/min:162.0 - response_length_non_aborted/clip_ratio:0.02734375 - response/aborted_ratio:0.0 - prompt_length/mean:78.453125 - prompt_length/max:133.0 - prompt_length/min:48.0 - prompt_length/clip_ratio:0.0 - num_turns/min:np.int32(2) - num_turns/max:np.int32(2) - num_turns/mean:np.float64(2.0) - timing_s/start_profile:8.792057633399963e-05 - timing_s/agent_loop/num_preempted/min:np.int64(-1) - timing_s/agent_loop/num_preempted/max:np.int64(-1) - timing_s/agent_loop/num_preempted/mean:np.float64(-1.0) - timing_s/agent_loop/generate_sequences/min:np.float64(3.9549979381263256) - timing_s/agent_loop/generate_sequences/max:np.float64(19.35888757184148) - timing_s/agent_loop/generate_sequences/mean:np.float64(8.876626466982998) - timing_s/agent_loop/tool_calls/min:np.float64(0.0) - timing_s/agent_loop/tool_calls/max:np.float64(0.0) - timing_s/agent_loop/tool_calls/mean:np.float64(0.0) - timing_s/agent_loop/compute_score/min:np.float64(0.006148546934127808) - timing_s/agent_loop/compute_score/max:np.float64(0.02247685194015503) - timing_s/agent_loop/compute_score/mean:np.float64(0.010732431757787708) - timing_s/agent_loop/slowest/generate_sequences:np.float64(19.35888757184148) - timing_s/agent_loop/slowest/tool_calls:np.float64(0.0) - timing_s/agent_loop/slowest/compute_score:np.float64(0.021320313215255737) - timing_s/agent_loop/slowest/num_preempted:np.int64(-1) - timing_s/agent_loop/slowest/prompt_length:65 - timing_s/agent_loop/slowest/response_length:1024 - timing_s/gen:20.46981931477785 - timing_s/reward:2.3405998945236206e-05 - timing_s/old_log_prob:45.08296435698867 - timing_s/ref:64.34607841074467 - timing_s/adv:0.020005494356155396 - timing_s/update_actor:188.4682197533548 - timing_s/update_weights:114.2916315086186 - timing_s/step:432.8325994350016 - timing_s/stop_profile:0.00017504021525382996 - timing_per_token_ms/gen:0.10461024706418154 - timing_per_token_ms/update_actor:0.7991189966009659 - timing_per_token_ms/ref:0.27283206517307834 - timing_per_token_ms/adv:8.482475505588584e-05 - perf/total_num_tokens:235845 - perf/time_per_step:432.8325994350016 - perf/throughput:136.22183282166156
[36m(TaskRunner pid=2033431)[0m step:48 - global_seqlen/min:48038 - global_seqlen/max:55281 - global_seqlen/minmax_diff:7243 - global_seqlen/balanced_min:52359 - global_seqlen/balanced_max:52362 - global_seqlen/mean:52360.5 - actor/entropy:0.0705549344420433 - perf/mfu/actor_infer:0.029258951863488356 - actor/pg_clipfrac:np.float64(0.00026952132930091466) - actor/ppo_kl:np.float64(-8.288247894761014e-05) - actor/pg_clipfrac_lower:np.float64(0.0) - actor/pg_loss:np.float64(0.007233724201796576) - actor/kl_loss:np.float64(0.1201931287359912) - actor/kl_coef:np.float64(0.0010000000000000005) - actor/loss:np.float64(0.007353916531428695) - actor/grad_norm:np.float64(0.25319892168045044) - actor/perf/max_memory_allocated_gb:np.float64(20.273035049438477) - actor/perf/max_memory_reserved_gb:np.float64(34.158203125) - actor/perf/cpu_memory_used_gb:np.float64(108.70380973815918) - actor/lr:np.float64(1e-06) - perf/mfu/actor:np.float64(0.02068504381816151) - training/global_step:48 - training/epoch:0 - critic/score/mean:0.96875 - critic/score/max:1.0 - critic/score/min:0.0 - critic/rewards/mean:0.96875 - critic/rewards/max:1.0 - critic/rewards/min:0.0 - critic/advantages/mean:-0.007211771328002214 - critic/advantages/max:0.935412585735321 - critic/advantages/min:-1.6201815605163574 - critic/returns/mean:-0.007211771328002214 - critic/returns/max:0.935412585735321 - critic/returns/min:-1.6201815605163574 - response_length/mean:329.62890625 - response_length/max:1024.0 - response_length/min:89.0 - response_length/clip_ratio:0.001953125 - response_length_non_aborted/mean:329.62890625 - response_length_non_aborted/max:1024.0 - response_length_non_aborted/min:89.0 - response_length_non_aborted/clip_ratio:0.001953125 - response/aborted_ratio:0.0 - prompt_length/mean:79.4375 - prompt_length/max:147.0 - prompt_length/min:49.0 - prompt_length/clip_ratio:0.0 - num_turns/min:np.int32(2) - num_turns/max:np.int32(2) - num_turns/mean:np.float64(2.0) - timing_s/start_profile:0.0002092495560646057 - timing_s/agent_loop/num_preempted/min:np.int64(-1) - timing_s/agent_loop/num_preempted/max:np.int64(-1) - timing_s/agent_loop/num_preempted/mean:np.float64(-1.0) - timing_s/agent_loop/generate_sequences/min:np.float64(2.2522157095372677) - timing_s/agent_loop/generate_sequences/max:np.float64(18.21447242796421) - timing_s/agent_loop/generate_sequences/mean:np.float64(7.658787530519476) - timing_s/agent_loop/tool_calls/min:np.float64(0.0) - timing_s/agent_loop/tool_calls/max:np.float64(0.0) - timing_s/agent_loop/tool_calls/mean:np.float64(0.0) - timing_s/agent_loop/compute_score/min:np.float64(0.005466483533382416) - timing_s/agent_loop/compute_score/max:np.float64(0.028390351682901382) - timing_s/agent_loop/compute_score/mean:np.float64(0.010315689505659975) - timing_s/agent_loop/slowest/generate_sequences:np.float64(18.21447242796421) - timing_s/agent_loop/slowest/tool_calls:np.float64(0.0) - timing_s/agent_loop/slowest/compute_score:np.float64(0.011551976203918457) - timing_s/agent_loop/slowest/num_preempted:np.int64(-1) - timing_s/agent_loop/slowest/prompt_length:60 - timing_s/agent_loop/slowest/response_length:1024 - timing_s/gen:19.233454260975122 - timing_s/reward:2.4303793907165527e-05 - timing_s/old_log_prob:44.82283214479685 - timing_s/ref:64.15981159359217 - timing_s/adv:0.018628064543008804 - timing_s/update_actor:190.02005492895842 - timing_s/update_weights:4.617629546672106 - timing_s/step:323.0238200351596 - timing_s/stop_profile:0.0001407042145729065 - timing_per_token_ms/gen:0.11396251858135405 - timing_per_token_ms/update_actor:0.9072681454959293 - timing_per_token_ms/ref:0.3063368932381861 - timing_per_token_ms/adv:8.894139925616067e-05 - perf/total_num_tokens:209442 - perf/time_per_step:323.0238200351596 - perf/throughput:162.0948572594455
[36m(TaskRunner pid=2033431)[0m step:49 - global_seqlen/min:54025 - global_seqlen/max:61890 - global_seqlen/minmax_diff:7865 - global_seqlen/balanced_min:56378 - global_seqlen/balanced_max:56382 - global_seqlen/mean:56380.5 - actor/entropy:0.0804479792714119 - perf/mfu/actor_infer:0.031390098211709565 - actor/pg_clipfrac:np.float64(0.0002679247086234682) - actor/ppo_kl:np.float64(1.649346177501343e-05) - actor/pg_clipfrac_lower:np.float64(0.0) - actor/pg_loss:np.float64(0.0030461748247034848) - actor/kl_loss:np.float64(0.11793556449993048) - actor/kl_coef:np.float64(0.0010000000000000005) - actor/loss:np.float64(0.0031641123350709677) - actor/grad_norm:np.float64(0.3434692323207855) - actor/perf/max_memory_allocated_gb:np.float64(20.273035049438477) - actor/perf/max_memory_reserved_gb:np.float64(34.158203125) - actor/perf/cpu_memory_used_gb:np.float64(108.86628341674805) - actor/lr:np.float64(1e-06) - perf/mfu/actor:np.float64(0.02226550597396397) - training/global_step:49 - training/epoch:0 - critic/score/mean:0.947265625 - critic/score/max:1.0 - critic/score/min:0.0 - critic/rewards/mean:0.947265625 - critic/rewards/max:1.0 - critic/rewards/min:0.0 - critic/advantages/mean:-0.0029462699312716722 - critic/advantages/max:1.6201815605163574 - critic/advantages/min:-2.4748666286468506 - critic/returns/mean:-0.0029462699312716722 - critic/returns/max:1.6201815605163574 - critic/returns/min:-2.4748666286468506 - response_length/mean:358.95703125 - response_length/max:1024.0 - response_length/min:107.0 - response_length/clip_ratio:0.03125 - response_length_non_aborted/mean:358.95703125 - response_length_non_aborted/max:1024.0 - response_length_non_aborted/min:107.0 - response_length_non_aborted/clip_ratio:0.03125 - response/aborted_ratio:0.0 - prompt_length/mean:81.515625 - prompt_length/max:149.0 - prompt_length/min:52.0 - prompt_length/clip_ratio:0.0 - num_turns/min:np.int32(2) - num_turns/max:np.int32(2) - num_turns/mean:np.float64(2.0) - timing_s/start_profile:9.813159704208374e-05 - timing_s/agent_loop/num_preempted/min:np.int64(-1) - timing_s/agent_loop/num_preempted/max:np.int64(-1) - timing_s/agent_loop/num_preempted/mean:np.float64(-1.0) - timing_s/agent_loop/generate_sequences/min:np.float64(2.597932245582342) - timing_s/agent_loop/generate_sequences/max:np.float64(19.161756612360477) - timing_s/agent_loop/generate_sequences/mean:np.float64(8.178750518796733) - timing_s/agent_loop/tool_calls/min:np.float64(0.0) - timing_s/agent_loop/tool_calls/max:np.float64(0.0) - timing_s/agent_loop/tool_calls/mean:np.float64(0.0) - timing_s/agent_loop/compute_score/min:np.float64(0.006010342389345169) - timing_s/agent_loop/compute_score/max:np.float64(0.025846250355243683) - timing_s/agent_loop/compute_score/mean:np.float64(0.010479387499799486) - timing_s/agent_loop/slowest/generate_sequences:np.float64(19.161756612360477) - timing_s/agent_loop/slowest/tool_calls:np.float64(0.0) - timing_s/agent_loop/slowest/compute_score:np.float64(0.009173229336738586) - timing_s/agent_loop/slowest/num_preempted:np.int64(-1) - timing_s/agent_loop/slowest/prompt_length:99 - timing_s/agent_loop/slowest/response_length:1024 - timing_s/gen:20.254060536623 - timing_s/reward:3.467872738838196e-05 - timing_s/old_log_prob:45.0824036821723 - timing_s/ref:63.979761719703674 - timing_s/adv:0.01704704761505127 - timing_s/update_actor:189.4288152642548 - timing_s/update_weights:4.841828189790249 - timing_s/step:323.75364249944687 - timing_s/stop_profile:0.0001369267702102661 - timing_per_token_ms/gen:0.11020458868805567 - timing_per_token_ms/update_actor:0.8399571450424118 - timing_per_token_ms/ref:0.28369632106714054 - timing_per_token_ms/adv:7.5589288916608e-05 - perf/total_num_tokens:225522 - perf/time_per_step:323.75364249944687 - perf/throughput:174.1463032345538
[36m(TaskRunner pid=2033431)[0m test_gen_batch meta info: {'eos_token_id': 151645, 'pad_token_id': 151643, 'recompute_log_prob': False, 'do_sample': False, 'validate': True, 'global_steps': 50}
[36m(TaskRunner pid=2033431)[0m validation generation end
[36m(TaskRunner pid=2033431)[0m step:50 - global_seqlen/min:48779 - global_seqlen/max:65052 - global_seqlen/minmax_diff:16273 - global_seqlen/balanced_min:54745 - global_seqlen/balanced_max:54747 - global_seqlen/mean:54746.0 - actor/entropy:0.07769298553466797 - perf/mfu/actor_infer:0.03043393832738608 - actor/pg_clipfrac:np.float64(0.00028083776965104335) - actor/ppo_kl:np.float64(2.5666180881955825e-05) - actor/pg_clipfrac_lower:np.float64(0.0) - actor/pg_loss:np.float64(0.00452232820680365) - actor/kl_loss:np.float64(0.12087197322398424) - actor/kl_coef:np.float64(0.0010000000000000005) - actor/loss:np.float64(0.00464320182800293) - actor/grad_norm:np.float64(0.3491954058408737) - actor/perf/max_memory_allocated_gb:np.float64(20.273035049438477) - actor/perf/max_memory_reserved_gb:np.float64(34.158203125) - actor/perf/cpu_memory_used_gb:np.float64(109.01071357727051) - actor/lr:np.float64(1e-06) - perf/mfu/actor:np.float64(0.02159834410778974) - val-aux/openai/gsm8k/reward/mean@1:np.float64(0.934040940106141) - val-core/openai/gsm8k/acc/mean@1:np.float64(0.934040940106141) - val-aux/num_turns/min:np.int32(2) - val-aux/num_turns/max:np.int32(2) - val-aux/num_turns/mean:np.float64(2.0) - training/global_step:50 - training/epoch:0 - critic/score/mean:0.93359375 - critic/score/max:1.0 - critic/score/min:0.0 - critic/rewards/mean:0.93359375 - critic/rewards/max:1.0 - critic/rewards/min:0.0 - critic/advantages/mean:-0.005132480524480343 - critic/advantages/max:2.4748666286468506 - critic/advantages/min:-1.6201815605163574 - critic/returns/mean:-0.005132480524480343 - critic/returns/max:2.4748666286468506 - critic/returns/min:-1.6201815605163574 - response_length/mean:347.84375 - response_length/max:1024.0 - response_length/min:103.0 - response_length/clip_ratio:0.0078125 - response_length_non_aborted/mean:347.84375 - response_length_non_aborted/max:1024.0 - response_length_non_aborted/min:103.0 - response_length_non_aborted/clip_ratio:0.0078125 - response/aborted_ratio:0.0 - prompt_length/mean:79.859375 - prompt_length/max:150.0 - prompt_length/min:54.0 - prompt_length/clip_ratio:0.0 - num_turns/min:np.int32(2) - num_turns/max:np.int32(2) - num_turns/mean:np.float64(2.0) - timing_s/start_profile:8.979067206382751e-05 - timing_s/agent_loop/num_preempted/min:np.int64(-1) - timing_s/agent_loop/num_preempted/max:np.int64(-1) - timing_s/agent_loop/num_preempted/mean:np.float64(-1.0) - timing_s/agent_loop/generate_sequences/min:np.float64(2.510618455708027) - timing_s/agent_loop/generate_sequences/max:np.float64(18.677927132695913) - timing_s/agent_loop/generate_sequences/mean:np.float64(8.09946552166366) - timing_s/agent_loop/tool_calls/min:np.float64(0.0) - timing_s/agent_loop/tool_calls/max:np.float64(0.0) - timing_s/agent_loop/tool_calls/mean:np.float64(0.0) - timing_s/agent_loop/compute_score/min:np.float64(0.007715627551078796) - timing_s/agent_loop/compute_score/max:np.float64(0.023459192365407944) - timing_s/agent_loop/compute_score/mean:np.float64(0.010743975726654753) - timing_s/agent_loop/slowest/generate_sequences:np.float64(18.677927132695913) - timing_s/agent_loop/slowest/tool_calls:np.float64(0.0) - timing_s/agent_loop/slowest/compute_score:np.float64(0.011484924703836441) - timing_s/agent_loop/slowest/num_preempted:np.int64(-1) - timing_s/agent_loop/slowest/prompt_length:85 - timing_s/agent_loop/slowest/response_length:1024 - timing_s/gen:19.72981860116124 - timing_s/reward:2.4605542421340942e-05 - timing_s/old_log_prob:45.09835734218359 - timing_s/ref:63.92612176388502 - timing_s/adv:0.017587274312973022 - timing_s/update_actor:189.3480852022767 - timing_s/update_weights:4.5266853757202625 - timing_s/step:322.80161425098777 - timing_s/testing:30.444091629236937 - timing_s/stop_profile:0.0001441650092601776 - timing_per_token_ms/gen:0.11078192997687338 - timing_per_token_ms/update_actor:0.8646663007446969 - timing_per_token_ms/ref:0.2919214269713085 - timing_per_token_ms/adv:8.031305626426141e-05 - perf/total_num_tokens:218984 - perf/time_per_step:322.80161425098777 - perf/throughput:169.59642573978385
[36m(TaskRunner pid=2033431)[0m step:51 - global_seqlen/min:56747 - global_seqlen/max:68160 - global_seqlen/minmax_diff:11413 - global_seqlen/balanced_min:62055 - global_seqlen/balanced_max:62059 - global_seqlen/mean:62057.25 - actor/entropy:0.07650859653949738 - perf/mfu/actor_infer:0.034442360693175876 - actor/pg_clipfrac:np.float64(0.00024803857672850427) - actor/ppo_kl:np.float64(-4.376193223620817e-05) - actor/pg_clipfrac_lower:np.float64(0.0) - actor/pg_loss:np.float64(0.01747063361108303) - actor/kl_loss:np.float64(0.1118370712356409) - actor/kl_coef:np.float64(0.0010000000000000005) - actor/loss:np.float64(0.017582470551133156) - actor/grad_norm:np.float64(0.2877119109034538) - actor/perf/max_memory_allocated_gb:np.float64(20.273035049438477) - actor/perf/max_memory_reserved_gb:np.float64(34.158203125) - actor/perf/cpu_memory_used_gb:np.float64(109.1319522857666) - actor/lr:np.float64(1e-06) - perf/mfu/actor:np.float64(0.02453018821257728) - training/global_step:51 - training/epoch:0 - critic/score/mean:0.923828125 - critic/score/max:1.0 - critic/score/min:0.0 - critic/rewards/mean:0.923828125 - critic/rewards/max:1.0 - critic/rewards/min:0.0 - critic/advantages/mean:-0.017505189403891563 - critic/advantages/max:1.6201815605163574 - critic/advantages/min:-2.4748666286468506 - critic/returns/mean:-0.017505189403891563 - critic/returns/max:1.6201815605163574 - critic/returns/min:-2.4748666286468506 - response_length/mean:400.587890625 - response_length/max:1024.0 - response_length/min:127.0 - response_length/clip_ratio:0.0234375 - response_length_non_aborted/mean:400.587890625 - response_length_non_aborted/max:1024.0 - response_length_non_aborted/min:127.0 - response_length_non_aborted/clip_ratio:0.0234375 - response/aborted_ratio:0.0 - prompt_length/mean:84.234375 - prompt_length/max:129.0 - prompt_length/min:52.0 - prompt_length/clip_ratio:0.0 - num_turns/min:np.int32(2) - num_turns/max:np.int32(2) - num_turns/mean:np.float64(2.0) - timing_s/start_profile:6.69620931148529e-05 - timing_s/agent_loop/num_preempted/min:np.int64(-1) - timing_s/agent_loop/num_preempted/max:np.int64(-1) - timing_s/agent_loop/num_preempted/mean:np.float64(-1.0) - timing_s/agent_loop/generate_sequences/min:np.float64(3.07747745513916) - timing_s/agent_loop/generate_sequences/max:np.float64(19.696911487728357) - timing_s/agent_loop/generate_sequences/mean:np.float64(9.422739522269694) - timing_s/agent_loop/tool_calls/min:np.float64(0.0) - timing_s/agent_loop/tool_calls/max:np.float64(0.0) - timing_s/agent_loop/tool_calls/mean:np.float64(0.0) - timing_s/agent_loop/compute_score/min:np.float64(0.006694361567497253) - timing_s/agent_loop/compute_score/max:np.float64(0.02236076071858406) - timing_s/agent_loop/compute_score/mean:np.float64(0.0104554424106027) - timing_s/agent_loop/slowest/generate_sequences:np.float64(19.696911487728357) - timing_s/agent_loop/slowest/tool_calls:np.float64(0.0) - timing_s/agent_loop/slowest/compute_score:np.float64(0.010475888848304749) - timing_s/agent_loop/slowest/num_preempted:np.int64(-1) - timing_s/agent_loop/slowest/prompt_length:106 - timing_s/agent_loop/slowest/response_length:1024 - timing_s/gen:20.790518309921026 - timing_s/reward:2.051517367362976e-05 - timing_s/old_log_prob:45.40715806186199 - timing_s/ref:64.06263088434935 - timing_s/adv:0.016935423016548157 - timing_s/update_actor:189.1019945703447 - timing_s/update_weights:4.546088680624962 - timing_s/step:324.0952094644308 - timing_s/stop_profile:0.00020526722073554993 - timing_per_token_ms/gen:0.10136722058849555 - timing_per_token_ms/update_actor:0.7618046020825314 - timing_per_token_ms/ref:0.2580787534266719 - timing_per_token_ms/adv:6.822499795168234e-05 - perf/total_num_tokens:248229 - perf/time_per_step:324.0952094644308 - perf/throughput:191.4784550581601
[36m(TaskRunner pid=2033431)[0m step:52 - global_seqlen/min:57976 - global_seqlen/max:69925 - global_seqlen/minmax_diff:11949 - global_seqlen/balanced_min:62250 - global_seqlen/balanced_max:62253 - global_seqlen/mean:62251.75 - actor/entropy:0.08233770728111267 - perf/mfu/actor_infer:0.03458523988736932 - actor/pg_clipfrac:np.float64(0.0002470614610956545) - actor/ppo_kl:np.float64(-3.495136402875687e-05) - actor/pg_clipfrac_lower:np.float64(0.0) - actor/pg_loss:np.float64(0.018589716113638133) - actor/kl_loss:np.float64(0.11692111790762283) - actor/kl_coef:np.float64(0.0010000000000000005) - actor/loss:np.float64(0.01870663557201624) - actor/grad_norm:np.float64(0.32895776629447937) - actor/perf/max_memory_allocated_gb:np.float64(20.273035049438477) - actor/perf/max_memory_reserved_gb:np.float64(34.158203125) - actor/perf/cpu_memory_used_gb:np.float64(109.06757354736328) - actor/lr:np.float64(1e-06) - perf/mfu/actor:np.float64(0.024520503932812028) - training/global_step:52 - training/epoch:0 - critic/score/mean:0.953125 - critic/score/max:1.0 - critic/score/min:0.0 - critic/rewards/mean:0.953125 - critic/rewards/max:1.0 - critic/rewards/min:0.0 - critic/advantages/mean:-0.019116483628749847 - critic/advantages/max:0.5400605201721191 - critic/advantages/min:-2.4748666286468506 - critic/returns/mean:-0.019116483628749847 - critic/returns/max:0.5400605201721191 - critic/returns/min:-2.4748666286468506 - response_length/mean:399.701171875 - response_length/max:1024.0 - response_length/min:121.0 - response_length/clip_ratio:0.021484375 - response_length_non_aborted/mean:399.701171875 - response_length_non_aborted/max:1024.0 - response_length_non_aborted/min:121.0 - response_length_non_aborted/clip_ratio:0.021484375 - response/aborted_ratio:0.0 - prompt_length/mean:86.640625 - prompt_length/max:149.0 - prompt_length/min:58.0 - prompt_length/clip_ratio:0.0 - num_turns/min:np.int32(2) - num_turns/max:np.int32(2) - num_turns/mean:np.float64(2.0) - timing_s/start_profile:8.640065789222717e-05 - timing_s/agent_loop/num_preempted/min:np.int64(-1) - timing_s/agent_loop/num_preempted/max:np.int64(-1) - timing_s/agent_loop/num_preempted/mean:np.float64(-1.0) - timing_s/agent_loop/generate_sequences/min:np.float64(3.108093995600939) - timing_s/agent_loop/generate_sequences/max:np.float64(20.19802038371563) - timing_s/agent_loop/generate_sequences/mean:np.float64(9.360240223701112) - timing_s/agent_loop/tool_calls/min:np.float64(0.0) - timing_s/agent_loop/tool_calls/max:np.float64(0.0) - timing_s/agent_loop/tool_calls/mean:np.float64(0.0) - timing_s/agent_loop/compute_score/min:np.float64(0.00625300407409668) - timing_s/agent_loop/compute_score/max:np.float64(0.026631079614162445) - timing_s/agent_loop/compute_score/mean:np.float64(0.010494146299606655) - timing_s/agent_loop/slowest/generate_sequences:np.float64(20.19802038371563) - timing_s/agent_loop/slowest/tool_calls:np.float64(0.0) - timing_s/agent_loop/slowest/compute_score:np.float64(0.009281989187002182) - timing_s/agent_loop/slowest/num_preempted:np.int64(-1) - timing_s/agent_loop/slowest/prompt_length:111 - timing_s/agent_loop/slowest/response_length:1024 - timing_s/gen:21.251090422272682 - timing_s/reward:2.80626118183136e-05 - timing_s/old_log_prob:45.706431064754725 - timing_s/ref:63.990153789520264 - timing_s/adv:0.0176868736743927 - timing_s/update_actor:189.8562139980495 - timing_s/update_weights:4.59768345952034 - timing_s/step:325.5729159116745 - timing_s/stop_profile:0.00017684325575828552 - timing_per_token_ms/gen:0.10384266772673277 - timing_per_token_ms/update_actor:0.7624533205815479 - timing_per_token_ms/ref:0.256981345060662 - timing_per_token_ms/adv:7.102962436555077e-05 - perf/total_num_tokens:249007 - perf/time_per_step:325.5729159116745 - perf/throughput:191.20678335813545
[36m(TaskRunner pid=2033431)[0m step:53 - global_seqlen/min:48989 - global_seqlen/max:57080 - global_seqlen/minmax_diff:8091 - global_seqlen/balanced_min:54566 - global_seqlen/balanced_max:54568 - global_seqlen/mean:54567.25 - actor/entropy:0.08556661009788513 - perf/mfu/actor_infer:0.030498326878586748 - actor/pg_clipfrac:np.float64(0.00010356945995226852) - actor/ppo_kl:np.float64(-3.865336878483561e-05) - actor/pg_clipfrac_lower:np.float64(0.0) - actor/pg_loss:np.float64(0.009875168674625456) - actor/kl_loss:np.float64(0.12038584673427977) - actor/kl_coef:np.float64(0.0010000000000000005) - actor/loss:np.float64(0.009995555505156517) - actor/grad_norm:np.float64(0.2774505764245987) - actor/perf/max_memory_allocated_gb:np.float64(20.273035049438477) - actor/perf/max_memory_reserved_gb:np.float64(34.158203125) - actor/perf/cpu_memory_used_gb:np.float64(108.71306419372559) - actor/lr:np.float64(1e-06) - perf/mfu/actor:np.float64(0.021580923389739545) - training/global_step:53 - training/epoch:0 - critic/score/mean:0.943359375 - critic/score/max:1.0 - critic/score/min:0.0 - critic/rewards/mean:0.943359375 - critic/rewards/max:1.0 - critic/rewards/min:0.0 - critic/advantages/mean:-0.010238315910100937 - critic/advantages/max:0.5400605201721191 - critic/advantages/min:-2.4748666286468506 - critic/returns/mean:-0.010238315910100937 - critic/returns/max:0.5400605201721191 - critic/returns/min:-2.4748666286468506 - response_length/mean:344.744140625 - response_length/max:1024.0 - response_length/min:140.0 - response_length/clip_ratio:0.021484375 - response_length_non_aborted/mean:344.744140625 - response_length_non_aborted/max:1024.0 - response_length_non_aborted/min:140.0 - response_length_non_aborted/clip_ratio:0.021484375 - response/aborted_ratio:0.0 - prompt_length/mean:81.5625 - prompt_length/max:153.0 - prompt_length/min:49.0 - prompt_length/clip_ratio:0.0 - num_turns/min:np.int32(2) - num_turns/max:np.int32(2) - num_turns/mean:np.float64(2.0) - timing_s/start_profile:0.0001589655876159668 - timing_s/agent_loop/num_preempted/min:np.int64(-1) - timing_s/agent_loop/num_preempted/max:np.int64(-1) - timing_s/agent_loop/num_preempted/mean:np.float64(-1.0) - timing_s/agent_loop/generate_sequences/min:np.float64(3.479333817958832) - timing_s/agent_loop/generate_sequences/max:np.float64(18.85856346040964) - timing_s/agent_loop/generate_sequences/mean:np.float64(7.95715674594976) - timing_s/agent_loop/tool_calls/min:np.float64(0.0) - timing_s/agent_loop/tool_calls/max:np.float64(0.0) - timing_s/agent_loop/tool_calls/mean:np.float64(0.0) - timing_s/agent_loop/compute_score/min:np.float64(0.00695674866437912) - timing_s/agent_loop/compute_score/max:np.float64(0.025414157658815384) - timing_s/agent_loop/compute_score/mean:np.float64(0.010623633927025367) - timing_s/agent_loop/slowest/generate_sequences:np.float64(18.85856346040964) - timing_s/agent_loop/slowest/tool_calls:np.float64(0.0) - timing_s/agent_loop/slowest/compute_score:np.float64(0.011210191994905472) - timing_s/agent_loop/slowest/num_preempted:np.int64(-1) - timing_s/agent_loop/slowest/prompt_length:90 - timing_s/agent_loop/slowest/response_length:1024 - timing_s/gen:19.941124122589827 - timing_s/reward:4.21181321144104e-05 - timing_s/old_log_prob:45.286970645189285 - timing_s/ref:63.93448521196842 - timing_s/adv:0.016938071697950363 - timing_s/update_actor:188.76521553471684 - timing_s/update_weights:4.544958367943764 - timing_s/step:322.6470398083329 - timing_s/stop_profile:0.0001838095486164093 - timing_per_token_ms/gen:0.11297511244520012 - timing_per_token_ms/update_actor:0.8648283335458395 - timing_per_token_ms/ref:0.29291601286471475 - timing_per_token_ms/adv:7.760182022160895e-05 - perf/total_num_tokens:218269 - perf/time_per_step:322.6470398083329 - perf/throughput:169.12366539118239
[36m(TaskRunner pid=2033431)[0m step:54 - global_seqlen/min:53645 - global_seqlen/max:57783 - global_seqlen/minmax_diff:4138 - global_seqlen/balanced_min:55392 - global_seqlen/balanced_max:55395 - global_seqlen/mean:55393.5 - actor/entropy:0.07499884068965912 - perf/mfu/actor_infer:0.03086751100123084 - actor/pg_clipfrac:np.float64(0.0001226748440785741) - actor/ppo_kl:np.float64(1.3410059933605112e-05) - actor/pg_clipfrac_lower:np.float64(0.0) - actor/pg_loss:np.float64(0.00048439763486385345) - actor/kl_loss:np.float64(0.12163144198711962) - actor/kl_coef:np.float64(0.0010000000000000005) - actor/loss:np.float64(0.000606026966124773) - actor/grad_norm:np.float64(0.29291804134845734) - actor/perf/max_memory_allocated_gb:np.float64(20.273035049438477) - actor/perf/max_memory_reserved_gb:np.float64(34.158203125) - actor/perf/cpu_memory_used_gb:np.float64(108.71830558776855) - actor/lr:np.float64(1e-06) - perf/mfu/actor:np.float64(0.021854777246150987) - training/global_step:54 - training/epoch:0 - critic/score/mean:0.984375 - critic/score/max:1.0 - critic/score/min:0.0 - critic/rewards/mean:0.984375 - critic/rewards/max:1.0 - critic/rewards/min:0.0 - critic/advantages/mean:-0.0005441157263703644 - critic/advantages/max:1.20761239528656 - critic/advantages/min:-2.4748666286468506 - critic/returns/mean:-0.0005441157263703644 - critic/returns/max:1.20761239528656 - critic/returns/min:-2.4748666286468506 - response_length/mean:349.38671875 - response_length/max:1024.0 - response_length/min:108.0 - response_length/clip_ratio:0.009765625 - response_length_non_aborted/mean:349.38671875 - response_length_non_aborted/max:1024.0 - response_length_non_aborted/min:108.0 - response_length_non_aborted/clip_ratio:0.009765625 - response/aborted_ratio:0.0 - prompt_length/mean:83.375 - prompt_length/max:157.0 - prompt_length/min:54.0 - prompt_length/clip_ratio:0.0 - num_turns/min:np.int32(2) - num_turns/max:np.int32(2) - num_turns/mean:np.float64(2.0) - timing_s/start_profile:8.843094110488892e-05 - timing_s/agent_loop/num_preempted/min:np.int64(-1) - timing_s/agent_loop/num_preempted/max:np.int64(-1) - timing_s/agent_loop/num_preempted/mean:np.float64(-1.0) - timing_s/agent_loop/generate_sequences/min:np.float64(2.62034684792161) - timing_s/agent_loop/generate_sequences/max:np.float64(18.774747136980295) - timing_s/agent_loop/generate_sequences/mean:np.float64(8.204245606422774) - timing_s/agent_loop/tool_calls/min:np.float64(0.0) - timing_s/agent_loop/tool_calls/max:np.float64(0.0) - timing_s/agent_loop/tool_calls/mean:np.float64(0.0) - timing_s/agent_loop/compute_score/min:np.float64(0.006159476935863495) - timing_s/agent_loop/compute_score/max:np.float64(0.028235506266355515) - timing_s/agent_loop/compute_score/mean:np.float64(0.010817324480740353) - timing_s/agent_loop/slowest/generate_sequences:np.float64(18.774747136980295) - timing_s/agent_loop/slowest/tool_calls:np.float64(0.0) - timing_s/agent_loop/slowest/compute_score:np.float64(0.00981665775179863) - timing_s/agent_loop/slowest/num_preempted:np.int64(-1) - timing_s/agent_loop/slowest/prompt_length:66 - timing_s/agent_loop/slowest/response_length:1024 - timing_s/gen:19.831651505082846 - timing_s/reward:2.5875866413116455e-05 - timing_s/old_log_prob:45.33340611308813 - timing_s/ref:64.03199107944965 - timing_s/adv:0.01973840221762657 - timing_s/update_actor:189.11215497553349 - timing_s/update_weights:4.631497487425804 - timing_s/step:323.1068764142692 - timing_s/stop_profile:0.00016990303993225098 - timing_per_token_ms/gen:0.11086195401027943 - timing_per_token_ms/update_actor:0.8534943403807914 - timing_per_token_ms/ref:0.28898693474617804 - timing_per_token_ms/adv:8.908266411053e-05 - perf/total_num_tokens:221574 - perf/time_per_step:323.1068764142692 - perf/throughput:171.44017674503965
[36m(TaskRunner pid=2033431)[0m step:55 - global_seqlen/min:50682 - global_seqlen/max:57713 - global_seqlen/minmax_diff:7031 - global_seqlen/balanced_min:53649 - global_seqlen/balanced_max:53668 - global_seqlen/mean:53653.75 - actor/entropy:0.07200879603624344 - perf/mfu/actor_infer:0.02992104540954443 - actor/pg_clipfrac:np.float64(0.00028194638161949115) - actor/ppo_kl:np.float64(2.09873768535207e-05) - actor/pg_clipfrac_lower:np.float64(0.0) - actor/pg_loss:np.float64(0.022182996734045446) - actor/kl_loss:np.float64(0.12439232414180879) - actor/kl_coef:np.float64(0.0010000000000000005) - actor/loss:np.float64(0.02230739314109087) - actor/grad_norm:np.float64(0.34013447165489197) - actor/perf/max_memory_allocated_gb:np.float64(20.273035049438477) - actor/perf/max_memory_reserved_gb:np.float64(34.158203125) - actor/perf/cpu_memory_used_gb:np.float64(108.79434394836426) - actor/lr:np.float64(1e-06) - perf/mfu/actor:np.float64(0.02115895970890774) - training/global_step:55 - training/epoch:0 - critic/score/mean:0.9765625 - critic/score/max:1.0 - critic/score/min:0.0 - critic/rewards/mean:0.9765625 - critic/rewards/max:1.0 - critic/rewards/min:0.0 - critic/advantages/mean:-0.02228800766170025 - critic/advantages/max:1.6201815605163574 - critic/advantages/min:-2.4748666286468506 - critic/returns/mean:-0.02228800766170025 - critic/returns/max:1.6201815605163574 - critic/returns/min:-2.4748666286468506 - response_length/mean:337.154296875 - response_length/max:1024.0 - response_length/min:148.0 - response_length/clip_ratio:0.0078125 - response_length_non_aborted/mean:337.154296875 - response_length_non_aborted/max:1024.0 - response_length_non_aborted/min:148.0 - response_length_non_aborted/clip_ratio:0.0078125 - response/aborted_ratio:0.0 - prompt_length/mean:82.015625 - prompt_length/max:173.0 - prompt_length/min:51.0 - prompt_length/clip_ratio:0.0 - num_turns/min:np.int32(2) - num_turns/max:np.int32(2) - num_turns/mean:np.float64(2.0) - timing_s/start_profile:9.987875819206238e-05 - timing_s/agent_loop/num_preempted/min:np.int64(-1) - timing_s/agent_loop/num_preempted/max:np.int64(-1) - timing_s/agent_loop/num_preempted/mean:np.float64(-1.0) - timing_s/agent_loop/generate_sequences/min:np.float64(3.600485973060131) - timing_s/agent_loop/generate_sequences/max:np.float64(18.661671742796898) - timing_s/agent_loop/generate_sequences/mean:np.float64(7.887216954077303) - timing_s/agent_loop/tool_calls/min:np.float64(0.0) - timing_s/agent_loop/tool_calls/max:np.float64(0.0) - timing_s/agent_loop/tool_calls/mean:np.float64(0.0) - timing_s/agent_loop/compute_score/min:np.float64(0.006588619202375412) - timing_s/agent_loop/compute_score/max:np.float64(0.026092328131198883) - timing_s/agent_loop/compute_score/mean:np.float64(0.01073911214916734) - timing_s/agent_loop/slowest/generate_sequences:np.float64(18.661671742796898) - timing_s/agent_loop/slowest/tool_calls:np.float64(0.0) - timing_s/agent_loop/slowest/compute_score:np.float64(0.01223960891366005) - timing_s/agent_loop/slowest/num_preempted:np.int64(-1) - timing_s/agent_loop/slowest/prompt_length:90 - timing_s/agent_loop/slowest/response_length:1024 - timing_s/gen:19.717401884496212 - timing_s/reward:2.672150731086731e-05 - timing_s/old_log_prob:44.906643234193325 - timing_s/ref:64.31384137645364 - timing_s/adv:0.017168410122394562 - timing_s/update_actor:188.9842346943915 - timing_s/update_weights:4.567568961530924 - timing_s/step:322.65981064736843 - timing_s/stop_profile:0.00017642974853515625 - timing_per_token_ms/gen:0.1142223335505478 - timing_per_token_ms/update_actor:0.8805732809654101 - timing_per_token_ms/ref:0.2996707656801884 - timing_per_token_ms/adv:7.999631956011724e-05 - perf/total_num_tokens:214615 - perf/time_per_step:322.65981064736843 - perf/throughput:166.28581629782715
[36m(TaskRunner pid=2033431)[0m step:56 - global_seqlen/min:53573 - global_seqlen/max:59895 - global_seqlen/minmax_diff:6322 - global_seqlen/balanced_min:55411 - global_seqlen/balanced_max:55413 - global_seqlen/mean:55411.75 - actor/entropy:0.08511549979448318 - perf/mfu/actor_infer:0.03048688861601861 - actor/pg_clipfrac:np.float64(0.0002970429654851614) - actor/ppo_kl:np.float64(3.6829486282030643e-05) - actor/pg_clipfrac_lower:np.float64(0.0) - actor/pg_loss:np.float64(0.03035965550225228) - actor/kl_loss:np.float64(0.12819752957148012) - actor/kl_coef:np.float64(0.0010000000000000005) - actor/loss:np.float64(0.03048785263672471) - actor/grad_norm:np.float64(0.32808201014995575) - actor/perf/max_memory_allocated_gb:np.float64(20.273035049438477) - actor/perf/max_memory_reserved_gb:np.float64(34.158203125) - actor/perf/cpu_memory_used_gb:np.float64(108.80547332763672) - actor/lr:np.float64(1e-06) - perf/mfu/actor:np.float64(0.02188021697687227) - training/global_step:56 - training/epoch:0 - critic/score/mean:0.96875 - critic/score/max:1.0 - critic/score/min:0.0 - critic/rewards/mean:0.96875 - critic/rewards/max:1.0 - critic/rewards/min:0.0 - critic/advantages/mean:-0.030598724260926247 - critic/advantages/max:1.6201815605163574 - critic/advantages/min:-2.4748666286468506 - critic/returns/mean:-0.030598724260926247 - critic/returns/max:1.6201815605163574 - critic/returns/min:-2.4748666286468506 - response_length/mean:349.013671875 - response_length/max:1024.0 - response_length/min:93.0 - response_length/clip_ratio:0.01953125 - response_length_non_aborted/mean:349.013671875 - response_length_non_aborted/max:1024.0 - response_length_non_aborted/min:93.0 - response_length_non_aborted/clip_ratio:0.01953125 - response/aborted_ratio:0.0 - prompt_length/mean:83.890625 - prompt_length/max:170.0 - prompt_length/min:48.0 - prompt_length/clip_ratio:0.0 - num_turns/min:np.int32(2) - num_turns/max:np.int32(2) - num_turns/mean:np.float64(2.0) - timing_s/start_profile:8.323043584823608e-05 - timing_s/agent_loop/num_preempted/min:np.int64(-1) - timing_s/agent_loop/num_preempted/max:np.int64(-1) - timing_s/agent_loop/num_preempted/mean:np.float64(-1.0) - timing_s/agent_loop/generate_sequences/min:np.float64(2.404166519641876) - timing_s/agent_loop/generate_sequences/max:np.float64(18.93604765087366) - timing_s/agent_loop/generate_sequences/mean:np.float64(8.22466538491426) - timing_s/agent_loop/tool_calls/min:np.float64(0.0) - timing_s/agent_loop/tool_calls/max:np.float64(0.0) - timing_s/agent_loop/tool_calls/mean:np.float64(0.0) - timing_s/agent_loop/compute_score/min:np.float64(0.0055832639336586) - timing_s/agent_loop/compute_score/max:np.float64(0.032590679824352264) - timing_s/agent_loop/compute_score/mean:np.float64(0.01006897692423081) - timing_s/agent_loop/slowest/generate_sequences:np.float64(18.93604765087366) - timing_s/agent_loop/slowest/tool_calls:np.float64(0.0) - timing_s/agent_loop/slowest/compute_score:np.float64(0.008623979985713959) - timing_s/agent_loop/slowest/num_preempted:np.int64(-1) - timing_s/agent_loop/slowest/prompt_length:112 - timing_s/agent_loop/slowest/response_length:1024 - timing_s/gen:19.99230434373021 - timing_s/reward:3.232806921005249e-05 - timing_s/old_log_prob:45.61721993610263 - timing_s/ref:64.35651241615415 - timing_s/adv:0.018442213535308838 - timing_s/update_actor:188.961124766618 - timing_s/update_weights:4.600211068987846 - timing_s/step:323.70039032399654 - timing_s/stop_profile:0.00016920268535614014 - timing_per_token_ms/gen:0.11187948372215345 - timing_per_token_ms/update_actor:0.8525318401179263 - timing_per_token_ms/ref:0.29035589209939294 - timing_per_token_ms/adv:8.32053379261115e-05 - perf/total_num_tokens:221647 - perf/time_per_step:323.70039032399654 - perf/throughput:171.18221558070275
[36m(TaskRunner pid=2033431)[0m step:57 - global_seqlen/min:51582 - global_seqlen/max:67460 - global_seqlen/minmax_diff:15878 - global_seqlen/balanced_min:57537 - global_seqlen/balanced_max:57539 - global_seqlen/mean:57537.75 - actor/entropy:0.08975645154714584 - perf/mfu/actor_infer:0.03201164412125878 - actor/pg_clipfrac:np.float64(0.00026879594815909513) - actor/ppo_kl:np.float64(4.862359304846908e-05) - actor/pg_clipfrac_lower:np.float64(0.0) - actor/pg_loss:np.float64(0.01638284299406223) - actor/kl_loss:np.float64(0.12444318880443461) - actor/kl_coef:np.float64(0.0010000000000000005) - actor/loss:np.float64(0.01650728704407811) - actor/grad_norm:np.float64(0.3519539535045624) - actor/perf/max_memory_allocated_gb:np.float64(20.273035049438477) - actor/perf/max_memory_reserved_gb:np.float64(34.158203125) - actor/perf/cpu_memory_used_gb:np.float64(108.91949844360352) - actor/lr:np.float64(1e-06) - perf/mfu/actor:np.float64(0.02276594768844517) - training/global_step:57 - training/epoch:0 - critic/score/mean:0.9453125 - critic/score/max:1.0 - critic/score/min:0.0 - critic/rewards/mean:0.9453125 - critic/rewards/max:1.0 - critic/rewards/min:0.0 - critic/advantages/mean:-0.01650690659880638 - critic/advantages/max:1.20761239528656 - critic/advantages/min:-2.4748666286468506 - critic/returns/mean:-0.01650690659880638 - critic/returns/max:1.20761239528656 - critic/returns/min:-2.4748666286468506 - response_length/mean:367.232421875 - response_length/max:1024.0 - response_length/min:102.0 - response_length/clip_ratio:0.03515625 - response_length_non_aborted/mean:367.232421875 - response_length_non_aborted/max:1024.0 - response_length_non_aborted/min:102.0 - response_length_non_aborted/clip_ratio:0.03515625 - response/aborted_ratio:0.0 - prompt_length/mean:82.28125 - prompt_length/max:159.0 - prompt_length/min:47.0 - prompt_length/clip_ratio:0.0 - num_turns/min:np.int32(2) - num_turns/max:np.int32(2) - num_turns/mean:np.float64(2.0) - timing_s/start_profile:9.005144238471985e-05 - timing_s/agent_loop/num_preempted/min:np.int64(-1) - timing_s/agent_loop/num_preempted/max:np.int64(-1) - timing_s/agent_loop/num_preempted/mean:np.float64(-1.0) - timing_s/agent_loop/generate_sequences/min:np.float64(2.518158510327339) - timing_s/agent_loop/generate_sequences/max:np.float64(19.279805801808834) - timing_s/agent_loop/generate_sequences/mean:np.float64(8.420154654326325) - timing_s/agent_loop/tool_calls/min:np.float64(0.0) - timing_s/agent_loop/tool_calls/max:np.float64(0.0) - timing_s/agent_loop/tool_calls/mean:np.float64(0.0) - timing_s/agent_loop/compute_score/min:np.float64(0.006845775991678238) - timing_s/agent_loop/compute_score/max:np.float64(0.02396734431385994) - timing_s/agent_loop/compute_score/mean:np.float64(0.010636099796101917) - timing_s/agent_loop/slowest/generate_sequences:np.float64(19.278521303087473) - timing_s/agent_loop/slowest/tool_calls:np.float64(0.0) - timing_s/agent_loop/slowest/compute_score:np.float64(0.010149940848350525) - timing_s/agent_loop/slowest/num_preempted:np.int64(-1) - timing_s/agent_loop/slowest/prompt_length:79 - timing_s/agent_loop/slowest/response_length:1024 - timing_s/gen:20.47337108850479 - timing_s/reward:2.7649104595184326e-05 - timing_s/old_log_prob:45.20997432991862 - timing_s/ref:64.31430262327194 - timing_s/adv:0.017339911311864853 - timing_s/update_actor:188.7878626137972 - timing_s/update_weights:5.292779553681612 - timing_s/step:324.24634585157037 - timing_s/stop_profile:0.000130385160446167 - timing_per_token_ms/gen:0.10888758869130262 - timing_per_token_ms/update_actor:0.820278263460933 - timing_per_token_ms/ref:0.27944394168729203 - timing_per_token_ms/adv:7.534145544388185e-05 - perf/total_num_tokens:230151 - perf/time_per_step:324.24634585157037 - perf/throughput:177.4507276215811
[36m(TaskRunner pid=2033431)[0m step:58 - global_seqlen/min:51333 - global_seqlen/max:61473 - global_seqlen/minmax_diff:10140 - global_seqlen/balanced_min:56915 - global_seqlen/balanced_max:56920 - global_seqlen/mean:56917.75 - actor/entropy:0.08248911798000336 - perf/mfu/actor_infer:0.031723834124383364 - actor/pg_clipfrac:np.float64(0.0) - actor/ppo_kl:np.float64(-7.632753656228175e-06) - actor/pg_clipfrac_lower:np.float64(0.0) - actor/pg_loss:np.float64(0.0) - actor/kl_loss:np.float64(0.12492747078067623) - actor/kl_coef:np.float64(0.0010000000000000005) - actor/loss:np.float64(0.00012492747919168323) - actor/grad_norm:np.float64(0.006256325636059046) - actor/perf/max_memory_allocated_gb:np.float64(20.273035049438477) - actor/perf/max_memory_reserved_gb:np.float64(34.158203125) - actor/perf/cpu_memory_used_gb:np.float64(109.95970916748047) - actor/lr:np.float64(1e-06) - perf/mfu/actor:np.float64(0.022471999555676858) - training/global_step:58 - training/epoch:0 - critic/score/mean:0.921875 - critic/score/max:1.0 - critic/score/min:0.0 - critic/rewards/mean:0.921875 - critic/rewards/max:1.0 - critic/rewards/min:0.0 - critic/advantages/mean:0.0 - critic/advantages/max:0.0 - critic/advantages/min:0.0 - critic/returns/mean:0.0 - critic/returns/max:0.0 - critic/returns/min:0.0 - response_length/mean:360.451171875 - response_length/max:1024.0 - response_length/min:79.0 - response_length/clip_ratio:0.013671875 - response_length_non_aborted/mean:360.451171875 - response_length_non_aborted/max:1024.0 - response_length_non_aborted/min:79.0 - response_length_non_aborted/clip_ratio:0.013671875 - response/aborted_ratio:0.0 - prompt_length/mean:84.21875 - prompt_length/max:168.0 - prompt_length/min:52.0 - prompt_length/clip_ratio:0.0 - num_turns/min:np.int32(2) - num_turns/max:np.int32(2) - num_turns/mean:np.float64(2.0) - timing_s/start_profile:0.00015318021178245544 - timing_s/agent_loop/num_preempted/min:np.int64(-1) - timing_s/agent_loop/num_preempted/max:np.int64(-1) - timing_s/agent_loop/num_preempted/mean:np.float64(-1.0) - timing_s/agent_loop/generate_sequences/min:np.float64(2.045259613543749) - timing_s/agent_loop/generate_sequences/max:np.float64(18.976642064750195) - timing_s/agent_loop/generate_sequences/mean:np.float64(8.485361447266769) - timing_s/agent_loop/tool_calls/min:np.float64(0.0) - timing_s/agent_loop/tool_calls/max:np.float64(0.0) - timing_s/agent_loop/tool_calls/mean:np.float64(0.0) - timing_s/agent_loop/compute_score/min:np.float64(0.007596369832754135) - timing_s/agent_loop/compute_score/max:np.float64(0.02175699919462204) - timing_s/agent_loop/compute_score/mean:np.float64(0.011005761043634266) - timing_s/agent_loop/slowest/generate_sequences:np.float64(18.976642064750195) - timing_s/agent_loop/slowest/tool_calls:np.float64(0.0) - timing_s/agent_loop/slowest/compute_score:np.float64(0.01062578335404396) - timing_s/agent_loop/slowest/num_preempted:np.int64(-1) - timing_s/agent_loop/slowest/prompt_length:79 - timing_s/agent_loop/slowest/response_length:1024 - timing_s/gen:20.029043219983578 - timing_s/reward:2.000480890274048e-05 - timing_s/old_log_prob:45.022179927676916 - timing_s/ref:63.966163370758295 - timing_s/adv:0.01672353595495224 - timing_s/update_actor:189.353835452348 - timing_s/update_weights:4.654376398772001 - timing_s/step:323.1959614045918 - timing_s/stop_profile:0.0001531541347503662 - timing_per_token_ms/gen:0.10852850008931719 - timing_per_token_ms/update_actor:0.8316994059513421 - timing_per_token_ms/ref:0.28095876668859143 - timing_per_token_ms/adv:7.345483594727584e-05 - perf/total_num_tokens:227671 - perf/time_per_step:323.1959614045918 - perf/throughput:176.10910035087878
[36m(TaskRunner pid=2033431)[0m step:59 - global_seqlen/min:46622 - global_seqlen/max:68613 - global_seqlen/minmax_diff:21991 - global_seqlen/balanced_min:57286 - global_seqlen/balanced_max:57288 - global_seqlen/mean:57287.25 - actor/entropy:0.08991147577762604 - perf/mfu/actor_infer:0.03198498687435245 - actor/pg_clipfrac:np.float64(0.00031957521832737257) - actor/ppo_kl:np.float64(0.00010280102110904465) - actor/pg_clipfrac_lower:np.float64(1.9073486328125e-06) - actor/pg_loss:np.float64(0.027137112367199734) - actor/kl_loss:np.float64(0.12547424421063624) - actor/kl_coef:np.float64(0.0010000000000000005) - actor/loss:np.float64(0.027262584073469043) - actor/grad_norm:np.float64(0.3757714331150055) - actor/perf/max_memory_allocated_gb:np.float64(20.273035049438477) - actor/perf/max_memory_reserved_gb:np.float64(34.158203125) - actor/perf/cpu_memory_used_gb:np.float64(108.5959300994873) - actor/lr:np.float64(1e-06) - perf/mfu/actor:np.float64(0.022626225925161773) - training/global_step:59 - training/epoch:0 - critic/score/mean:0.953125 - critic/score/max:1.0 - critic/score/min:0.0 - critic/rewards/mean:0.953125 - critic/rewards/max:1.0 - critic/rewards/min:0.0 - critic/advantages/mean:-0.02728337049484253 - critic/advantages/max:0.935412585735321 - critic/advantages/min:-2.4748666286468506 - critic/returns/mean:-0.02728337049484253 - critic/returns/max:0.935412585735321 - critic/returns/min:-2.4748666286468506 - response_length/mean:362.978515625 - response_length/max:1024.0 - response_length/min:121.0 - response_length/clip_ratio:0.01953125 - response_length_non_aborted/mean:362.978515625 - response_length_non_aborted/max:1024.0 - response_length_non_aborted/min:121.0 - response_length_non_aborted/clip_ratio:0.01953125 - response/aborted_ratio:0.0 - prompt_length/mean:84.578125 - prompt_length/max:141.0 - prompt_length/min:52.0 - prompt_length/clip_ratio:0.0 - num_turns/min:np.int32(2) - num_turns/max:np.int32(2) - num_turns/mean:np.float64(2.0) - timing_s/start_profile:0.00010235607624053955 - timing_s/agent_loop/num_preempted/min:np.int64(-1) - timing_s/agent_loop/num_preempted/max:np.int64(-1) - timing_s/agent_loop/num_preempted/mean:np.float64(-1.0) - timing_s/agent_loop/generate_sequences/min:np.float64(3.003515936434269) - timing_s/agent_loop/generate_sequences/max:np.float64(19.183161333203316) - timing_s/agent_loop/generate_sequences/mean:np.float64(8.486885557889764) - timing_s/agent_loop/tool_calls/min:np.float64(0.0) - timing_s/agent_loop/tool_calls/max:np.float64(0.0) - timing_s/agent_loop/tool_calls/mean:np.float64(0.0) - timing_s/agent_loop/compute_score/min:np.float64(0.0048952363431453705) - timing_s/agent_loop/compute_score/max:np.float64(0.027116138488054276) - timing_s/agent_loop/compute_score/mean:np.float64(0.011116264256997965) - timing_s/agent_loop/slowest/generate_sequences:np.float64(19.183161333203316) - timing_s/agent_loop/slowest/tool_calls:np.float64(0.0) - timing_s/agent_loop/slowest/compute_score:np.float64(0.01122315600514412) - timing_s/agent_loop/slowest/num_preempted:np.int64(-1) - timing_s/agent_loop/slowest/prompt_length:78 - timing_s/agent_loop/slowest/response_length:1024 - timing_s/gen:20.2808701954782 - timing_s/reward:2.1241605281829834e-05 - timing_s/old_log_prob:44.92101111635566 - timing_s/ref:63.98191497474909 - timing_s/adv:0.01935555785894394 - timing_s/update_actor:189.44706094264984 - timing_s/update_weights:4.532278597354889 - timing_s/step:323.327200345695 - timing_s/stop_profile:0.00014037638902664185 - timing_per_token_ms/gen:0.10912787643185558 - timing_per_token_ms/update_actor:0.8267418183917444 - timing_per_token_ms/ref:0.2792153357629712 - timing_per_token_ms/adv:8.446712775942265e-05 - perf/total_num_tokens:229149 - perf/time_per_step:323.327200345695 - perf/throughput:177.1804226144587
[36m(TaskRunner pid=2033431)[0m local_global_step_folder: checkpoints/grpo_rlvr_math/qwen3_4b_gsm8k/global_step_60
[36m(TaskRunner pid=2033431)[0m test_gen_batch meta info: {'eos_token_id': 151645, 'pad_token_id': 151643, 'recompute_log_prob': False, 'do_sample': False, 'validate': True, 'global_steps': 60}
[36m(TaskRunner pid=2033431)[0m validation generation end
[36m(TaskRunner pid=2033431)[0m step:60 - global_seqlen/min:47921 - global_seqlen/max:55217 - global_seqlen/minmax_diff:7296 - global_seqlen/balanced_min:52400 - global_seqlen/balanced_max:52401 - global_seqlen/mean:52400.5 - actor/entropy:0.07977303862571716 - perf/mfu/actor_infer:0.029025175102147475 - actor/pg_clipfrac:np.float64(7.376464009212214e-05) - actor/ppo_kl:np.float64(-8.862254082586674e-06) - actor/pg_clipfrac_lower:np.float64(0.0) - actor/pg_loss:np.float64(0.0015080453304108232) - actor/kl_loss:np.float64(0.13287656150350813) - actor/kl_coef:np.float64(0.0010000000000000005) - actor/loss:np.float64(0.0016409202944487333) - actor/grad_norm:np.float64(0.15412475913763046) - actor/perf/max_memory_allocated_gb:np.float64(20.273035049438477) - actor/perf/max_memory_reserved_gb:np.float64(34.158203125) - actor/perf/cpu_memory_used_gb:np.float64(108.6044750213623) - actor/lr:np.float64(1e-06) - perf/mfu/actor:np.float64(0.020675139412314185) - val-aux/openai/gsm8k/reward/mean@1:np.float64(0.9401061410159212) - val-core/openai/gsm8k/acc/mean@1:np.float64(0.9401061410159212) - val-aux/num_turns/min:np.int32(2) - val-aux/num_turns/max:np.int32(2) - val-aux/num_turns/mean:np.float64(2.0) - training/global_step:60 - training/epoch:0 - critic/score/mean:0.900390625 - critic/score/max:1.0 - critic/score/min:0.0 - critic/rewards/mean:0.900390625 - critic/rewards/max:1.0 - critic/rewards/min:0.0 - critic/advantages/mean:-0.0015394953079521656 - critic/advantages/max:0.5400605201721191 - critic/advantages/min:-2.4748666286468506 - critic/returns/mean:-0.0015394953079521656 - critic/returns/max:0.5400605201721191 - critic/returns/min:-2.4748666286468506 - response_length/mean:328.53515625 - response_length/max:1024.0 - response_length/min:130.0 - response_length/clip_ratio:0.015625 - response_length_non_aborted/mean:328.53515625 - response_length_non_aborted/max:1024.0 - response_length_non_aborted/min:130.0 - response_length_non_aborted/clip_ratio:0.015625 - response/aborted_ratio:0.0 - prompt_length/mean:80.84375 - prompt_length/max:128.0 - prompt_length/min:54.0 - prompt_length/clip_ratio:0.0 - num_turns/min:np.int32(2) - num_turns/max:np.int32(2) - num_turns/mean:np.float64(2.0) - timing_s/start_profile:9.628757834434509e-05 - timing_s/agent_loop/num_preempted/min:np.int64(-1) - timing_s/agent_loop/num_preempted/max:np.int64(-1) - timing_s/agent_loop/num_preempted/mean:np.float64(-1.0) - timing_s/agent_loop/generate_sequences/min:np.float64(3.2173003554344177) - timing_s/agent_loop/generate_sequences/max:np.float64(18.43768548220396) - timing_s/agent_loop/generate_sequences/mean:np.float64(7.705750889355841) - timing_s/agent_loop/tool_calls/min:np.float64(0.0) - timing_s/agent_loop/tool_calls/max:np.float64(0.0) - timing_s/agent_loop/tool_calls/mean:np.float64(0.0) - timing_s/agent_loop/compute_score/min:np.float64(0.005981996655464172) - timing_s/agent_loop/compute_score/max:np.float64(0.03462132811546326) - timing_s/agent_loop/compute_score/mean:np.float64(0.010692740339436568) - timing_s/agent_loop/slowest/generate_sequences:np.float64(18.43768548220396) - timing_s/agent_loop/slowest/tool_calls:np.float64(0.0) - timing_s/agent_loop/slowest/compute_score:np.float64(0.00936533510684967) - timing_s/agent_loop/slowest/num_preempted:np.int64(-1) - timing_s/agent_loop/slowest/prompt_length:87 - timing_s/agent_loop/slowest/response_length:1024 - timing_s/gen:19.482486862689257 - timing_s/reward:2.2683292627334595e-05 - timing_s/old_log_prob:45.221840996295214 - timing_s/ref:63.996297404170036 - timing_s/adv:0.017215784639120102 - timing_s/update_actor:188.8729297146201 - timing_s/save_checkpoint:267.8308553248644 - timing_s/update_weights:4.748653180897236 - timing_s/step:590.3340162113309 - timing_s/testing:30.200776509940624 - timing_s/stop_profile:0.00013060495257377625 - timing_per_token_ms/gen:0.11582240569935948 - timing_per_token_ms/update_actor:0.9011027075820847 - timing_per_token_ms/ref:0.30532293300717567 - timing_per_token_ms/adv:8.213559335846081e-05 - perf/total_num_tokens:209602 - perf/time_per_step:590.3340162113309 - perf/throughput:88.764154802222
[36m(TaskRunner pid=2033431)[0m step:61 - global_seqlen/min:45978 - global_seqlen/max:65648 - global_seqlen/minmax_diff:19670 - global_seqlen/balanced_min:56622 - global_seqlen/balanced_max:56625 - global_seqlen/mean:56623.0 - actor/entropy:0.10040398687124252 - perf/mfu/actor_infer:0.03155142273433825 - actor/pg_clipfrac:np.float64(0.00037791361319250427) - actor/ppo_kl:np.float64(-0.00014814314443967191) - actor/pg_clipfrac_lower:np.float64(0.0) - actor/pg_loss:np.float64(0.02502621797611937) - actor/kl_loss:np.float64(0.12085027710418217) - actor/kl_coef:np.float64(0.0010000000000000005) - actor/loss:np.float64(0.025147066451609135) - actor/grad_norm:np.float64(0.4625723659992218) - actor/perf/max_memory_allocated_gb:np.float64(20.273035049438477) - actor/perf/max_memory_reserved_gb:np.float64(34.158203125) - actor/perf/cpu_memory_used_gb:np.float64(110.48804473876953) - actor/lr:np.float64(1e-06) - perf/mfu/actor:np.float64(0.022380097163018788) - training/global_step:61 - training/epoch:0 - critic/score/mean:0.947265625 - critic/score/max:1.0 - critic/score/min:0.0 - critic/rewards/mean:0.947265625 - critic/rewards/max:1.0 - critic/rewards/min:0.0 - critic/advantages/mean:-0.02548212930560112 - critic/advantages/max:1.20761239528656 - critic/advantages/min:-2.4748666286468506 - critic/returns/mean:-0.02548212930560112 - critic/returns/max:1.20761239528656 - critic/returns/min:-2.4748666286468506 - response_length/mean:359.7109375 - response_length/max:1024.0 - response_length/min:129.0 - response_length/clip_ratio:0.03515625 - response_length_non_aborted/mean:359.7109375 - response_length_non_aborted/max:1024.0 - response_length_non_aborted/min:129.0 - response_length_non_aborted/clip_ratio:0.03515625 - response/aborted_ratio:0.0 - prompt_length/mean:82.65625 - prompt_length/max:159.0 - prompt_length/min:49.0 - prompt_length/clip_ratio:0.0 - num_turns/min:np.int32(2) - num_turns/max:np.int32(2) - num_turns/mean:np.float64(2.0) - timing_s/start_profile:6.664544343948364e-05 - timing_s/agent_loop/num_preempted/min:np.int64(-1) - timing_s/agent_loop/num_preempted/max:np.int64(-1) - timing_s/agent_loop/num_preempted/mean:np.float64(-1.0) - timing_s/agent_loop/generate_sequences/min:np.float64(3.1755369007587433) - timing_s/agent_loop/generate_sequences/max:np.float64(19.522834733128548) - timing_s/agent_loop/generate_sequences/mean:np.float64(8.231560382257157) - timing_s/agent_loop/tool_calls/min:np.float64(0.0) - timing_s/agent_loop/tool_calls/max:np.float64(0.0) - timing_s/agent_loop/tool_calls/mean:np.float64(0.0) - timing_s/agent_loop/compute_score/min:np.float64(0.0073120370507240295) - timing_s/agent_loop/compute_score/max:np.float64(0.023296616971492767) - timing_s/agent_loop/compute_score/mean:np.float64(0.010768756095785648) - timing_s/agent_loop/slowest/generate_sequences:np.float64(19.522834733128548) - timing_s/agent_loop/slowest/tool_calls:np.float64(0.0) - timing_s/agent_loop/slowest/compute_score:np.float64(0.013288825750350952) - timing_s/agent_loop/slowest/num_preempted:np.int64(-1) - timing_s/agent_loop/slowest/prompt_length:95 - timing_s/agent_loop/slowest/response_length:1024 - timing_s/gen:20.64575446769595 - timing_s/reward:2.4516135454177856e-05 - timing_s/old_log_prob:45.183600541204214 - timing_s/ref:64.40903494879603 - timing_s/adv:0.018992815166711807 - timing_s/update_actor:189.18863774463534 - timing_s/update_weights:4.542202930897474 - timing_s/step:324.145413544029 - timing_s/stop_profile:0.0001731663942337036 - timing_per_token_ms/gen:0.11210039782212254 - timing_per_token_ms/update_actor:0.8352994266668816 - timing_per_token_ms/ref:0.2843766444236266 - timing_per_token_ms/adv:8.385645041198721e-05 - perf/total_num_tokens:226492 - perf/time_per_step:324.145413544029 - perf/throughput:174.68394626015228
[36m(TaskRunner pid=2033431)[0m step:62 - global_seqlen/min:48682 - global_seqlen/max:58049 - global_seqlen/minmax_diff:9367 - global_seqlen/balanced_min:54425 - global_seqlen/balanced_max:54425 - global_seqlen/mean:54425.0 - actor/entropy:0.08372189849615097 - perf/mfu/actor_infer:0.03038079880305074 - actor/pg_clipfrac:np.float64(0.00011842680260087945) - actor/ppo_kl:np.float64(-4.171481009507261e-06) - actor/pg_clipfrac_lower:np.float64(0.0) - actor/pg_loss:np.float64(0.015275067940820009) - actor/kl_loss:np.float64(0.1332869173202198) - actor/kl_coef:np.float64(0.0010000000000000005) - actor/loss:np.float64(0.015408354345709085) - actor/grad_norm:np.float64(0.1959303319454193) - actor/perf/max_memory_allocated_gb:np.float64(20.273035049438477) - actor/perf/max_memory_reserved_gb:np.float64(34.158203125) - actor/perf/cpu_memory_used_gb:np.float64(109.13826751708984) - actor/lr:np.float64(1e-06) - perf/mfu/actor:np.float64(0.021509680149528275) - training/global_step:62 - training/epoch:0 - critic/score/mean:0.978515625 - critic/score/max:1.0 - critic/score/min:0.0 - critic/rewards/mean:0.978515625 - critic/rewards/max:1.0 - critic/rewards/min:0.0 - critic/advantages/mean:-0.01551038958132267 - critic/advantages/max:0.5400605201721191 - critic/advantages/min:-2.4748666286468506 - critic/returns/mean:-0.01551038958132267 - critic/returns/max:0.5400605201721191 - critic/returns/min:-2.4748666286468506 - response_length/mean:345.0234375 - response_length/max:1024.0 - response_length/min:136.0 - response_length/clip_ratio:0.005859375 - response_length_non_aborted/mean:345.0234375 - response_length_non_aborted/max:1024.0 - response_length_non_aborted/min:136.0 - response_length_non_aborted/clip_ratio:0.005859375 - response/aborted_ratio:0.0 - prompt_length/mean:80.171875 - prompt_length/max:174.0 - prompt_length/min:44.0 - prompt_length/clip_ratio:0.0 - num_turns/min:np.int32(2) - num_turns/max:np.int32(2) - num_turns/mean:np.float64(2.0) - timing_s/start_profile:0.00010456889867782593 - timing_s/agent_loop/num_preempted/min:np.int64(-1) - timing_s/agent_loop/num_preempted/max:np.int64(-1) - timing_s/agent_loop/num_preempted/mean:np.float64(-1.0) - timing_s/agent_loop/generate_sequences/min:np.float64(3.3152616173028946) - timing_s/agent_loop/generate_sequences/max:np.float64(18.611155450344086) - timing_s/agent_loop/generate_sequences/mean:np.float64(8.068095858026936) - timing_s/agent_loop/tool_calls/min:np.float64(0.0) - timing_s/agent_loop/tool_calls/max:np.float64(0.0) - timing_s/agent_loop/tool_calls/mean:np.float64(0.0) - timing_s/agent_loop/compute_score/min:np.float64(0.005519762635231018) - timing_s/agent_loop/compute_score/max:np.float64(0.026738271117210388) - timing_s/agent_loop/compute_score/mean:np.float64(0.010562740244495217) - timing_s/agent_loop/slowest/generate_sequences:np.float64(18.611155450344086) - timing_s/agent_loop/slowest/tool_calls:np.float64(0.0) - timing_s/agent_loop/slowest/compute_score:np.float64(0.009613331407308578) - timing_s/agent_loop/slowest/num_preempted:np.int64(-1) - timing_s/agent_loop/slowest/prompt_length:69 - timing_s/agent_loop/slowest/response_length:1024 - timing_s/gen:19.64901054650545 - timing_s/reward:2.5656074285507202e-05 - timing_s/old_log_prob:44.926756359636784 - timing_s/ref:64.22973162680864 - timing_s/adv:0.016800429672002792 - timing_s/update_actor:188.60066255182028 - timing_s/update_weights:4.574735678732395 - timing_s/step:322.14837562292814 - timing_s/stop_profile:0.00014083832502365112 - timing_per_token_ms/gen:0.11123004860689634 - timing_per_token_ms/update_actor:0.8663328550841538 - timing_per_token_ms/ref:0.29503781179057714 - timing_per_token_ms/adv:7.717239169500594e-05 - perf/total_num_tokens:217700 - perf/time_per_step:322.14837562292814 - perf/throughput:168.94389082285483
[36m(TaskRunner pid=2033431)[0m step:63 - global_seqlen/min:46716 - global_seqlen/max:57848 - global_seqlen/minmax_diff:11132 - global_seqlen/balanced_min:52193 - global_seqlen/balanced_max:52198 - global_seqlen/mean:52195.75 - actor/entropy:0.0719880536198616 - perf/mfu/actor_infer:0.02911726488139924 - actor/pg_clipfrac:np.float64(0.00014989590954428422) - actor/ppo_kl:np.float64(0.00011419541900892227) - actor/pg_clipfrac_lower:np.float64(0.0) - actor/pg_loss:np.float64(0.002803347131703049) - actor/kl_loss:np.float64(0.13453829317586496) - actor/kl_coef:np.float64(0.0010000000000000005) - actor/loss:np.float64(0.0029378850013017654) - actor/grad_norm:np.float64(0.24751673638820648) - actor/perf/max_memory_allocated_gb:np.float64(20.273035049438477) - actor/perf/max_memory_reserved_gb:np.float64(34.158203125) - actor/perf/cpu_memory_used_gb:np.float64(108.74776458740234) - actor/lr:np.float64(1e-06) - perf/mfu/actor:np.float64(0.020557275218861505) - training/global_step:63 - training/epoch:0 - critic/score/mean:0.947265625 - critic/score/max:1.0 - critic/score/min:0.0 - critic/rewards/mean:0.947265625 - critic/rewards/max:1.0 - critic/rewards/min:0.0 - critic/advantages/mean:-0.003035380970686674 - critic/advantages/max:2.4748666286468506 - critic/advantages/min:-2.4748666286468506 - critic/returns/mean:-0.003035380970686674 - critic/returns/max:2.4748666286468506 - critic/returns/min:-2.4748666286468506 - response_length/mean:326.060546875 - response_length/max:1024.0 - response_length/min:113.0 - response_length/clip_ratio:0.001953125 - response_length_non_aborted/mean:326.060546875 - response_length_non_aborted/max:1024.0 - response_length_non_aborted/min:113.0 - response_length_non_aborted/clip_ratio:0.001953125 - response/aborted_ratio:0.0 - prompt_length/mean:81.71875 - prompt_length/max:155.0 - prompt_length/min:52.0 - prompt_length/clip_ratio:0.0 - num_turns/min:np.int32(2) - num_turns/max:np.int32(2) - num_turns/mean:np.float64(2.0) - timing_s/start_profile:7.745251059532166e-05 - timing_s/agent_loop/num_preempted/min:np.int64(-1) - timing_s/agent_loop/num_preempted/max:np.int64(-1) - timing_s/agent_loop/num_preempted/mean:np.float64(-1.0) - timing_s/agent_loop/generate_sequences/min:np.float64(2.776148710399866) - timing_s/agent_loop/generate_sequences/max:np.float64(18.06589776277542) - timing_s/agent_loop/generate_sequences/mean:np.float64(7.716261994057277) - timing_s/agent_loop/tool_calls/min:np.float64(0.0) - timing_s/agent_loop/tool_calls/max:np.float64(0.0) - timing_s/agent_loop/tool_calls/mean:np.float64(0.0) - timing_s/agent_loop/compute_score/min:np.float64(0.0072363391518592834) - timing_s/agent_loop/compute_score/max:np.float64(0.02539743110537529) - timing_s/agent_loop/compute_score/mean:np.float64(0.010860222020710353) - timing_s/agent_loop/slowest/generate_sequences:np.float64(18.06589776277542) - timing_s/agent_loop/slowest/tool_calls:np.float64(0.0) - timing_s/agent_loop/slowest/compute_score:np.float64(0.011668838560581207) - timing_s/agent_loop/slowest/num_preempted:np.int64(-1) - timing_s/agent_loop/slowest/prompt_length:79 - timing_s/agent_loop/slowest/response_length:1024 - timing_s/gen:19.104784801602364 - timing_s/reward:2.3268163204193115e-05 - timing_s/old_log_prob:44.91703652590513 - timing_s/ref:64.18923900648952 - timing_s/adv:0.01718573272228241 - timing_s/update_actor:189.12003084644675 - timing_s/update_weights:4.563324175775051 - timing_s/step:322.06184059008956 - timing_s/stop_profile:0.00014958903193473816 - timing_per_token_ms/gen:0.11443896899901382 - timing_per_token_ms/update_actor:0.9058210239648188 - timing_per_token_ms/ref:0.30744475846447994 - timing_per_token_ms/adv:8.231385085127817e-05 - perf/total_num_tokens:208783 - perf/time_per_step:322.06184059008956 - perf/throughput:162.06747717881035
[36m(TaskRunner pid=2033431)[0m step:64 - global_seqlen/min:55160 - global_seqlen/max:62658 - global_seqlen/minmax_diff:7498 - global_seqlen/balanced_min:57601 - global_seqlen/balanced_max:57604 - global_seqlen/mean:57602.5 - actor/entropy:0.09047669917345047 - perf/mfu/actor_infer:0.032075841514632546 - actor/pg_clipfrac:np.float64(0.0001884512394099147) - actor/ppo_kl:np.float64(1.7374376728440666e-06) - actor/pg_clipfrac_lower:np.float64(0.0) - actor/pg_loss:np.float64(0.007648479047929868) - actor/kl_loss:np.float64(0.12649910192703828) - actor/kl_coef:np.float64(0.0010000000000000005) - actor/loss:np.float64(0.007774976082146168) - actor/grad_norm:np.float64(0.20008903741836548) - actor/perf/max_memory_allocated_gb:np.float64(20.273035049438477) - actor/perf/max_memory_reserved_gb:np.float64(34.158203125) - actor/perf/cpu_memory_used_gb:np.float64(109.05720329284668) - actor/lr:np.float64(1e-06) - perf/mfu/actor:np.float64(0.0227727605705614) - training/global_step:64 - training/epoch:0 - critic/score/mean:0.9453125 - critic/score/max:1.0 - critic/score/min:0.0 - critic/rewards/mean:0.9453125 - critic/rewards/max:1.0 - critic/rewards/min:0.0 - critic/advantages/mean:-0.0078803189098835 - critic/advantages/max:1.6201815605163574 - critic/advantages/min:-1.6201815605163574 - critic/returns/mean:-0.0078803189098835 - critic/returns/max:1.6201815605163574 - critic/returns/min:-1.6201815605163574 - response_length/mean:366.03515625 - response_length/max:1024.0 - response_length/min:126.0 - response_length/clip_ratio:0.017578125 - response_length_non_aborted/mean:366.03515625 - response_length_non_aborted/max:1024.0 - response_length_non_aborted/min:126.0 - response_length_non_aborted/clip_ratio:0.017578125 - response/aborted_ratio:0.0 - prompt_length/mean:83.984375 - prompt_length/max:131.0 - prompt_length/min:51.0 - prompt_length/clip_ratio:0.0 - num_turns/min:np.int32(2) - num_turns/max:np.int32(2) - num_turns/mean:np.float64(2.0) - timing_s/start_profile:0.00019168108701705933 - timing_s/agent_loop/num_preempted/min:np.int64(-1) - timing_s/agent_loop/num_preempted/max:np.int64(-1) - timing_s/agent_loop/num_preempted/mean:np.float64(-1.0) - timing_s/agent_loop/generate_sequences/min:np.float64(3.1085917204618454) - timing_s/agent_loop/generate_sequences/max:np.float64(19.10171675309539) - timing_s/agent_loop/generate_sequences/mean:np.float64(8.604600449994905) - timing_s/agent_loop/tool_calls/min:np.float64(0.0) - timing_s/agent_loop/tool_calls/max:np.float64(0.0) - timing_s/agent_loop/tool_calls/mean:np.float64(0.0) - timing_s/agent_loop/compute_score/min:np.float64(0.006821874529123306) - timing_s/agent_loop/compute_score/max:np.float64(0.024029910564422607) - timing_s/agent_loop/compute_score/mean:np.float64(0.010523055803787429) - timing_s/agent_loop/slowest/generate_sequences:np.float64(19.10171675309539) - timing_s/agent_loop/slowest/tool_calls:np.float64(0.0) - timing_s/agent_loop/slowest/compute_score:np.float64(0.013083450496196747) - timing_s/agent_loop/slowest/num_preempted:np.int64(-1) - timing_s/agent_loop/slowest/prompt_length:122 - timing_s/agent_loop/slowest/response_length:1024 - timing_s/gen:20.1824368275702 - timing_s/reward:2.285093069076538e-05 - timing_s/old_log_prob:45.036939680576324 - timing_s/ref:63.93131444230676 - timing_s/adv:0.01859082281589508 - timing_s/update_actor:189.2249593771994 - timing_s/update_weights:4.572038430720568 - timing_s/step:323.11085238680243 - timing_s/stop_profile:0.0001720339059829712 - timing_per_token_ms/gen:0.10769135493074115 - timing_per_token_ms/update_actor:0.8212532415138206 - timing_per_token_ms/ref:0.2774676205125939 - timing_per_token_ms/adv:8.068583314914752e-05 - perf/total_num_tokens:230410 - perf/time_per_step:323.11085238680243 - perf/throughput:178.27473009493008
[36m(TaskRunner pid=2033431)[0m step:65 - global_seqlen/min:50040 - global_seqlen/max:62269 - global_seqlen/minmax_diff:12229 - global_seqlen/balanced_min:54031 - global_seqlen/balanced_max:54033 - global_seqlen/mean:54032.25 - actor/entropy:0.08875306695699692 - perf/mfu/actor_infer:0.030157364866543145 - actor/pg_clipfrac:np.float64(0.00021279827137732354) - actor/ppo_kl:np.float64(-0.00018705247687478277) - actor/pg_clipfrac_lower:np.float64(0.0) - actor/pg_loss:np.float64(0.018714716425165534) - actor/kl_loss:np.float64(0.13752640830352902) - actor/kl_coef:np.float64(0.0010000000000000005) - actor/loss:np.float64(0.018852241802960634) - actor/grad_norm:np.float64(0.2733571082353592) - actor/perf/max_memory_allocated_gb:np.float64(20.273035049438477) - actor/perf/max_memory_reserved_gb:np.float64(34.158203125) - actor/perf/cpu_memory_used_gb:np.float64(108.69572830200195) - actor/lr:np.float64(1e-06) - perf/mfu/actor:np.float64(0.02141034482449409) - training/global_step:65 - training/epoch:0 - critic/score/mean:0.943359375 - critic/score/max:1.0 - critic/score/min:0.0 - critic/rewards/mean:0.943359375 - critic/rewards/max:1.0 - critic/rewards/min:0.0 - critic/advantages/mean:-0.01901732198894024 - critic/advantages/max:1.20761239528656 - critic/advantages/min:-2.4748666286468506 - critic/returns/mean:-0.01901732198894024 - critic/returns/max:1.20761239528656 - critic/returns/min:-2.4748666286468506 - response_length/mean:343.923828125 - response_length/max:1024.0 - response_length/min:98.0 - response_length/clip_ratio:0.01171875 - response_length_non_aborted/mean:343.923828125 - response_length_non_aborted/max:1024.0 - response_length_non_aborted/min:98.0 - response_length_non_aborted/clip_ratio:0.01171875 - response/aborted_ratio:0.0 - prompt_length/mean:78.203125 - prompt_length/max:142.0 - prompt_length/min:44.0 - prompt_length/clip_ratio:0.0 - num_turns/min:np.int32(2) - num_turns/max:np.int32(2) - num_turns/mean:np.float64(2.0) - timing_s/start_profile:7.426366209983826e-05 - timing_s/agent_loop/num_preempted/min:np.int64(-1) - timing_s/agent_loop/num_preempted/max:np.int64(-1) - timing_s/agent_loop/num_preempted/mean:np.float64(-1.0) - timing_s/agent_loop/generate_sequences/min:np.float64(2.532210998237133) - timing_s/agent_loop/generate_sequences/max:np.float64(18.55045509338379) - timing_s/agent_loop/generate_sequences/mean:np.float64(8.053254800826835) - timing_s/agent_loop/tool_calls/min:np.float64(0.0) - timing_s/agent_loop/tool_calls/max:np.float64(0.0) - timing_s/agent_loop/tool_calls/mean:np.float64(0.0) - timing_s/agent_loop/compute_score/min:np.float64(0.007264241576194763) - timing_s/agent_loop/compute_score/max:np.float64(0.020267494022846222) - timing_s/agent_loop/compute_score/mean:np.float64(0.010727544788096566) - timing_s/agent_loop/slowest/generate_sequences:np.float64(18.55045509338379) - timing_s/agent_loop/slowest/tool_calls:np.float64(0.0) - timing_s/agent_loop/slowest/compute_score:np.float64(0.010308720171451569) - timing_s/agent_loop/slowest/num_preempted:np.int64(-1) - timing_s/agent_loop/slowest/prompt_length:63 - timing_s/agent_loop/slowest/response_length:1024 - timing_s/gen:19.59505643695593 - timing_s/reward:3.5218894481658936e-05 - timing_s/old_log_prob:44.94495773687959 - timing_s/ref:63.85614014789462 - timing_s/adv:0.016794849187135696 - timing_s/update_actor:188.5001586228609 - timing_s/update_weights:4.585881866514683 - timing_s/step:321.6504303328693 - timing_s/stop_profile:0.00010262802243232727 - timing_per_token_ms/gen:0.11127927603062047 - timing_per_token_ms/update_actor:0.8721650432050345 - timing_per_token_ms/ref:0.2954538268714269 - timing_per_token_ms/adv:7.770752276249691e-05 - perf/total_num_tokens:216129 - perf/time_per_step:321.6504303328693 - perf/throughput:167.98438585666793
[36m(TaskRunner pid=2033431)[0m step:66 - global_seqlen/min:49691 - global_seqlen/max:62773 - global_seqlen/minmax_diff:13082 - global_seqlen/balanced_min:57812 - global_seqlen/balanced_max:57814 - global_seqlen/mean:57813.25 - actor/entropy:0.09610084444284439 - perf/mfu/actor_infer:0.03214829104255524 - actor/pg_clipfrac:np.float64(0.0004213700947275356) - actor/ppo_kl:np.float64(-0.00010610898182150663) - actor/pg_clipfrac_lower:np.float64(0.0) - actor/pg_loss:np.float64(0.013042802136624232) - actor/kl_loss:np.float64(0.1239313785044942) - actor/kl_coef:np.float64(0.0010000000000000005) - actor/loss:np.float64(0.013166732620447874) - actor/grad_norm:np.float64(0.38443388044834137) - actor/perf/max_memory_allocated_gb:np.float64(20.273035049438477) - actor/perf/max_memory_reserved_gb:np.float64(34.158203125) - actor/perf/cpu_memory_used_gb:np.float64(109.0532283782959) - actor/lr:np.float64(1e-06) - perf/mfu/actor:np.float64(0.022881327833929106) - training/global_step:66 - training/epoch:0 - critic/score/mean:0.912109375 - critic/score/max:1.0 - critic/score/min:0.0 - critic/rewards/mean:0.912109375 - critic/rewards/max:1.0 - critic/rewards/min:0.0 - critic/advantages/mean:-0.013011770322918892 - critic/advantages/max:2.4748666286468506 - critic/advantages/min:-2.4748666286468506 - critic/returns/mean:-0.013011770322918892 - critic/returns/max:2.4748666286468506 - critic/returns/min:-2.4748666286468506 - response_length/mean:371.244140625 - response_length/max:1024.0 - response_length/min:102.0 - response_length/clip_ratio:0.02734375 - response_length_non_aborted/mean:371.244140625 - response_length_non_aborted/max:1024.0 - response_length_non_aborted/min:102.0 - response_length_non_aborted/clip_ratio:0.02734375 - response/aborted_ratio:0.0 - prompt_length/mean:80.421875 - prompt_length/max:161.0 - prompt_length/min:45.0 - prompt_length/clip_ratio:0.0 - num_turns/min:np.int32(2) - num_turns/max:np.int32(2) - num_turns/mean:np.float64(2.0) - timing_s/start_profile:8.356571197509766e-05 - timing_s/agent_loop/num_preempted/min:np.int64(-1) - timing_s/agent_loop/num_preempted/max:np.int64(-1) - timing_s/agent_loop/num_preempted/mean:np.float64(-1.0) - timing_s/agent_loop/generate_sequences/min:np.float64(2.5396787002682686) - timing_s/agent_loop/generate_sequences/max:np.float64(19.31863482296467) - timing_s/agent_loop/generate_sequences/mean:np.float64(8.693762887909543) - timing_s/agent_loop/tool_calls/min:np.float64(0.0) - timing_s/agent_loop/tool_calls/max:np.float64(0.0) - timing_s/agent_loop/tool_calls/mean:np.float64(0.0) - timing_s/agent_loop/compute_score/min:np.float64(0.007150366902351379) - timing_s/agent_loop/compute_score/max:np.float64(0.024769701063632965) - timing_s/agent_loop/compute_score/mean:np.float64(0.01069973441917682) - timing_s/agent_loop/slowest/generate_sequences:np.float64(19.31863482296467) - timing_s/agent_loop/slowest/tool_calls:np.float64(0.0) - timing_s/agent_loop/slowest/compute_score:np.float64(0.008632957935333252) - timing_s/agent_loop/slowest/num_preempted:np.int64(-1) - timing_s/agent_loop/slowest/prompt_length:76 - timing_s/agent_loop/slowest/response_length:1024 - timing_s/gen:20.2924897223711 - timing_s/reward:2.421066164970398e-05 - timing_s/old_log_prob:45.18193453922868 - timing_s/ref:64.04503176733851 - timing_s/adv:0.016693294048309326 - timing_s/update_actor:188.66570250317454 - timing_s/update_weights:4.549218978732824 - timing_s/step:322.89994655549526 - timing_s/stop_profile:8.674338459968567e-05 - timing_per_token_ms/gen:0.10675931187030047 - timing_per_token_ms/update_actor:0.8158411026156398 - timing_per_token_ms/ref:0.2769478958860578 - timing_per_token_ms/adv:7.21862810355296e-05 - perf/total_num_tokens:231253 - perf/time_per_step:322.89994655549526 - perf/throughput:179.04385125088248
[36m(TaskRunner pid=2033431)[0m step:67 - global_seqlen/min:53048 - global_seqlen/max:57385 - global_seqlen/minmax_diff:4337 - global_seqlen/balanced_min:55290 - global_seqlen/balanced_max:55293 - global_seqlen/mean:55292.0 - actor/entropy:0.0823184922337532 - perf/mfu/actor_infer:0.03085275580659597 - actor/pg_clipfrac:np.float64(0.0001689835421530006) - actor/ppo_kl:np.float64(2.0768977073259975e-05) - actor/pg_clipfrac_lower:np.float64(0.0) - actor/pg_loss:np.float64(-0.007773876248393208) - actor/kl_loss:np.float64(0.13529158334131353) - actor/kl_coef:np.float64(0.0010000000000000005) - actor/loss:np.float64(-0.00763858575373888) - actor/grad_norm:np.float64(0.2358262985944748) - actor/perf/max_memory_allocated_gb:np.float64(20.273035049438477) - actor/perf/max_memory_reserved_gb:np.float64(34.158203125) - actor/perf/cpu_memory_used_gb:np.float64(108.78863716125488) - actor/lr:np.float64(1e-06) - perf/mfu/actor:np.float64(0.021792716510071808) - training/global_step:67 - training/epoch:0 - critic/score/mean:0.984375 - critic/score/max:1.0 - critic/score/min:0.0 - critic/rewards/mean:0.984375 - critic/rewards/max:1.0 - critic/rewards/min:0.0 - critic/advantages/mean:0.00784111674875021 - critic/advantages/max:1.20761239528656 - critic/advantages/min:-2.4748666286468506 - critic/returns/mean:0.00784111674875021 - critic/returns/max:1.20761239528656 - critic/returns/min:-2.4748666286468506 - response_length/mean:345.84375 - response_length/max:844.0 - response_length/min:149.0 - response_length/clip_ratio:0.0 - response_length_non_aborted/mean:345.84375 - response_length_non_aborted/max:844.0 - response_length_non_aborted/min:149.0 - response_length_non_aborted/clip_ratio:0.0 - response/aborted_ratio:0.0 - prompt_length/mean:86.125 - prompt_length/max:168.0 - prompt_length/min:52.0 - prompt_length/clip_ratio:0.0 - num_turns/min:np.int32(2) - num_turns/max:np.int32(2) - num_turns/mean:np.float64(2.0) - timing_s/start_profile:7.82310962677002e-05 - timing_s/agent_loop/num_preempted/min:np.int64(-1) - timing_s/agent_loop/num_preempted/max:np.int64(-1) - timing_s/agent_loop/num_preempted/mean:np.float64(-1.0) - timing_s/agent_loop/generate_sequences/min:np.float64(3.6892164014279842) - timing_s/agent_loop/generate_sequences/max:np.float64(15.624605566263199) - timing_s/agent_loop/generate_sequences/mean:np.float64(8.23497965446586) - timing_s/agent_loop/tool_calls/min:np.float64(0.0) - timing_s/agent_loop/tool_calls/max:np.float64(0.0) - timing_s/agent_loop/tool_calls/mean:np.float64(0.0) - timing_s/agent_loop/compute_score/min:np.float64(0.005863182246685028) - timing_s/agent_loop/compute_score/max:np.float64(0.021226022392511368) - timing_s/agent_loop/compute_score/mean:np.float64(0.010160539583011996) - timing_s/agent_loop/slowest/generate_sequences:np.float64(15.624605566263199) - timing_s/agent_loop/slowest/tool_calls:np.float64(0.0) - timing_s/agent_loop/slowest/compute_score:np.float64(0.008814748376607895) - timing_s/agent_loop/slowest/num_preempted:np.int64(-1) - timing_s/agent_loop/slowest/prompt_length:71 - timing_s/agent_loop/slowest/response_length:801 - timing_s/gen:16.646346118301153 - timing_s/reward:2.5317072868347168e-05 - timing_s/old_log_prob:45.28581349551678 - timing_s/ref:63.94855344295502 - timing_s/adv:0.01746131107211113 - timing_s/update_actor:189.10280416160822 - timing_s/update_weights:4.703846789896488 - timing_s/step:319.8569374717772 - timing_s/stop_profile:0.00015456601977348328 - timing_per_token_ms/gen:0.09400891229726413 - timing_per_token_ms/update_actor:0.8550188280474943 - timing_per_token_ms/ref:0.28914017146673576 - timing_per_token_ms/adv:7.895044071525324e-05 - perf/total_num_tokens:221168 - perf/time_per_step:319.8569374717772 - perf/throughput:172.86478272768034
[36m(TaskRunner pid=2033431)[0m step:68 - global_seqlen/min:45916 - global_seqlen/max:57402 - global_seqlen/minmax_diff:11486 - global_seqlen/balanced_min:53329 - global_seqlen/balanced_max:53330 - global_seqlen/mean:53329.75 - actor/entropy:0.08684485405683517 - perf/mfu/actor_infer:0.029744110514894003 - actor/pg_clipfrac:np.float64(0.00014712893789692316) - actor/ppo_kl:np.float64(5.2235243906295636e-05) - actor/pg_clipfrac_lower:np.float64(0.0) - actor/pg_loss:np.float64(0.0007586060673929751) - actor/kl_loss:np.float64(0.13558333055698313) - actor/kl_coef:np.float64(0.0010000000000000005) - actor/loss:np.float64(0.0008941907435655594) - actor/grad_norm:np.float64(0.17649280652403831) - actor/perf/max_memory_allocated_gb:np.float64(20.273035049438477) - actor/perf/max_memory_reserved_gb:np.float64(34.158203125) - actor/perf/cpu_memory_used_gb:np.float64(108.8227596282959) - actor/lr:np.float64(1e-06) - perf/mfu/actor:np.float64(0.021047820524645603) - training/global_step:68 - training/epoch:0 - critic/score/mean:0.95703125 - critic/score/max:1.0 - critic/score/min:0.0 - critic/rewards/mean:0.95703125 - critic/rewards/max:1.0 - critic/rewards/min:0.0 - critic/advantages/mean:-0.0006267039570957422 - critic/advantages/max:0.935412585735321 - critic/advantages/min:-2.4748666286468506 - critic/returns/mean:-0.0006267039570957422 - critic/returns/max:0.935412585735321 - critic/returns/min:-2.4748666286468506 - response_length/mean:338.419921875 - response_length/max:1024.0 - response_length/min:126.0 - response_length/clip_ratio:0.013671875 - response_length_non_aborted/mean:338.419921875 - response_length_non_aborted/max:1024.0 - response_length_non_aborted/min:126.0 - response_length_non_aborted/clip_ratio:0.013671875 - response/aborted_ratio:0.0 - prompt_length/mean:78.21875 - prompt_length/max:124.0 - prompt_length/min:46.0 - prompt_length/clip_ratio:0.0 - num_turns/min:np.int32(2) - num_turns/max:np.int32(2) - num_turns/mean:np.float64(2.0) - timing_s/start_profile:0.00010130181908607483 - timing_s/agent_loop/num_preempted/min:np.int64(-1) - timing_s/agent_loop/num_preempted/max:np.int64(-1) - timing_s/agent_loop/num_preempted/mean:np.float64(-1.0) - timing_s/agent_loop/generate_sequences/min:np.float64(3.085732378065586) - timing_s/agent_loop/generate_sequences/max:np.float64(18.415528781712055) - timing_s/agent_loop/generate_sequences/mean:np.float64(7.843716783478158) - timing_s/agent_loop/tool_calls/min:np.float64(0.0) - timing_s/agent_loop/tool_calls/max:np.float64(0.0) - timing_s/agent_loop/tool_calls/mean:np.float64(0.0) - timing_s/agent_loop/compute_score/min:np.float64(0.0075761303305625916) - timing_s/agent_loop/compute_score/max:np.float64(0.03218037635087967) - timing_s/agent_loop/compute_score/mean:np.float64(0.01099027790769469) - timing_s/agent_loop/slowest/generate_sequences:np.float64(18.415528781712055) - timing_s/agent_loop/slowest/tool_calls:np.float64(0.0) - timing_s/agent_loop/slowest/compute_score:np.float64(0.009732618927955627) - timing_s/agent_loop/slowest/num_preempted:np.int64(-1) - timing_s/agent_loop/slowest/prompt_length:60 - timing_s/agent_loop/slowest/response_length:1024 - timing_s/gen:19.418179772794247 - timing_s/reward:3.0197203159332275e-05 - timing_s/old_log_prob:45.27731503918767 - timing_s/ref:63.79423424974084 - timing_s/adv:0.023063089698553085 - timing_s/update_actor:188.95177947357297 - timing_s/update_weights:4.526463974267244 - timing_s/step:322.1329702921212 - timing_s/stop_profile:0.00017208606004714966 - timing_per_token_ms/gen:0.11206826169869306 - timing_per_token_ms/update_actor:0.8857709790200262 - timing_per_token_ms/ref:0.2990555658414902 - timing_per_token_ms/adv:0.0001081154969719204 - perf/total_num_tokens:213319 - perf/time_per_step:322.1329702921212 - perf/throughput:165.55197672451462
[36m(TaskRunner pid=2033431)[0m step:69 - global_seqlen/min:48813 - global_seqlen/max:65808 - global_seqlen/minmax_diff:16995 - global_seqlen/balanced_min:55668 - global_seqlen/balanced_max:55669 - global_seqlen/mean:55668.25 - actor/entropy:0.08418095111846924 - perf/mfu/actor_infer:0.03104446196835518 - actor/pg_clipfrac:np.float64(0.00028025009532939293) - actor/ppo_kl:np.float64(-1.1627191685903426e-05) - actor/pg_clipfrac_lower:np.float64(0.0) - actor/pg_loss:np.float64(0.009937467402778566) - actor/kl_loss:np.float64(0.13312265169224702) - actor/kl_coef:np.float64(0.0010000000000000005) - actor/loss:np.float64(0.010070590302348137) - actor/grad_norm:np.float64(0.2662350758910179) - actor/perf/max_memory_allocated_gb:np.float64(20.273035049438477) - actor/perf/max_memory_reserved_gb:np.float64(34.158203125) - actor/perf/cpu_memory_used_gb:np.float64(109.09147071838379) - actor/lr:np.float64(1e-06) - perf/mfu/actor:np.float64(0.022008690214260402) - training/global_step:69 - training/epoch:0 - critic/score/mean:0.96484375 - critic/score/max:1.0 - critic/score/min:0.0 - critic/rewards/mean:0.96484375 - critic/rewards/max:1.0 - critic/rewards/min:0.0 - critic/advantages/mean:-0.009923829697072506 - critic/advantages/max:0.935412585735321 - critic/advantages/min:-2.4748666286468506 - critic/returns/mean:-0.009923829697072506 - critic/returns/max:0.935412585735321 - critic/returns/min:-2.4748666286468506 - response_length/mean:344.908203125 - response_length/max:1024.0 - response_length/min:108.0 - response_length/clip_ratio:0.009765625 - response_length_non_aborted/mean:344.908203125 - response_length_non_aborted/max:1024.0 - response_length_non_aborted/min:108.0 - response_length_non_aborted/clip_ratio:0.009765625 - response/aborted_ratio:0.0 - prompt_length/mean:90.0 - prompt_length/max:217.0 - prompt_length/min:48.0 - prompt_length/clip_ratio:0.0 - num_turns/min:np.int32(2) - num_turns/max:np.int32(2) - num_turns/mean:np.float64(2.0) - timing_s/start_profile:0.00011415407061576843 - timing_s/agent_loop/num_preempted/min:np.int64(-1) - timing_s/agent_loop/num_preempted/max:np.int64(-1) - timing_s/agent_loop/num_preempted/mean:np.float64(-1.0) - timing_s/agent_loop/generate_sequences/min:np.float64(2.750060733407736) - timing_s/agent_loop/generate_sequences/max:np.float64(18.827765453606844) - timing_s/agent_loop/generate_sequences/mean:np.float64(8.028642432291235) - timing_s/agent_loop/tool_calls/min:np.float64(0.0) - timing_s/agent_loop/tool_calls/max:np.float64(0.0) - timing_s/agent_loop/tool_calls/mean:np.float64(0.0) - timing_s/agent_loop/compute_score/min:np.float64(0.0063742659986019135) - timing_s/agent_loop/compute_score/max:np.float64(0.03325389325618744) - timing_s/agent_loop/compute_score/mean:np.float64(0.010673911347112153) - timing_s/agent_loop/slowest/generate_sequences:np.float64(18.827765453606844) - timing_s/agent_loop/slowest/tool_calls:np.float64(0.0) - timing_s/agent_loop/slowest/compute_score:np.float64(0.015659481287002563) - timing_s/agent_loop/slowest/num_preempted:np.int64(-1) - timing_s/agent_loop/slowest/prompt_length:115 - timing_s/agent_loop/slowest/response_length:1024 - timing_s/gen:19.889211371541023 - timing_s/reward:2.346932888031006e-05 - timing_s/old_log_prob:45.29424076154828 - timing_s/ref:63.949646178632975 - timing_s/adv:0.01308075338602066 - timing_s/update_actor:188.73305336385965 - timing_s/update_weights:4.806258827447891 - timing_s/step:322.83223681524396 - timing_s/stop_profile:0.00014687702059745789 - timing_per_token_ms/gen:0.11262740522863887 - timing_per_token_ms/update_actor:0.8475794252732017 - timing_per_token_ms/ref:0.28719084118250965 - timing_per_token_ms/adv:5.8744227571464255e-05 - perf/total_num_tokens:222673 - perf/time_per_step:322.83223681524396 - perf/throughput:172.43708543226677
[36m(TaskRunner pid=2033431)[0m test_gen_batch meta info: {'eos_token_id': 151645, 'pad_token_id': 151643, 'recompute_log_prob': False, 'do_sample': False, 'validate': True, 'global_steps': 70}
[36m(TaskRunner pid=2033431)[0m validation generation end
[36m(TaskRunner pid=2033431)[0m step:70 - global_seqlen/min:46727 - global_seqlen/max:59980 - global_seqlen/minmax_diff:13253 - global_seqlen/balanced_min:52635 - global_seqlen/balanced_max:52638 - global_seqlen/mean:52636.75 - actor/entropy:0.09880489110946655 - perf/mfu/actor_infer:0.029367063186537784 - actor/pg_clipfrac:np.float64(0.0003084532718276023) - actor/ppo_kl:np.float64(-5.528288762590705e-05) - actor/pg_clipfrac_lower:np.float64(0.0) - actor/pg_loss:np.float64(0.044016073225066066) - actor/kl_loss:np.float64(0.1380166395683773) - actor/kl_coef:np.float64(0.0010000000000000005) - actor/loss:np.float64(0.0441540889441967) - actor/grad_norm:np.float64(0.4177805781364441) - actor/perf/max_memory_allocated_gb:np.float64(20.273035049438477) - actor/perf/max_memory_reserved_gb:np.float64(34.158203125) - actor/perf/cpu_memory_used_gb:np.float64(108.75421142578125) - actor/lr:np.float64(1e-06) - perf/mfu/actor:np.float64(0.02077125338225209) - val-aux/openai/gsm8k/reward/mean@1:np.float64(0.9423805913570887) - val-core/openai/gsm8k/acc/mean@1:np.float64(0.9423805913570887) - val-aux/num_turns/min:np.int32(2) - val-aux/num_turns/max:np.int32(2) - val-aux/num_turns/mean:np.float64(2.0) - training/global_step:70 - training/epoch:0 - critic/score/mean:0.927734375 - critic/score/max:1.0 - critic/score/min:0.0 - critic/rewards/mean:0.927734375 - critic/rewards/max:1.0 - critic/rewards/min:0.0 - critic/advantages/mean:-0.043968986719846725 - critic/advantages/max:0.7245674133300781 - critic/advantages/min:-2.4748666286468506 - critic/returns/mean:-0.043968986719846725 - critic/returns/max:0.7245674133300781 - critic/returns/min:-2.4748666286468506 - response_length/mean:331.427734375 - response_length/max:1024.0 - response_length/min:101.0 - response_length/clip_ratio:0.02734375 - response_length_non_aborted/mean:331.427734375 - response_length_non_aborted/max:1024.0 - response_length_non_aborted/min:101.0 - response_length_non_aborted/clip_ratio:0.02734375 - response/aborted_ratio:0.0 - prompt_length/mean:79.796875 - prompt_length/max:140.0 - prompt_length/min:47.0 - prompt_length/clip_ratio:0.0 - num_turns/min:np.int32(2) - num_turns/max:np.int32(2) - num_turns/mean:np.float64(2.0) - timing_s/start_profile:6.49765133857727e-05 - timing_s/agent_loop/num_preempted/min:np.int64(-1) - timing_s/agent_loop/num_preempted/max:np.int64(-1) - timing_s/agent_loop/num_preempted/mean:np.float64(-1.0) - timing_s/agent_loop/generate_sequences/min:np.float64(2.5562184303998947) - timing_s/agent_loop/generate_sequences/max:np.float64(18.428738329559565) - timing_s/agent_loop/generate_sequences/mean:np.float64(7.595742444922507) - timing_s/agent_loop/tool_calls/min:np.float64(0.0) - timing_s/agent_loop/tool_calls/max:np.float64(0.0) - timing_s/agent_loop/tool_calls/mean:np.float64(0.0) - timing_s/agent_loop/compute_score/min:np.float64(0.006134483963251114) - timing_s/agent_loop/compute_score/max:np.float64(0.025288298726081848) - timing_s/agent_loop/compute_score/mean:np.float64(0.01049476295884233) - timing_s/agent_loop/slowest/generate_sequences:np.float64(18.428738329559565) - timing_s/agent_loop/slowest/tool_calls:np.float64(0.0) - timing_s/agent_loop/slowest/compute_score:np.float64(0.011151537299156189) - timing_s/agent_loop/slowest/num_preempted:np.int64(-1) - timing_s/agent_loop/slowest/prompt_length:98 - timing_s/agent_loop/slowest/response_length:1024 - timing_s/gen:19.46931901946664 - timing_s/reward:2.6874244213104248e-05 - timing_s/old_log_prob:45.331895876675844 - timing_s/ref:63.892642103135586 - timing_s/adv:0.013322602957487106 - timing_s/update_actor:188.94722881540656 - timing_s/update_weights:4.568714011460543 - timing_s/step:322.3802876919508 - timing_s/testing:29.89197301492095 - timing_s/stop_profile:0.0001179426908493042 - timing_per_token_ms/gen:0.11473395182694804 - timing_per_token_ms/update_actor:0.8974111662260994 - timing_per_token_ms/ref:0.30346023502180314 - timing_per_token_ms/adv:6.327614716660464e-05 - perf/total_num_tokens:210547 - perf/time_per_step:322.3802876919508 - perf/throughput:163.27533664309163
[36m(TaskRunner pid=2033431)[0m step:71 - global_seqlen/min:51374 - global_seqlen/max:57686 - global_seqlen/minmax_diff:6312 - global_seqlen/balanced_min:53831 - global_seqlen/balanced_max:53832 - global_seqlen/mean:53831.5 - actor/entropy:0.081532321870327 - perf/mfu/actor_infer:0.030100888891601365 - actor/pg_clipfrac:np.float64(9.86475943136611e-05) - actor/ppo_kl:np.float64(-0.00015208368330377198) - actor/pg_clipfrac_lower:np.float64(0.0) - actor/pg_loss:np.float64(0.00473716005217284) - actor/kl_loss:np.float64(0.13618312739708927) - actor/kl_coef:np.float64(0.0010000000000000005) - actor/loss:np.float64(0.004873344674706459) - actor/grad_norm:np.float64(0.2574932277202606) - actor/perf/max_memory_allocated_gb:np.float64(20.273035049438477) - actor/perf/max_memory_reserved_gb:np.float64(34.158203125) - actor/perf/cpu_memory_used_gb:np.float64(109.92802619934082) - actor/lr:np.float64(1e-06) - perf/mfu/actor:np.float64(0.02127647583906262) - training/global_step:71 - training/epoch:0 - critic/score/mean:0.966796875 - critic/score/max:1.0 - critic/score/min:0.0 - critic/rewards/mean:0.966796875 - critic/rewards/max:1.0 - critic/rewards/min:0.0 - critic/advantages/mean:-0.004790270701050758 - critic/advantages/max:1.6201815605163574 - critic/advantages/min:-1.20761239528656 - critic/returns/mean:-0.004790270701050758 - critic/returns/max:1.6201815605163574 - critic/returns/min:-1.20761239528656 - response_length/mean:337.57421875 - response_length/max:1024.0 - response_length/min:116.0 - response_length/clip_ratio:0.01171875 - response_length_non_aborted/mean:337.57421875 - response_length_non_aborted/max:1024.0 - response_length_non_aborted/min:116.0 - response_length_non_aborted/clip_ratio:0.01171875 - response/aborted_ratio:0.0 - prompt_length/mean:82.984375 - prompt_length/max:130.0 - prompt_length/min:45.0 - prompt_length/clip_ratio:0.0 - num_turns/min:np.int32(2) - num_turns/max:np.int32(2) - num_turns/mean:np.float64(2.0) - timing_s/start_profile:7.073208689689636e-05 - timing_s/agent_loop/num_preempted/min:np.int64(-1) - timing_s/agent_loop/num_preempted/max:np.int64(-1) - timing_s/agent_loop/num_preempted/mean:np.float64(-1.0) - timing_s/agent_loop/generate_sequences/min:np.float64(2.919464062899351) - timing_s/agent_loop/generate_sequences/max:np.float64(18.441714506596327) - timing_s/agent_loop/generate_sequences/mean:np.float64(7.845201596508559) - timing_s/agent_loop/tool_calls/min:np.float64(0.0) - timing_s/agent_loop/tool_calls/max:np.float64(0.0) - timing_s/agent_loop/tool_calls/mean:np.float64(0.0) - timing_s/agent_loop/compute_score/min:np.float64(0.0053976476192474365) - timing_s/agent_loop/compute_score/max:np.float64(0.02509857714176178) - timing_s/agent_loop/compute_score/mean:np.float64(0.009954696048225742) - timing_s/agent_loop/slowest/generate_sequences:np.float64(18.441714506596327) - timing_s/agent_loop/slowest/tool_calls:np.float64(0.0) - timing_s/agent_loop/slowest/compute_score:np.float64(0.011055435985326767) - timing_s/agent_loop/slowest/num_preempted:np.int64(-1) - timing_s/agent_loop/slowest/prompt_length:119 - timing_s/agent_loop/slowest/response_length:1024 - timing_s/gen:19.50342245399952 - timing_s/reward:2.569332718849182e-05 - timing_s/old_log_prob:44.910339299589396 - timing_s/ref:64.32064599171281 - timing_s/adv:0.017102792859077454 - timing_s/update_actor:188.6751253530383 - timing_s/update_weights:4.6088997311890125 - timing_s/step:322.2053878195584 - timing_s/stop_profile:0.0001687183976173401 - timing_per_token_ms/gen:0.1128422132517127 - timing_per_token_ms/update_actor:0.8762301131913393 - timing_per_token_ms/ref:0.29871286324787905 - timing_per_token_ms/adv:7.942743959892189e-05 - perf/total_num_tokens:215326 - perf/time_per_step:322.2053878195584 - perf/throughput:167.07200448847473
[36m(TaskRunner pid=2033431)[0m step:72 - global_seqlen/min:49725 - global_seqlen/max:64255 - global_seqlen/minmax_diff:14530 - global_seqlen/balanced_min:54002 - global_seqlen/balanced_max:54003 - global_seqlen/mean:54002.5 - actor/entropy:0.08876342326402664 - perf/mfu/actor_infer:0.03014392378225401 - actor/pg_clipfrac:np.float64(0.00026097570480487775) - actor/ppo_kl:np.float64(1.9302410848354157e-05) - actor/pg_clipfrac_lower:np.float64(0.0) - actor/pg_loss:np.float64(0.012014647654723376) - actor/kl_loss:np.float64(0.141605392069323) - actor/kl_coef:np.float64(0.0010000000000000005) - actor/loss:np.float64(0.012156251817941666) - actor/grad_norm:np.float64(0.250805526971817) - actor/perf/max_memory_allocated_gb:np.float64(20.273035049438477) - actor/perf/max_memory_reserved_gb:np.float64(34.158203125) - actor/perf/cpu_memory_used_gb:np.float64(108.71884727478027) - actor/lr:np.float64(1e-06) - perf/mfu/actor:np.float64(0.021315727602231938) - training/global_step:72 - training/epoch:0 - critic/score/mean:0.955078125 - critic/score/max:1.0 - critic/score/min:0.0 - critic/rewards/mean:0.955078125 - critic/rewards/max:1.0 - critic/rewards/min:0.0 - critic/advantages/mean:-0.012549027800559998 - critic/advantages/max:0.935412585735321 - critic/advantages/min:-2.4748666286468506 - critic/returns/mean:-0.012549027800559998 - critic/returns/max:0.935412585735321 - critic/returns/min:-2.4748666286468506 - response_length/mean:340.12890625 - response_length/max:1024.0 - response_length/min:99.0 - response_length/clip_ratio:0.01953125 - response_length_non_aborted/mean:340.12890625 - response_length_non_aborted/max:1024.0 - response_length_non_aborted/min:99.0 - response_length_non_aborted/clip_ratio:0.01953125 - response/aborted_ratio:0.0 - prompt_length/mean:81.765625 - prompt_length/max:145.0 - prompt_length/min:35.0 - prompt_length/clip_ratio:0.0 - num_turns/min:np.int32(2) - num_turns/max:np.int32(2) - num_turns/mean:np.float64(2.0) - timing_s/start_profile:9.207427501678467e-05 - timing_s/agent_loop/num_preempted/min:np.int64(-1) - timing_s/agent_loop/num_preempted/max:np.int64(-1) - timing_s/agent_loop/num_preempted/mean:np.float64(-1.0) - timing_s/agent_loop/generate_sequences/min:np.float64(2.5075190402567387) - timing_s/agent_loop/generate_sequences/max:np.float64(18.83192678540945) - timing_s/agent_loop/generate_sequences/mean:np.float64(7.921560232694901) - timing_s/agent_loop/tool_calls/min:np.float64(0.0) - timing_s/agent_loop/tool_calls/max:np.float64(0.0) - timing_s/agent_loop/tool_calls/mean:np.float64(0.0) - timing_s/agent_loop/compute_score/min:np.float64(0.006596997380256653) - timing_s/agent_loop/compute_score/max:np.float64(0.03901387378573418) - timing_s/agent_loop/compute_score/mean:np.float64(0.01080401786020957) - timing_s/agent_loop/slowest/generate_sequences:np.float64(18.83192678540945) - timing_s/agent_loop/slowest/tool_calls:np.float64(0.0) - timing_s/agent_loop/slowest/compute_score:np.float64(0.010141171514987946) - timing_s/agent_loop/slowest/num_preempted:np.int64(-1) - timing_s/agent_loop/slowest/prompt_length:104 - timing_s/agent_loop/slowest/response_length:1024 - timing_s/gen:19.910967372357845 - timing_s/reward:3.102794289588928e-05 - timing_s/old_log_prob:44.931922789663076 - timing_s/ref:64.2238734588027 - timing_s/adv:0.03102225437760353 - timing_s/update_actor:188.93604073300958 - timing_s/update_weights:4.54649280756712 - timing_s/step:322.73749385774136 - timing_s/stop_profile:0.0001698136329650879 - timing_per_token_ms/gen:0.11433491077807038 - timing_per_token_ms/update_actor:0.8746633986065904 - timing_per_token_ms/ref:0.2973189827267381 - timing_per_token_ms/adv:0.00014361489920653456 - perf/total_num_tokens:216010 - perf/time_per_step:322.73749385774136 - perf/throughput:167.32639072857035
[36m(TaskRunner pid=2033431)[0m step:73 - global_seqlen/min:46925 - global_seqlen/max:56908 - global_seqlen/minmax_diff:9983 - global_seqlen/balanced_min:51402 - global_seqlen/balanced_max:51405 - global_seqlen/mean:51403.0 - actor/entropy:0.08623793721199036 - perf/mfu/actor_infer:0.02879670415953366 - actor/pg_clipfrac:np.float64(0.0001529551454950706) - actor/ppo_kl:np.float64(-4.183925142364764e-05) - actor/pg_clipfrac_lower:np.float64(5.6043759286694694e-06) - actor/pg_loss:np.float64(0.01831958908587694) - actor/kl_loss:np.float64(0.14981478539993986) - actor/kl_coef:np.float64(0.0010000000000000005) - actor/loss:np.float64(0.018469405826181173) - actor/grad_norm:np.float64(0.2459358423948288) - actor/perf/max_memory_allocated_gb:np.float64(20.273035049438477) - actor/perf/max_memory_reserved_gb:np.float64(34.158203125) - actor/perf/cpu_memory_used_gb:np.float64(108.91152954101562) - actor/lr:np.float64(1e-06) - perf/mfu/actor:np.float64(0.020298531446016538) - training/global_step:73 - training/epoch:0 - critic/score/mean:0.96484375 - critic/score/max:1.0 - critic/score/min:0.0 - critic/rewards/mean:0.96484375 - critic/rewards/max:1.0 - critic/rewards/min:0.0 - critic/advantages/mean:-0.018427956849336624 - critic/advantages/max:0.935412585735321 - critic/advantages/min:-1.20761239528656 - critic/returns/mean:-0.018427956849336624 - critic/returns/max:0.935412585735321 - critic/returns/min:-1.20761239528656 - response_length/mean:322.7109375 - response_length/max:1024.0 - response_length/min:106.0 - response_length/clip_ratio:0.009765625 - response_length_non_aborted/mean:322.7109375 - response_length_non_aborted/max:1024.0 - response_length_non_aborted/min:106.0 - response_length_non_aborted/clip_ratio:0.009765625 - response/aborted_ratio:0.0 - prompt_length/mean:78.875 - prompt_length/max:127.0 - prompt_length/min:51.0 - prompt_length/clip_ratio:0.0 - num_turns/min:np.int32(2) - num_turns/max:np.int32(2) - num_turns/mean:np.float64(2.0) - timing_s/start_profile:9.974464774131775e-05 - timing_s/agent_loop/num_preempted/min:np.int64(-1) - timing_s/agent_loop/num_preempted/max:np.int64(-1) - timing_s/agent_loop/num_preempted/mean:np.float64(-1.0) - timing_s/agent_loop/generate_sequences/min:np.float64(2.62851083278656) - timing_s/agent_loop/generate_sequences/max:np.float64(18.093275133520365) - timing_s/agent_loop/generate_sequences/mean:np.float64(7.502631970906805) - timing_s/agent_loop/tool_calls/min:np.float64(0.0) - timing_s/agent_loop/tool_calls/max:np.float64(0.0) - timing_s/agent_loop/tool_calls/mean:np.float64(0.0) - timing_s/agent_loop/compute_score/min:np.float64(0.005930006504058838) - timing_s/agent_loop/compute_score/max:np.float64(0.02960389107465744) - timing_s/agent_loop/compute_score/mean:np.float64(0.010433680763526354) - timing_s/agent_loop/slowest/generate_sequences:np.float64(18.093275133520365) - timing_s/agent_loop/slowest/tool_calls:np.float64(0.0) - timing_s/agent_loop/slowest/compute_score:np.float64(0.011615060269832611) - timing_s/agent_loop/slowest/num_preempted:np.int64(-1) - timing_s/agent_loop/slowest/prompt_length:105 - timing_s/agent_loop/slowest/response_length:1024 - timing_s/gen:19.145235534757376 - timing_s/reward:2.7086585760116577e-05 - timing_s/old_log_prob:44.70137966796756 - timing_s/ref:63.93175166845322 - timing_s/adv:0.016938719898462296 - timing_s/update_actor:188.97418947517872 - timing_s/update_weights:4.583307329565287 - timing_s/step:321.49466693401337 - timing_s/stop_profile:0.0001392848789691925 - timing_per_token_ms/gen:0.11587161700654475 - timing_per_token_ms/update_actor:0.919081519926749 - timing_per_token_ms/ref:0.31093395165872234 - timing_per_token_ms/adv:8.238196164845581e-05 - perf/total_num_tokens:205612 - perf/time_per_step:321.49466693401337 - perf/throughput:159.8875666903378
[36m(TaskRunner pid=2033431)[0m step:74 - global_seqlen/min:48301 - global_seqlen/max:58023 - global_seqlen/minmax_diff:9722 - global_seqlen/balanced_min:53625 - global_seqlen/balanced_max:53628 - global_seqlen/mean:53626.5 - actor/entropy:0.08029280602931976 - perf/mfu/actor_infer:0.029875175767602017 - actor/pg_clipfrac:np.float64(0.0002835601699189283) - actor/ppo_kl:np.float64(6.111527626195823e-06) - actor/pg_clipfrac_lower:np.float64(0.0) - actor/pg_loss:np.float64(0.0006849408928246703) - actor/kl_loss:np.float64(0.14307540329173207) - actor/kl_coef:np.float64(0.0010000000000000005) - actor/loss:np.float64(0.0008280165493488312) - actor/grad_norm:np.float64(0.306706041097641) - actor/perf/max_memory_allocated_gb:np.float64(20.273035049438477) - actor/perf/max_memory_reserved_gb:np.float64(34.158203125) - actor/perf/cpu_memory_used_gb:np.float64(109.10076713562012) - actor/lr:np.float64(1e-06) - perf/mfu/actor:np.float64(0.021157547716748555) - training/global_step:74 - training/epoch:0 - critic/score/mean:0.953125 - critic/score/max:1.0 - critic/score/min:0.0 - critic/rewards/mean:0.953125 - critic/rewards/max:1.0 - critic/rewards/min:0.0 - critic/advantages/mean:-0.0009289940353482962 - critic/advantages/max:2.4748666286468506 - critic/advantages/min:-2.4748666286468506 - critic/returns/mean:-0.0009289940353482962 - critic/returns/max:2.4748666286468506 - critic/returns/min:-2.4748666286468506 - response_length/mean:332.61328125 - response_length/max:1024.0 - response_length/min:102.0 - response_length/clip_ratio:0.001953125 - response_length_non_aborted/mean:332.61328125 - response_length_non_aborted/max:1024.0 - response_length_non_aborted/min:102.0 - response_length_non_aborted/clip_ratio:0.001953125 - response/aborted_ratio:0.0 - prompt_length/mean:86.34375 - prompt_length/max:211.0 - prompt_length/min:49.0 - prompt_length/clip_ratio:0.0 - num_turns/min:np.int32(2) - num_turns/max:np.int32(2) - num_turns/mean:np.float64(2.0) - timing_s/start_profile:0.00012038648128509521 - timing_s/agent_loop/num_preempted/min:np.int64(-1) - timing_s/agent_loop/num_preempted/max:np.int64(-1) - timing_s/agent_loop/num_preempted/mean:np.float64(-1.0) - timing_s/agent_loop/generate_sequences/min:np.float64(2.5225028321146965) - timing_s/agent_loop/generate_sequences/max:np.float64(18.34758223220706) - timing_s/agent_loop/generate_sequences/mean:np.float64(7.7930941703525605) - timing_s/agent_loop/tool_calls/min:np.float64(0.0) - timing_s/agent_loop/tool_calls/max:np.float64(0.0) - timing_s/agent_loop/tool_calls/mean:np.float64(0.0) - timing_s/agent_loop/compute_score/min:np.float64(0.0066660866141319275) - timing_s/agent_loop/compute_score/max:np.float64(0.028345774859189987) - timing_s/agent_loop/compute_score/mean:np.float64(0.010240759220323525) - timing_s/agent_loop/slowest/generate_sequences:np.float64(18.34758223220706) - timing_s/agent_loop/slowest/tool_calls:np.float64(0.0) - timing_s/agent_loop/slowest/compute_score:np.float64(0.011204138398170471) - timing_s/agent_loop/slowest/num_preempted:np.int64(-1) - timing_s/agent_loop/slowest/prompt_length:77 - timing_s/agent_loop/slowest/response_length:1014 - timing_s/gen:19.365846756845713 - timing_s/reward:2.026185393333435e-05 - timing_s/old_log_prob:44.944216310977936 - timing_s/ref:63.93651146441698 - timing_s/adv:0.016764305531978607 - timing_s/update_actor:189.2291762456298 - timing_s/update_weights:4.574825573712587 - timing_s/step:322.20904828235507 - timing_s/stop_profile:0.00013707950711250305 - timing_per_token_ms/gen:0.1137174057055615 - timing_per_token_ms/update_actor:0.8821626259667785 - timing_per_token_ms/ref:0.29806397706552257 - timing_per_token_ms/adv:7.815308444509062e-05 - perf/total_num_tokens:214506 - perf/time_per_step:322.20904828235507 - perf/throughput:166.43387355468226
[36m(TaskRunner pid=2033431)[0m step:75 - global_seqlen/min:46799 - global_seqlen/max:70719 - global_seqlen/minmax_diff:23920 - global_seqlen/balanced_min:55660 - global_seqlen/balanced_max:55664 - global_seqlen/mean:55662.25 - actor/entropy:0.09357685595750809 - perf/mfu/actor_infer:0.031024728477586472 - actor/pg_clipfrac:np.float64(0.00041057591124626924) - actor/ppo_kl:np.float64(8.284920923529171e-06) - actor/pg_clipfrac_lower:np.float64(1.9073486328125e-06) - actor/pg_loss:np.float64(0.03762378342798911) - actor/kl_loss:np.float64(0.1393142053275369) - actor/kl_coef:np.float64(0.0010000000000000005) - actor/loss:np.float64(0.037763096392154694) - actor/grad_norm:np.float64(0.37518569827079773) - actor/perf/max_memory_allocated_gb:np.float64(20.273035049438477) - actor/perf/max_memory_reserved_gb:np.float64(34.158203125) - actor/perf/cpu_memory_used_gb:np.float64(108.68567848205566) - actor/lr:np.float64(1e-06) - perf/mfu/actor:np.float64(0.022010045839632234) - training/global_step:75 - training/epoch:0 - critic/score/mean:0.9375 - critic/score/max:1.0 - critic/score/min:0.0 - critic/rewards/mean:0.9375 - critic/rewards/max:1.0 - critic/rewards/min:0.0 - critic/advantages/mean:-0.036946654319763184 - critic/advantages/max:2.4748666286468506 - critic/advantages/min:-2.4748666286468506 - critic/returns/mean:-0.036946654319763184 - critic/returns/max:2.4748666286468506 - critic/returns/min:-2.4748666286468506 - response_length/mean:349.189453125 - response_length/max:1024.0 - response_length/min:105.0 - response_length/clip_ratio:0.0234375 - response_length_non_aborted/mean:349.189453125 - response_length_non_aborted/max:1024.0 - response_length_non_aborted/min:105.0 - response_length_non_aborted/clip_ratio:0.0234375 - response/aborted_ratio:0.0 - prompt_length/mean:85.671875 - prompt_length/max:149.0 - prompt_length/min:53.0 - prompt_length/clip_ratio:0.0 - num_turns/min:np.int32(2) - num_turns/max:np.int32(2) - num_turns/mean:np.float64(2.0) - timing_s/start_profile:9.023770689964294e-05 - timing_s/agent_loop/num_preempted/min:np.int64(-1) - timing_s/agent_loop/num_preempted/max:np.int64(-1) - timing_s/agent_loop/num_preempted/mean:np.float64(-1.0) - timing_s/agent_loop/generate_sequences/min:np.float64(2.667760994285345) - timing_s/agent_loop/generate_sequences/max:np.float64(18.919700890779495) - timing_s/agent_loop/generate_sequences/mean:np.float64(8.07654320335132) - timing_s/agent_loop/tool_calls/min:np.float64(0.0) - timing_s/agent_loop/tool_calls/max:np.float64(0.0) - timing_s/agent_loop/tool_calls/mean:np.float64(0.0) - timing_s/agent_loop/compute_score/min:np.float64(0.006804972887039185) - timing_s/agent_loop/compute_score/max:np.float64(0.02658410742878914) - timing_s/agent_loop/compute_score/mean:np.float64(0.010733992014138494) - timing_s/agent_loop/slowest/generate_sequences:np.float64(18.919700890779495) - timing_s/agent_loop/slowest/tool_calls:np.float64(0.0) - timing_s/agent_loop/slowest/compute_score:np.float64(0.010816898196935654) - timing_s/agent_loop/slowest/num_preempted:np.int64(-1) - timing_s/agent_loop/slowest/prompt_length:77 - timing_s/agent_loop/slowest/response_length:1024 - timing_s/gen:19.989433247596025 - timing_s/reward:3.149360418319702e-05 - timing_s/old_log_prob:45.03457476571202 - timing_s/ref:63.769374426454306 - timing_s/adv:0.01858258992433548 - timing_s/update_actor:188.70051642879844 - timing_s/update_weights:4.492424510419369 - timing_s/step:322.1543478369713 - timing_s/stop_profile:4.7709792852401733e-05 - timing_per_token_ms/gen:0.11180710488909039 - timing_per_token_ms/update_actor:0.8475246528338256 - timing_per_token_ms/ref:0.28641213042256786 - timing_per_token_ms/adv:8.346136710398646e-05 - perf/total_num_tokens:222649 - perf/time_per_step:322.1543478369713 - perf/throughput:172.78130925046003
[36m(TaskRunner pid=2033431)[0m step:76 - global_seqlen/min:51014 - global_seqlen/max:61629 - global_seqlen/minmax_diff:10615 - global_seqlen/balanced_min:54065 - global_seqlen/balanced_max:54071 - global_seqlen/mean:54068.0 - actor/entropy:0.08409653604030609 - perf/mfu/actor_infer:0.030138765976855945 - actor/pg_clipfrac:np.float64(0.0002391551038272155) - actor/ppo_kl:np.float64(5.305638327612883e-05) - actor/pg_clipfrac_lower:np.float64(0.0) - actor/pg_loss:np.float64(0.0012380674597807229) - actor/kl_loss:np.float64(0.14570449173334055) - actor/kl_coef:np.float64(0.0010000000000000005) - actor/loss:np.float64(0.0013837716542184353) - actor/grad_norm:np.float64(0.3186841905117035) - actor/perf/max_memory_allocated_gb:np.float64(20.273035049438477) - actor/perf/max_memory_reserved_gb:np.float64(34.158203125) - actor/perf/cpu_memory_used_gb:np.float64(109.19354820251465) - actor/lr:np.float64(1e-06) - perf/mfu/actor:np.float64(0.021398696432392287) - training/global_step:76 - training/epoch:0 - critic/score/mean:0.955078125 - critic/score/max:1.0 - critic/score/min:0.0 - critic/rewards/mean:0.955078125 - critic/rewards/max:1.0 - critic/rewards/min:0.0 - critic/advantages/mean:-0.0011874642223119736 - critic/advantages/max:1.20761239528656 - critic/advantages/min:-2.4748666286468506 - critic/returns/mean:-0.0011874642223119736 - critic/returns/max:1.20761239528656 - critic/returns/min:-2.4748666286468506 - response_length/mean:335.421875 - response_length/max:1024.0 - response_length/min:124.0 - response_length/clip_ratio:0.001953125 - response_length_non_aborted/mean:335.421875 - response_length_non_aborted/max:1024.0 - response_length_non_aborted/min:124.0 - response_length_non_aborted/clip_ratio:0.001953125 - response/aborted_ratio:0.0 - prompt_length/mean:86.984375 - prompt_length/max:150.0 - prompt_length/min:50.0 - prompt_length/clip_ratio:0.0 - num_turns/min:np.int32(2) - num_turns/max:np.int32(2) - num_turns/mean:np.float64(2.0) - timing_s/start_profile:7.693096995353699e-05 - timing_s/agent_loop/num_preempted/min:np.int64(-1) - timing_s/agent_loop/num_preempted/max:np.int64(-1) - timing_s/agent_loop/num_preempted/mean:np.float64(-1.0) - timing_s/agent_loop/generate_sequences/min:np.float64(3.091480813920498) - timing_s/agent_loop/generate_sequences/max:np.float64(18.363749612122774) - timing_s/agent_loop/generate_sequences/mean:np.float64(7.801625937921926) - timing_s/agent_loop/tool_calls/min:np.float64(0.0) - timing_s/agent_loop/tool_calls/max:np.float64(0.0) - timing_s/agent_loop/tool_calls/mean:np.float64(0.0) - timing_s/agent_loop/compute_score/min:np.float64(0.006063628941774368) - timing_s/agent_loop/compute_score/max:np.float64(0.027463745325803757) - timing_s/agent_loop/compute_score/mean:np.float64(0.010305843490641564) - timing_s/agent_loop/slowest/generate_sequences:np.float64(18.363749612122774) - timing_s/agent_loop/slowest/tool_calls:np.float64(0.0) - timing_s/agent_loop/slowest/compute_score:np.float64(0.011541198939085007) - timing_s/agent_loop/slowest/num_preempted:np.int64(-1) - timing_s/agent_loop/slowest/prompt_length:99 - timing_s/agent_loop/slowest/response_length:1024 - timing_s/gen:19.326297286897898 - timing_s/reward:2.0738691091537476e-05 - timing_s/old_log_prob:45.00904359668493 - timing_s/ref:63.96154003217816 - timing_s/adv:0.017387419939041138 - timing_s/update_actor:188.38142525032163 - timing_s/update_weights:4.531907137483358 - timing_s/step:321.37606060132384 - timing_s/stop_profile:0.00017335638403892517 - timing_per_token_ms/gen:0.11253492154759571 - timing_per_token_ms/update_actor:0.8710393636269218 - timing_per_token_ms/ref:0.2957458202272054 - timing_per_token_ms/adv:8.039607503070734e-05 - perf/total_num_tokens:216272 - perf/time_per_step:321.37606060132384 - perf/throughput:168.2390402658924
[36m(TaskRunner pid=2033431)[0m step:77 - global_seqlen/min:47866 - global_seqlen/max:55414 - global_seqlen/minmax_diff:7548 - global_seqlen/balanced_min:50330 - global_seqlen/balanced_max:50331 - global_seqlen/mean:50330.5 - actor/entropy:0.0778486430644989 - perf/mfu/actor_infer:0.028158684580057824 - actor/pg_clipfrac:np.float64(0.00020741110938615748) - actor/ppo_kl:np.float64(3.507908431643614e-05) - actor/pg_clipfrac_lower:np.float64(0.0) - actor/pg_loss:np.float64(0.001263042213395238) - actor/kl_loss:np.float64(0.15738348475133535) - actor/kl_coef:np.float64(0.0010000000000000005) - actor/loss:np.float64(0.0014204271137714386) - actor/grad_norm:np.float64(0.30814899504184723) - actor/perf/max_memory_allocated_gb:np.float64(20.273035049438477) - actor/perf/max_memory_reserved_gb:np.float64(34.158203125) - actor/perf/cpu_memory_used_gb:np.float64(109.05558586120605) - actor/lr:np.float64(1e-06) - perf/mfu/actor:np.float64(0.0198722609739553) - training/global_step:77 - training/epoch:0 - critic/score/mean:0.91015625 - critic/score/max:1.0 - critic/score/min:0.0 - critic/rewards/mean:0.91015625 - critic/rewards/max:1.0 - critic/rewards/min:0.0 - critic/advantages/mean:-0.0013193576596677303 - critic/advantages/max:2.4748666286468506 - critic/advantages/min:-2.4748666286468506 - critic/returns/mean:-0.0013193576596677303 - critic/returns/max:2.4748666286468506 - critic/returns/min:-2.4748666286468506 - response_length/mean:307.69140625 - response_length/max:909.0 - response_length/min:109.0 - response_length/clip_ratio:0.0 - response_length_non_aborted/mean:307.69140625 - response_length_non_aborted/max:909.0 - response_length_non_aborted/min:109.0 - response_length_non_aborted/clip_ratio:0.0 - response/aborted_ratio:0.0 - prompt_length/mean:85.515625 - prompt_length/max:150.0 - prompt_length/min:52.0 - prompt_length/clip_ratio:0.0 - num_turns/min:np.int32(2) - num_turns/max:np.int32(2) - num_turns/mean:np.float64(2.0) - timing_s/start_profile:0.00010392069816589355 - timing_s/agent_loop/num_preempted/min:np.int64(-1) - timing_s/agent_loop/num_preempted/max:np.int64(-1) - timing_s/agent_loop/num_preempted/mean:np.float64(-1.0) - timing_s/agent_loop/generate_sequences/min:np.float64(2.6292958930134773) - timing_s/agent_loop/generate_sequences/max:np.float64(15.813304711133242) - timing_s/agent_loop/generate_sequences/mean:np.float64(7.1417200496725854) - timing_s/agent_loop/tool_calls/min:np.float64(0.0) - timing_s/agent_loop/tool_calls/max:np.float64(0.0) - timing_s/agent_loop/tool_calls/mean:np.float64(0.0) - timing_s/agent_loop/compute_score/min:np.float64(0.007005542516708374) - timing_s/agent_loop/compute_score/max:np.float64(0.027110856026411057) - timing_s/agent_loop/compute_score/mean:np.float64(0.0107666270196205) - timing_s/agent_loop/slowest/generate_sequences:np.float64(15.813304711133242) - timing_s/agent_loop/slowest/tool_calls:np.float64(0.0) - timing_s/agent_loop/slowest/compute_score:np.float64(0.011066343635320663) - timing_s/agent_loop/slowest/num_preempted:np.int64(-1) - timing_s/agent_loop/slowest/prompt_length:111 - timing_s/agent_loop/slowest/response_length:909 - timing_s/gen:16.800247706472874 - timing_s/reward:2.5041401386260986e-05 - timing_s/old_log_prob:45.056041579693556 - timing_s/ref:63.80006876960397 - timing_s/adv:0.01671663671731949 - timing_s/update_actor:188.56352737545967 - timing_s/update_weights:4.551839396357536 - timing_s/step:318.93337735533714 - timing_s/stop_profile:0.00014966726303100586 - timing_per_token_ms/gen:0.1066425097847686 - timing_per_token_ms/update_actor:0.9366265354777902 - timing_per_token_ms/ref:0.3169055978462561 - timing_per_token_ms/adv:8.303432668719508e-05 - perf/total_num_tokens:201322 - perf/time_per_step:318.93337735533714 - perf/throughput:157.8088201910729
[36m(TaskRunner pid=2033431)[0m step:78 - global_seqlen/min:48750 - global_seqlen/max:58264 - global_seqlen/minmax_diff:9514 - global_seqlen/balanced_min:53515 - global_seqlen/balanced_max:53516 - global_seqlen/mean:53515.5 - actor/entropy:0.09606263041496277 - perf/mfu/actor_infer:0.029877193451697866 - actor/pg_clipfrac:np.float64(0.00026077994698425755) - actor/ppo_kl:np.float64(0.00018610564387699924) - actor/pg_clipfrac_lower:np.float64(0.0) - actor/pg_loss:np.float64(-0.0011398500064387918) - actor/kl_loss:np.float64(0.15144377257092856) - actor/kl_coef:np.float64(0.0010000000000000005) - actor/loss:np.float64(-0.0009884056635200977) - actor/grad_norm:np.float64(0.2883400097489357) - actor/perf/max_memory_allocated_gb:np.float64(20.273035049438477) - actor/perf/max_memory_reserved_gb:np.float64(34.158203125) - actor/perf/cpu_memory_used_gb:np.float64(109.4553279876709) - actor/lr:np.float64(1e-06) - perf/mfu/actor:np.float64(0.021118147375986378) - training/global_step:78 - training/epoch:0 - critic/score/mean:0.93359375 - critic/score/max:1.0 - critic/score/min:0.0 - critic/rewards/mean:0.93359375 - critic/rewards/max:1.0 - critic/rewards/min:0.0 - critic/advantages/mean:0.001136286766268313 - critic/advantages/max:2.4748666286468506 - critic/advantages/min:-2.4748666286468506 - critic/returns/mean:0.001136286766268313 - critic/returns/max:2.4748666286468506 - critic/returns/min:-2.4748666286468506 - response_length/mean:334.44921875 - response_length/max:1024.0 - response_length/min:112.0 - response_length/clip_ratio:0.013671875 - response_length_non_aborted/mean:334.44921875 - response_length_non_aborted/max:1024.0 - response_length_non_aborted/min:112.0 - response_length_non_aborted/clip_ratio:0.013671875 - response/aborted_ratio:0.0 - prompt_length/mean:83.640625 - prompt_length/max:165.0 - prompt_length/min:49.0 - prompt_length/clip_ratio:0.0 - num_turns/min:np.int32(2) - num_turns/max:np.int32(2) - num_turns/mean:np.float64(2.0) - timing_s/start_profile:8.142739534378052e-05 - timing_s/agent_loop/num_preempted/min:np.int64(-1) - timing_s/agent_loop/num_preempted/max:np.int64(-1) - timing_s/agent_loop/num_preempted/mean:np.float64(-1.0) - timing_s/agent_loop/generate_sequences/min:np.float64(2.7558440566062927) - timing_s/agent_loop/generate_sequences/max:np.float64(18.677445087581873) - timing_s/agent_loop/generate_sequences/mean:np.float64(7.689313045826566) - timing_s/agent_loop/tool_calls/min:np.float64(0.0) - timing_s/agent_loop/tool_calls/max:np.float64(0.0) - timing_s/agent_loop/tool_calls/mean:np.float64(0.0) - timing_s/agent_loop/compute_score/min:np.float64(0.0067779384553432465) - timing_s/agent_loop/compute_score/max:np.float64(0.02081211656332016) - timing_s/agent_loop/compute_score/mean:np.float64(0.01065886363358004) - timing_s/agent_loop/slowest/generate_sequences:np.float64(18.667337752878666) - timing_s/agent_loop/slowest/tool_calls:np.float64(0.0) - timing_s/agent_loop/slowest/compute_score:np.float64(0.02081211656332016) - timing_s/agent_loop/slowest/num_preempted:np.int64(-1) - timing_s/agent_loop/slowest/prompt_length:81 - timing_s/agent_loop/slowest/response_length:1024 - timing_s/gen:19.684412632137537 - timing_s/reward:1.8153339624404907e-05 - timing_s/old_log_prob:45.13653092831373 - timing_s/ref:63.86364246532321 - timing_s/adv:0.017183706164360046 - timing_s/update_actor:188.98158355802298 - timing_s/update_weights:4.565380483865738 - timing_s/step:322.37518560141325 - timing_s/stop_profile:0.00016857311129570007 - timing_per_token_ms/gen:0.11495353036205479 - timing_per_token_ms/update_actor:0.8828357371136539 - timing_per_token_ms/ref:0.2983418003444012 - timing_per_token_ms/adv:8.02744352774432e-05 - perf/total_num_tokens:214062 - perf/time_per_step:322.37518560141325 - perf/throughput:166.00378189829695
[36m(TaskRunner pid=2033431)[0m step:79 - global_seqlen/min:50780 - global_seqlen/max:55297 - global_seqlen/minmax_diff:4517 - global_seqlen/balanced_min:52011 - global_seqlen/balanced_max:52012 - global_seqlen/mean:52011.5 - actor/entropy:0.08824411779642105 - perf/mfu/actor_infer:0.029087252214231373 - actor/pg_clipfrac:np.float64(0.0002963964163882338) - actor/ppo_kl:np.float64(-7.848188104020437e-05) - actor/pg_clipfrac_lower:np.float64(0.0) - actor/pg_loss:np.float64(-0.001059368223650381) - actor/kl_loss:np.float64(0.1623963063757401) - actor/kl_coef:np.float64(0.0010000000000000005) - actor/loss:np.float64(-0.0008969721384346485) - actor/grad_norm:np.float64(0.29387427866458893) - actor/perf/max_memory_allocated_gb:np.float64(20.273035049438477) - actor/perf/max_memory_reserved_gb:np.float64(34.158203125) - actor/perf/cpu_memory_used_gb:np.float64(108.71004104614258) - actor/lr:np.float64(1e-06) - perf/mfu/actor:np.float64(0.020631880286198105) - training/global_step:79 - training/epoch:0 - critic/score/mean:0.943359375 - critic/score/max:1.0 - critic/score/min:0.0 - critic/rewards/mean:0.943359375 - critic/rewards/max:1.0 - critic/rewards/min:0.0 - critic/advantages/mean:0.0012070166412740946 - critic/advantages/max:2.4748666286468506 - critic/advantages/min:-1.20761239528656 - critic/returns/mean:0.0012070166412740946 - critic/returns/max:2.4748666286468506 - critic/returns/min:-1.20761239528656 - response_length/mean:320.77734375 - response_length/max:1024.0 - response_length/min:120.0 - response_length/clip_ratio:0.001953125 - response_length_non_aborted/mean:320.77734375 - response_length_non_aborted/max:1024.0 - response_length_non_aborted/min:120.0 - response_length_non_aborted/clip_ratio:0.001953125 - response/aborted_ratio:0.0 - prompt_length/mean:85.5625 - prompt_length/max:196.0 - prompt_length/min:48.0 - prompt_length/clip_ratio:0.0 - num_turns/min:np.int32(2) - num_turns/max:np.int32(2) - num_turns/mean:np.float64(2.0) - timing_s/start_profile:9.646639227867126e-05 - timing_s/agent_loop/num_preempted/min:np.int64(-1) - timing_s/agent_loop/num_preempted/max:np.int64(-1) - timing_s/agent_loop/num_preempted/mean:np.float64(-1.0) - timing_s/agent_loop/generate_sequences/min:np.float64(3.014333736151457) - timing_s/agent_loop/generate_sequences/max:np.float64(18.005302224308252) - timing_s/agent_loop/generate_sequences/mean:np.float64(7.543031519300712) - timing_s/agent_loop/tool_calls/min:np.float64(0.0) - timing_s/agent_loop/tool_calls/max:np.float64(0.0) - timing_s/agent_loop/tool_calls/mean:np.float64(0.0) - timing_s/agent_loop/compute_score/min:np.float64(0.006367575377225876) - timing_s/agent_loop/compute_score/max:np.float64(0.025397256016731262) - timing_s/agent_loop/compute_score/mean:np.float64(0.010584555820969399) - timing_s/agent_loop/slowest/generate_sequences:np.float64(18.005302224308252) - timing_s/agent_loop/slowest/tool_calls:np.float64(0.0) - timing_s/agent_loop/slowest/compute_score:np.float64(0.01218278706073761) - timing_s/agent_loop/slowest/num_preempted:np.int64(-1) - timing_s/agent_loop/slowest/prompt_length:124 - timing_s/agent_loop/slowest/response_length:1024 - timing_s/gen:19.001784533262253 - timing_s/reward:2.5272369384765625e-05 - timing_s/old_log_prob:44.74923161417246 - timing_s/ref:64.22537446767092 - timing_s/adv:0.01680615171790123 - timing_s/update_actor:187.78108455240726 - timing_s/update_weights:4.567956194281578 - timing_s/step:320.4870473667979 - timing_s/stop_profile:0.00016433745622634888 - timing_per_token_ms/gen:0.11569663861750784 - timing_per_token_ms/update_actor:0.90259406358405 - timing_per_token_ms/ref:0.308707566921118 - timing_per_token_ms/adv:8.078094132019472e-05 - perf/total_num_tokens:208046 - perf/time_per_step:320.4870473667979 - perf/throughput:162.2889300124281
[36m(TaskRunner pid=2033431)[0m local_global_step_folder: checkpoints/grpo_rlvr_math/qwen3_4b_gsm8k/global_step_80
[36m(TaskRunner pid=2033431)[0m test_gen_batch meta info: {'eos_token_id': 151645, 'pad_token_id': 151643, 'recompute_log_prob': False, 'do_sample': False, 'validate': True, 'global_steps': 80}
[36m(TaskRunner pid=2033431)[0m validation generation end
[36m(TaskRunner pid=2033431)[0m step:80 - global_seqlen/min:44994 - global_seqlen/max:60711 - global_seqlen/minmax_diff:15717 - global_seqlen/balanced_min:54746 - global_seqlen/balanced_max:54746 - global_seqlen/mean:54746.0 - actor/entropy:0.09648443758487701 - perf/mfu/actor_infer:0.0305723897386667 - actor/pg_clipfrac:np.float64(0.0005729864647037175) - actor/ppo_kl:np.float64(-8.135624990046608e-05) - actor/pg_clipfrac_lower:np.float64(0.0) - actor/pg_loss:np.float64(0.037552531095570885) - actor/kl_loss:np.float64(0.14798287383746356) - actor/kl_coef:np.float64(0.0010000000000000005) - actor/loss:np.float64(0.03770051710307598) - actor/grad_norm:np.float64(0.45789051055908203) - actor/perf/max_memory_allocated_gb:np.float64(20.273035049438477) - actor/perf/max_memory_reserved_gb:np.float64(34.158203125) - actor/perf/cpu_memory_used_gb:np.float64(108.8195915222168) - actor/lr:np.float64(1e-06) - perf/mfu/actor:np.float64(0.021619964116574734) - val-aux/openai/gsm8k/reward/mean@1:np.float64(0.9370735405610311) - val-core/openai/gsm8k/acc/mean@1:np.float64(0.9370735405610311) - val-aux/num_turns/min:np.int32(2) - val-aux/num_turns/max:np.int32(2) - val-aux/num_turns/mean:np.float64(2.0) - training/global_step:80 - training/epoch:0 - critic/score/mean:0.94140625 - critic/score/max:1.0 - critic/score/min:0.0 - critic/rewards/mean:0.94140625 - critic/rewards/max:1.0 - critic/rewards/min:0.0 - critic/advantages/mean:-0.03748151287436485 - critic/advantages/max:2.4748666286468506 - critic/advantages/min:-2.4748666286468506 - critic/returns/mean:-0.03748151287436485 - critic/returns/max:2.4748666286468506 - critic/returns/min:-2.4748666286468506 - response_length/mean:346.40625 - response_length/max:1024.0 - response_length/min:128.0 - response_length/clip_ratio:0.01171875 - response_length_non_aborted/mean:346.40625 - response_length_non_aborted/max:1024.0 - response_length_non_aborted/min:128.0 - response_length_non_aborted/clip_ratio:0.01171875 - response/aborted_ratio:0.0 - prompt_length/mean:81.296875 - prompt_length/max:178.0 - prompt_length/min:49.0 - prompt_length/clip_ratio:0.0 - num_turns/min:np.int32(2) - num_turns/max:np.int32(2) - num_turns/mean:np.float64(2.0) - timing_s/start_profile:8.869916200637817e-05 - timing_s/agent_loop/num_preempted/min:np.int64(-1) - timing_s/agent_loop/num_preempted/max:np.int64(-1) - timing_s/agent_loop/num_preempted/mean:np.float64(-1.0) - timing_s/agent_loop/generate_sequences/min:np.float64(3.2130432911217213) - timing_s/agent_loop/generate_sequences/max:np.float64(19.3211131952703) - timing_s/agent_loop/generate_sequences/mean:np.float64(8.106645541054604) - timing_s/agent_loop/tool_calls/min:np.float64(0.0) - timing_s/agent_loop/tool_calls/max:np.float64(0.0) - timing_s/agent_loop/tool_calls/mean:np.float64(0.0) - timing_s/agent_loop/compute_score/min:np.float64(0.007140107452869415) - timing_s/agent_loop/compute_score/max:np.float64(0.023098886013031006) - timing_s/agent_loop/compute_score/mean:np.float64(0.010472961490449961) - timing_s/agent_loop/slowest/generate_sequences:np.float64(19.3211131952703) - timing_s/agent_loop/slowest/tool_calls:np.float64(0.0) - timing_s/agent_loop/slowest/compute_score:np.float64(0.0105072520673275) - timing_s/agent_loop/slowest/num_preempted:np.int64(-1) - timing_s/agent_loop/slowest/prompt_length:109 - timing_s/agent_loop/slowest/response_length:1024 - timing_s/gen:20.379950024187565 - timing_s/reward:2.5991350412368774e-05 - timing_s/old_log_prob:44.93209121748805 - timing_s/ref:64.87674176692963 - timing_s/adv:0.017061080783605576 - timing_s/update_actor:188.8941251859069 - timing_s/save_checkpoint:230.16351883858442 - timing_s/update_weights:4.823260672390461 - timing_s/step:554.2375374026597 - timing_s/testing:29.326132003217936 - timing_s/stop_profile:0.00011398643255233765 - timing_per_token_ms/gen:0.11490725092573052 - timing_per_token_ms/update_actor:0.862593272503502 - timing_per_token_ms/ref:0.2962624747329925 - timing_per_token_ms/adv:7.791017053120582e-05 - perf/total_num_tokens:218984 - perf/time_per_step:554.2375374026597 - perf/throughput:98.77714211952849
[36m(TaskRunner pid=2033431)[0m step:81 - global_seqlen/min:45839 - global_seqlen/max:49266 - global_seqlen/minmax_diff:3427 - global_seqlen/balanced_min:47547 - global_seqlen/balanced_max:47551 - global_seqlen/mean:47550.0 - actor/entropy:0.07680614292621613 - perf/mfu/actor_infer:0.026656877452070862 - actor/pg_clipfrac:np.float64(5.2664410759462044e-05) - actor/ppo_kl:np.float64(0.00010828158077558214) - actor/pg_clipfrac_lower:np.float64(0.0) - actor/pg_loss:np.float64(0.00026491182507015765) - actor/kl_loss:np.float64(0.1584611682628747) - actor/kl_coef:np.float64(0.0010000000000000005) - actor/loss:np.float64(0.0004233729559928179) - actor/grad_norm:np.float64(0.0919684674590826) - actor/perf/max_memory_allocated_gb:np.float64(20.273035049438477) - actor/perf/max_memory_reserved_gb:np.float64(34.158203125) - actor/perf/cpu_memory_used_gb:np.float64(109.1032543182373) - actor/lr:np.float64(1e-06) - perf/mfu/actor:np.float64(0.018715415074704644) - training/global_step:81 - training/epoch:0 - critic/score/mean:0.951171875 - critic/score/max:1.0 - critic/score/min:0.0 - critic/rewards/mean:0.951171875 - critic/rewards/max:1.0 - critic/rewards/min:0.0 - critic/advantages/mean:-0.0002989901986438781 - critic/advantages/max:0.35355237126350403 - critic/advantages/min:-2.4748666286468506 - critic/returns/mean:-0.0002989901986438781 - critic/returns/max:0.35355237126350403 - critic/returns/min:-2.4748666286468506 - response_length/mean:293.3125 - response_length/max:771.0 - response_length/min:125.0 - response_length/clip_ratio:0.0 - response_length_non_aborted/mean:293.3125 - response_length_non_aborted/max:771.0 - response_length_non_aborted/min:125.0 - response_length_non_aborted/clip_ratio:0.0 - response/aborted_ratio:0.0 - prompt_length/mean:78.171875 - prompt_length/max:136.0 - prompt_length/min:48.0 - prompt_length/clip_ratio:0.0 - num_turns/min:np.int32(2) - num_turns/max:np.int32(2) - num_turns/mean:np.float64(2.0) - timing_s/start_profile:0.0001516193151473999 - timing_s/agent_loop/num_preempted/min:np.int64(-1) - timing_s/agent_loop/num_preempted/max:np.int64(-1) - timing_s/agent_loop/num_preempted/mean:np.float64(-1.0) - timing_s/agent_loop/generate_sequences/min:np.float64(3.0527834743261337) - timing_s/agent_loop/generate_sequences/max:np.float64(14.120907444506884) - timing_s/agent_loop/generate_sequences/mean:np.float64(6.857785531341506) - timing_s/agent_loop/tool_calls/min:np.float64(0.0) - timing_s/agent_loop/tool_calls/max:np.float64(0.0) - timing_s/agent_loop/tool_calls/mean:np.float64(0.0) - timing_s/agent_loop/compute_score/min:np.float64(0.007042594254016876) - timing_s/agent_loop/compute_score/max:np.float64(0.023439522832632065) - timing_s/agent_loop/compute_score/mean:np.float64(0.010347695955715608) - timing_s/agent_loop/slowest/generate_sequences:np.float64(14.120907444506884) - timing_s/agent_loop/slowest/tool_calls:np.float64(0.0) - timing_s/agent_loop/slowest/compute_score:np.float64(0.011089671403169632) - timing_s/agent_loop/slowest/num_preempted:np.int64(-1) - timing_s/agent_loop/slowest/prompt_length:106 - timing_s/agent_loop/slowest/response_length:771 - timing_s/gen:15.17383038252592 - timing_s/reward:2.644956111907959e-05 - timing_s/old_log_prob:44.72054809704423 - timing_s/ref:63.87914287298918 - timing_s/adv:0.016918092966079712 - timing_s/update_actor:189.36689846217632 - timing_s/update_weights:4.571590173989534 - timing_s/step:317.89191173389554 - timing_s/stop_profile:0.0001629665493965149 - timing_per_token_ms/gen:0.10104031524694972 - timing_per_token_ms/update_actor:0.9956198657317367 - timing_per_token_ms/ref:0.33585248618816604 - timing_per_token_ms/adv:8.894896406981972e-05 - perf/total_num_tokens:190200 - perf/time_per_step:317.89191173389554 - perf/throughput:149.57914386888734
[36m(TaskRunner pid=2033431)[0m step:82 - global_seqlen/min:49862 - global_seqlen/max:54365 - global_seqlen/minmax_diff:4503 - global_seqlen/balanced_min:51962 - global_seqlen/balanced_max:51969 - global_seqlen/mean:51964.5 - actor/entropy:0.08768004179000854 - perf/mfu/actor_infer:0.02910568414335363 - actor/pg_clipfrac:np.float64(0.00017768383759175777) - actor/ppo_kl:np.float64(7.680589349412514e-05) - actor/pg_clipfrac_lower:np.float64(0.0) - actor/pg_loss:np.float64(0.0021102490718476474) - actor/kl_loss:np.float64(0.1608347838919144) - actor/kl_coef:np.float64(0.0010000000000000005) - actor/loss:np.float64(0.002271082252264023) - actor/grad_norm:np.float64(0.2915426790714264) - actor/perf/max_memory_allocated_gb:np.float64(20.273035049438477) - actor/perf/max_memory_reserved_gb:np.float64(34.158203125) - actor/perf/cpu_memory_used_gb:np.float64(109.38494873046875) - actor/lr:np.float64(1e-06) - perf/mfu/actor:np.float64(0.02052218866549528) - training/global_step:82 - training/epoch:0 - critic/score/mean:0.923828125 - critic/score/max:1.0 - critic/score/min:0.0 - critic/rewards/mean:0.923828125 - critic/rewards/max:1.0 - critic/rewards/min:0.0 - critic/advantages/mean:-0.002058156067505479 - critic/advantages/max:2.4748666286468506 - critic/advantages/min:-2.4748666286468506 - critic/returns/mean:-0.002058156067505479 - critic/returns/max:2.4748666286468506 - critic/returns/min:-2.4748666286468506 - response_length/mean:323.56640625 - response_length/max:1024.0 - response_length/min:121.0 - response_length/clip_ratio:0.013671875 - response_length_non_aborted/mean:323.56640625 - response_length_non_aborted/max:1024.0 - response_length_non_aborted/min:121.0 - response_length_non_aborted/clip_ratio:0.013671875 - response/aborted_ratio:0.0 - prompt_length/mean:82.40625 - prompt_length/max:156.0 - prompt_length/min:54.0 - prompt_length/clip_ratio:0.0 - num_turns/min:np.int32(2) - num_turns/max:np.int32(2) - num_turns/mean:np.float64(2.0) - timing_s/start_profile:0.00010200589895248413 - timing_s/agent_loop/num_preempted/min:np.int64(-1) - timing_s/agent_loop/num_preempted/max:np.int64(-1) - timing_s/agent_loop/num_preempted/mean:np.float64(-1.0) - timing_s/agent_loop/generate_sequences/min:np.float64(2.9918088018894196) - timing_s/agent_loop/generate_sequences/max:np.float64(18.264293279498816) - timing_s/agent_loop/generate_sequences/mean:np.float64(7.591087731394509) - timing_s/agent_loop/tool_calls/min:np.float64(0.0) - timing_s/agent_loop/tool_calls/max:np.float64(0.0) - timing_s/agent_loop/tool_calls/mean:np.float64(0.0) - timing_s/agent_loop/compute_score/min:np.float64(0.007329214364290237) - timing_s/agent_loop/compute_score/max:np.float64(0.028410326689481735) - timing_s/agent_loop/compute_score/mean:np.float64(0.010905732087849174) - timing_s/agent_loop/slowest/generate_sequences:np.float64(18.264293279498816) - timing_s/agent_loop/slowest/tool_calls:np.float64(0.0) - timing_s/agent_loop/slowest/compute_score:np.float64(0.009502217173576355) - timing_s/agent_loop/slowest/num_preempted:np.int64(-1) - timing_s/agent_loop/slowest/prompt_length:142 - timing_s/agent_loop/slowest/response_length:1024 - timing_s/gen:19.203736498951912 - timing_s/reward:2.4370849132537842e-05 - timing_s/old_log_prob:44.707311164587736 - timing_s/ref:63.8018606826663 - timing_s/adv:0.016735773533582687 - timing_s/update_actor:188.9836615137756 - timing_s/update_weights:4.566147591918707 - timing_s/step:321.42693342640996 - timing_s/stop_profile:0.00014009326696395874 - timing_per_token_ms/gen:0.11591839302543619 - timing_per_token_ms/update_actor:0.9091959968525416 - timing_per_token_ms/ref:0.30694926672375517 - timing_per_token_ms/adv:8.051541693647917e-05 - perf/total_num_tokens:207858 - perf/time_per_step:321.42693342640996 - perf/throughput:161.66815719534955
[36m(TaskRunner pid=2033431)[0m step:83 - global_seqlen/min:46996 - global_seqlen/max:59515 - global_seqlen/minmax_diff:12519 - global_seqlen/balanced_min:51834 - global_seqlen/balanced_max:51846 - global_seqlen/mean:51839.5 - actor/entropy:0.09429670125246048 - perf/mfu/actor_infer:0.02897941488691942 - actor/pg_clipfrac:np.float64(0.00011699390051944647) - actor/ppo_kl:np.float64(6.646960154199633e-05) - actor/pg_clipfrac_lower:np.float64(0.0) - actor/pg_loss:np.float64(0.01017429691273719) - actor/kl_loss:np.float64(0.1549340369820129) - actor/kl_coef:np.float64(0.0010000000000000005) - actor/loss:np.float64(0.010329230688512325) - actor/grad_norm:np.float64(0.25598061084747314) - actor/perf/max_memory_allocated_gb:np.float64(20.273035049438477) - actor/perf/max_memory_reserved_gb:np.float64(34.158203125) - actor/perf/cpu_memory_used_gb:np.float64(108.82025718688965) - actor/lr:np.float64(1e-06) - perf/mfu/actor:np.float64(0.02047906887639421) - training/global_step:83 - training/epoch:0 - critic/score/mean:0.94921875 - critic/score/max:1.0 - critic/score/min:0.0 - critic/rewards/mean:0.94921875 - critic/rewards/max:1.0 - critic/rewards/min:0.0 - critic/advantages/mean:-0.010302362963557243 - critic/advantages/max:1.20761239528656 - critic/advantages/min:-1.6201815605163574 - critic/returns/mean:-0.010302362963557243 - critic/returns/max:1.20761239528656 - critic/returns/min:-1.6201815605163574 - response_length/mean:325.04296875 - response_length/max:1024.0 - response_length/min:104.0 - response_length/clip_ratio:0.025390625 - response_length_non_aborted/mean:325.04296875 - response_length_non_aborted/max:1024.0 - response_length_non_aborted/min:104.0 - response_length_non_aborted/clip_ratio:0.025390625 - response/aborted_ratio:0.0 - prompt_length/mean:79.953125 - prompt_length/max:169.0 - prompt_length/min:53.0 - prompt_length/clip_ratio:0.0 - num_turns/min:np.int32(2) - num_turns/max:np.int32(2) - num_turns/mean:np.float64(2.0) - timing_s/start_profile:8.216500282287598e-05 - timing_s/agent_loop/num_preempted/min:np.int64(-1) - timing_s/agent_loop/num_preempted/max:np.int64(-1) - timing_s/agent_loop/num_preempted/mean:np.float64(-1.0) - timing_s/agent_loop/generate_sequences/min:np.float64(2.598437737673521) - timing_s/agent_loop/generate_sequences/max:np.float64(18.281330533325672) - timing_s/agent_loop/generate_sequences/mean:np.float64(7.537739908177173) - timing_s/agent_loop/tool_calls/min:np.float64(0.0) - timing_s/agent_loop/tool_calls/max:np.float64(0.0) - timing_s/agent_loop/tool_calls/mean:np.float64(0.0) - timing_s/agent_loop/compute_score/min:np.float64(0.007319517433643341) - timing_s/agent_loop/compute_score/max:np.float64(0.025459766387939453) - timing_s/agent_loop/compute_score/mean:np.float64(0.01064805117493961) - timing_s/agent_loop/slowest/generate_sequences:np.float64(18.281330533325672) - timing_s/agent_loop/slowest/tool_calls:np.float64(0.0) - timing_s/agent_loop/slowest/compute_score:np.float64(0.010246090590953827) - timing_s/agent_loop/slowest/num_preempted:np.int64(-1) - timing_s/agent_loop/slowest/prompt_length:110 - timing_s/agent_loop/slowest/response_length:1024 - timing_s/gen:19.258187778294086 - timing_s/reward:2.3536384105682373e-05 - timing_s/old_log_prob:44.87753468006849 - timing_s/ref:63.848812613636255 - timing_s/adv:0.01691851019859314 - timing_s/update_actor:188.71520487964153 - timing_s/update_weights:4.552928809076548 - timing_s/step:321.4263085871935 - timing_s/stop_profile:0.00018875300884246826 - timing_per_token_ms/gen:0.11571900216494266 - timing_per_token_ms/update_actor:0.9100936779851345 - timing_per_token_ms/ref:0.30791583933890304 - timing_per_token_ms/adv:8.159082455749544e-05 - perf/total_num_tokens:207358 - perf/time_per_step:321.4263085871935 - perf/throughput:161.27957984477638
[36m(TaskRunner pid=2033431)[0m step:84 - global_seqlen/min:49581 - global_seqlen/max:53484 - global_seqlen/minmax_diff:3903 - global_seqlen/balanced_min:51757 - global_seqlen/balanced_max:51758 - global_seqlen/mean:51757.5 - actor/entropy:0.0910625010728836 - perf/mfu/actor_infer:0.028891395538776395 - actor/pg_clipfrac:np.float64(0.00022668773317491286) - actor/ppo_kl:np.float64(6.848041914686576e-05) - actor/pg_clipfrac_lower:np.float64(0.0) - actor/pg_loss:np.float64(0.007234896125737578) - actor/kl_loss:np.float64(0.16078961454331875) - actor/kl_coef:np.float64(0.0010000000000000005) - actor/loss:np.float64(0.007395684719085693) - actor/grad_norm:np.float64(0.3252175748348236) - actor/perf/max_memory_allocated_gb:np.float64(20.273035049438477) - actor/perf/max_memory_reserved_gb:np.float64(34.158203125) - actor/perf/cpu_memory_used_gb:np.float64(108.83064270019531) - actor/lr:np.float64(1e-06) - perf/mfu/actor:np.float64(0.02043516289332766) - training/global_step:84 - training/epoch:0 - critic/score/mean:0.9609375 - critic/score/max:1.0 - critic/score/min:0.0 - critic/rewards/mean:0.9609375 - critic/rewards/max:1.0 - critic/rewards/min:0.0 - critic/advantages/mean:-0.007224832195788622 - critic/advantages/max:1.20761239528656 - critic/advantages/min:-2.4748666286468506 - critic/returns/mean:-0.007224832195788622 - critic/returns/max:1.20761239528656 - critic/returns/min:-2.4748666286468506 - response_length/mean:321.80859375 - response_length/max:1024.0 - response_length/min:124.0 - response_length/clip_ratio:0.009765625 - response_length_non_aborted/mean:321.80859375 - response_length_non_aborted/max:1024.0 - response_length_non_aborted/min:124.0 - response_length_non_aborted/clip_ratio:0.009765625 - response/aborted_ratio:0.0 - prompt_length/mean:82.546875 - prompt_length/max:142.0 - prompt_length/min:49.0 - prompt_length/clip_ratio:0.0 - num_turns/min:np.int32(2) - num_turns/max:np.int32(2) - num_turns/mean:np.float64(2.0) - timing_s/start_profile:8.364394307136536e-05 - timing_s/agent_loop/num_preempted/min:np.int64(-1) - timing_s/agent_loop/num_preempted/max:np.int64(-1) - timing_s/agent_loop/num_preempted/mean:np.float64(-1.0) - timing_s/agent_loop/generate_sequences/min:np.float64(3.1589237675070763) - timing_s/agent_loop/generate_sequences/max:np.float64(18.546028546988964) - timing_s/agent_loop/generate_sequences/mean:np.float64(7.434709647146519) - timing_s/agent_loop/tool_calls/min:np.float64(0.0) - timing_s/agent_loop/tool_calls/max:np.float64(0.0) - timing_s/agent_loop/tool_calls/mean:np.float64(0.0) - timing_s/agent_loop/compute_score/min:np.float64(0.0064134374260902405) - timing_s/agent_loop/compute_score/max:np.float64(0.025347907096147537) - timing_s/agent_loop/compute_score/mean:np.float64(0.010644744470482692) - timing_s/agent_loop/slowest/generate_sequences:np.float64(18.546028546988964) - timing_s/agent_loop/slowest/tool_calls:np.float64(0.0) - timing_s/agent_loop/slowest/compute_score:np.float64(0.012786813080310822) - timing_s/agent_loop/slowest/num_preempted:np.int64(-1) - timing_s/agent_loop/slowest/prompt_length:81 - timing_s/agent_loop/slowest/response_length:1024 - timing_s/gen:19.58232716843486 - timing_s/reward:2.9727816581726074e-05 - timing_s/old_log_prob:45.26299353688955 - timing_s/ref:63.846086606383324 - timing_s/adv:0.01738661155104637 - timing_s/update_actor:188.81070877239108 - timing_s/update_weights:4.56223713979125 - timing_s/step:322.23674488440156 - timing_s/stop_profile:0.00017952919006347656 - timing_per_token_ms/gen:0.11884932066345519 - timing_per_token_ms/update_actor:0.9119968544287836 - timing_per_token_ms/ref:0.3083905067206846 - timing_per_token_ms/adv:8.398112134012642e-05 - perf/total_num_tokens:207030 - perf/time_per_step:322.23674488440156 - perf/throughput:160.61948496459448
[36m(TaskRunner pid=2033431)[0m step:85 - global_seqlen/min:45121 - global_seqlen/max:55976 - global_seqlen/minmax_diff:10855 - global_seqlen/balanced_min:51435 - global_seqlen/balanced_max:51437 - global_seqlen/mean:51436.25 - actor/entropy:0.08116219937801361 - perf/mfu/actor_infer:0.028731569393222616 - actor/pg_clipfrac:np.float64(0.00017400711203663377) - actor/ppo_kl:np.float64(5.6984890008493494e-05) - actor/pg_clipfrac_lower:np.float64(0.0) - actor/pg_loss:np.float64(-0.0008278308669105172) - actor/kl_loss:np.float64(0.16236553550697863) - actor/kl_coef:np.float64(0.0010000000000000005) - actor/loss:np.float64(-0.0006654644384980202) - actor/grad_norm:np.float64(0.18966135382652283) - actor/perf/max_memory_allocated_gb:np.float64(20.273035049438477) - actor/perf/max_memory_reserved_gb:np.float64(34.158203125) - actor/perf/cpu_memory_used_gb:np.float64(109.05679512023926) - actor/lr:np.float64(1e-06) - perf/mfu/actor:np.float64(0.02035553934807042) - training/global_step:85 - training/epoch:0 - critic/score/mean:0.966796875 - critic/score/max:1.0 - critic/score/min:0.0 - critic/rewards/mean:0.966796875 - critic/rewards/max:1.0 - critic/rewards/min:0.0 - critic/advantages/mean:0.0008980461861938238 - critic/advantages/max:0.935412585735321 - critic/advantages/min:-2.4748666286468506 - critic/returns/mean:0.0008980461861938238 - critic/returns/max:0.935412585735321 - critic/returns/min:-2.4748666286468506 - response_length/mean:315.423828125 - response_length/max:799.0 - response_length/min:119.0 - response_length/clip_ratio:0.0 - response_length_non_aborted/mean:315.423828125 - response_length_non_aborted/max:799.0 - response_length_non_aborted/min:119.0 - response_length_non_aborted/clip_ratio:0.0 - response/aborted_ratio:0.0 - prompt_length/mean:86.421875 - prompt_length/max:145.0 - prompt_length/min:49.0 - prompt_length/clip_ratio:0.0 - num_turns/min:np.int32(2) - num_turns/max:np.int32(2) - num_turns/mean:np.float64(2.0) - timing_s/start_profile:0.00011538714170455933 - timing_s/agent_loop/num_preempted/min:np.int64(-1) - timing_s/agent_loop/num_preempted/max:np.int64(-1) - timing_s/agent_loop/num_preempted/mean:np.float64(-1.0) - timing_s/agent_loop/generate_sequences/min:np.float64(2.9109739288687706) - timing_s/agent_loop/generate_sequences/max:np.float64(14.836588140577078) - timing_s/agent_loop/generate_sequences/mean:np.float64(7.49361140352994) - timing_s/agent_loop/tool_calls/min:np.float64(0.0) - timing_s/agent_loop/tool_calls/max:np.float64(0.0) - timing_s/agent_loop/tool_calls/mean:np.float64(0.0) - timing_s/agent_loop/compute_score/min:np.float64(0.0071409642696380615) - timing_s/agent_loop/compute_score/max:np.float64(0.026481620967388153) - timing_s/agent_loop/compute_score/mean:np.float64(0.010770179069368169) - timing_s/agent_loop/slowest/generate_sequences:np.float64(14.836588140577078) - timing_s/agent_loop/slowest/tool_calls:np.float64(0.0) - timing_s/agent_loop/slowest/compute_score:np.float64(0.01100492849946022) - timing_s/agent_loop/slowest/num_preempted:np.int64(-1) - timing_s/agent_loop/slowest/prompt_length:105 - timing_s/agent_loop/slowest/response_length:799 - timing_s/gen:15.781206168234348 - timing_s/reward:2.8438866138458252e-05 - timing_s/old_log_prob:45.118487041443586 - timing_s/ref:63.77765343338251 - timing_s/adv:0.019549600780010223 - timing_s/update_actor:188.06733471527696 - timing_s/update_weights:5.3818073235452175 - timing_s/step:318.2888284921646 - timing_s/stop_profile:0.0001425519585609436 - timing_per_token_ms/gen:0.09771826206204666 - timing_per_token_ms/update_actor:0.9140797332390919 - timing_per_token_ms/ref:0.30998397741564804 - timing_per_token_ms/adv:9.501859476541459e-05 - perf/total_num_tokens:205745 - perf/time_per_step:318.2888284921646 - perf/throughput:161.6024358871465
[36m(TaskRunner pid=2033431)[0m step:86 - global_seqlen/min:52757 - global_seqlen/max:60023 - global_seqlen/minmax_diff:7266 - global_seqlen/balanced_min:55062 - global_seqlen/balanced_max:55064 - global_seqlen/mean:55062.75 - actor/entropy:0.08767973631620407 - perf/mfu/actor_infer:0.030749101687649483 - actor/pg_clipfrac:np.float64(0.0003023110905360227) - actor/ppo_kl:np.float64(-0.00011206458421630927) - actor/pg_clipfrac_lower:np.float64(0.0) - actor/pg_loss:np.float64(0.02472108881920576) - actor/kl_loss:np.float64(0.1584244983678218) - actor/kl_coef:np.float64(0.0010000000000000005) - actor/loss:np.float64(0.024879510514438152) - actor/grad_norm:np.float64(0.3619801998138428) - actor/perf/max_memory_allocated_gb:np.float64(20.273035049438477) - actor/perf/max_memory_reserved_gb:np.float64(34.158203125) - actor/perf/cpu_memory_used_gb:np.float64(108.77643585205078) - actor/lr:np.float64(1e-06) - perf/mfu/actor:np.float64(0.021788797880201688) - training/global_step:86 - training/epoch:0 - critic/score/mean:0.93359375 - critic/score/max:1.0 - critic/score/min:0.0 - critic/rewards/mean:0.93359375 - critic/rewards/max:1.0 - critic/rewards/min:0.0 - critic/advantages/mean:-0.025012120604515076 - critic/advantages/max:2.4748666286468506 - critic/advantages/min:-2.4748666286468506 - critic/returns/mean:-0.025012120604515076 - critic/returns/max:2.4748666286468506 - critic/returns/min:-2.4748666286468506 - response_length/mean:346.130859375 - response_length/max:1024.0 - response_length/min:142.0 - response_length/clip_ratio:0.005859375 - response_length_non_aborted/mean:346.130859375 - response_length_non_aborted/max:1024.0 - response_length_non_aborted/min:142.0 - response_length_non_aborted/clip_ratio:0.005859375 - response/aborted_ratio:0.0 - prompt_length/mean:84.046875 - prompt_length/max:163.0 - prompt_length/min:53.0 - prompt_length/clip_ratio:0.0 - num_turns/min:np.int32(2) - num_turns/max:np.int32(2) - num_turns/mean:np.float64(2.0) - timing_s/start_profile:9.618327021598816e-05 - timing_s/agent_loop/num_preempted/min:np.int64(-1) - timing_s/agent_loop/num_preempted/max:np.int64(-1) - timing_s/agent_loop/num_preempted/mean:np.float64(-1.0) - timing_s/agent_loop/generate_sequences/min:np.float64(3.531999886035919) - timing_s/agent_loop/generate_sequences/max:np.float64(18.597900077700615) - timing_s/agent_loop/generate_sequences/mean:np.float64(8.1313250719395) - timing_s/agent_loop/tool_calls/min:np.float64(0.0) - timing_s/agent_loop/tool_calls/max:np.float64(0.0) - timing_s/agent_loop/tool_calls/mean:np.float64(0.0) - timing_s/agent_loop/compute_score/min:np.float64(0.0068530552089214325) - timing_s/agent_loop/compute_score/max:np.float64(0.02400718256831169) - timing_s/agent_loop/compute_score/mean:np.float64(0.010246235375234392) - timing_s/agent_loop/slowest/generate_sequences:np.float64(18.597900077700615) - timing_s/agent_loop/slowest/tool_calls:np.float64(0.0) - timing_s/agent_loop/slowest/compute_score:np.float64(0.011270396411418915) - timing_s/agent_loop/slowest/num_preempted:np.int64(-1) - timing_s/agent_loop/slowest/prompt_length:89 - timing_s/agent_loop/slowest/response_length:1024 - timing_s/gen:19.590080127120018 - timing_s/reward:2.0198523998260498e-05 - timing_s/old_log_prob:45.23018899559975 - timing_s/ref:63.89981572702527 - timing_s/adv:0.01692342758178711 - timing_s/update_actor:188.4441824555397 - timing_s/update_weights:4.575843367725611 - timing_s/step:321.90625923499465 - timing_s/stop_profile:0.00015881657600402832 - timing_per_token_ms/gen:0.11054164692905398 - timing_per_token_ms/update_actor:0.8555883172178093 - timing_per_token_ms/ref:0.29012270421939185 - timing_per_token_ms/adv:7.68370067867438e-05 - perf/total_num_tokens:220251 - perf/time_per_step:321.90625923499465 - perf/throughput:171.05212595385933
[36m(TaskRunner pid=2033431)[0m step:87 - global_seqlen/min:48101 - global_seqlen/max:60094 - global_seqlen/minmax_diff:11993 - global_seqlen/balanced_min:53562 - global_seqlen/balanced_max:53565 - global_seqlen/mean:53563.25 - actor/entropy:0.09452911466360092 - perf/mfu/actor_infer:0.02991857823611069 - actor/pg_clipfrac:np.float64(0.00013248150435174466) - actor/ppo_kl:np.float64(8.6931829557102e-06) - actor/pg_clipfrac_lower:np.float64(0.0) - actor/pg_loss:np.float64(0.002418789837975055) - actor/kl_loss:np.float64(0.15133546048309654) - actor/kl_coef:np.float64(0.0010000000000000005) - actor/loss:np.float64(0.0025701280683279037) - actor/grad_norm:np.float64(0.23500597476959229) - actor/perf/max_memory_allocated_gb:np.float64(20.273035049438477) - actor/perf/max_memory_reserved_gb:np.float64(34.158203125) - actor/perf/cpu_memory_used_gb:np.float64(108.6843376159668) - actor/lr:np.float64(1e-06) - perf/mfu/actor:np.float64(0.021201150612706998) - training/global_step:87 - training/epoch:0 - critic/score/mean:0.943359375 - critic/score/max:1.0 - critic/score/min:0.0 - critic/rewards/mean:0.943359375 - critic/rewards/max:1.0 - critic/rewards/min:0.0 - critic/advantages/mean:-0.0024635831359773874 - critic/advantages/max:2.4748666286468506 - critic/advantages/min:-2.4748666286468506 - critic/returns/mean:-0.0024635831359773874 - critic/returns/max:2.4748666286468506 - critic/returns/min:-2.4748666286468506 - response_length/mean:337.525390625 - response_length/max:1024.0 - response_length/min:119.0 - response_length/clip_ratio:0.009765625 - response_length_non_aborted/mean:337.525390625 - response_length_non_aborted/max:1024.0 - response_length_non_aborted/min:119.0 - response_length_non_aborted/clip_ratio:0.009765625 - response/aborted_ratio:0.0 - prompt_length/mean:80.9375 - prompt_length/max:120.0 - prompt_length/min:47.0 - prompt_length/clip_ratio:0.0 - num_turns/min:np.int32(2) - num_turns/max:np.int32(2) - num_turns/mean:np.float64(2.0) - timing_s/start_profile:0.00011442974209785461 - timing_s/agent_loop/num_preempted/min:np.int64(-1) - timing_s/agent_loop/num_preempted/max:np.int64(-1) - timing_s/agent_loop/num_preempted/mean:np.float64(-1.0) - timing_s/agent_loop/generate_sequences/min:np.float64(2.9763352386653423) - timing_s/agent_loop/generate_sequences/max:np.float64(18.483726374804974) - timing_s/agent_loop/generate_sequences/mean:np.float64(7.9334834113833494) - timing_s/agent_loop/tool_calls/min:np.float64(0.0) - timing_s/agent_loop/tool_calls/max:np.float64(0.0) - timing_s/agent_loop/tool_calls/mean:np.float64(0.0) - timing_s/agent_loop/compute_score/min:np.float64(0.0068772174417972565) - timing_s/agent_loop/compute_score/max:np.float64(0.022572852671146393) - timing_s/agent_loop/compute_score/mean:np.float64(0.010618342625093646) - timing_s/agent_loop/slowest/generate_sequences:np.float64(18.483726374804974) - timing_s/agent_loop/slowest/tool_calls:np.float64(0.0) - timing_s/agent_loop/slowest/compute_score:np.float64(0.011230964213609695) - timing_s/agent_loop/slowest/num_preempted:np.int64(-1) - timing_s/agent_loop/slowest/prompt_length:80 - timing_s/agent_loop/slowest/response_length:1024 - timing_s/gen:19.44992785155773 - timing_s/reward:2.423301339149475e-05 - timing_s/old_log_prob:44.83702226355672 - timing_s/ref:64.2579211294651 - timing_s/adv:0.01687200739979744 - timing_s/update_actor:188.3094738572836 - timing_s/update_weights:4.566021215170622 - timing_s/step:321.57845333218575 - timing_s/stop_profile:0.00018186867237091064 - timing_per_token_ms/gen:0.11254898561773553 - timing_per_token_ms/update_actor:0.8789117251907026 - timing_per_token_ms/ref:0.29991608579326823 - timing_per_token_ms/adv:7.874805673571637e-05 - perf/total_num_tokens:214253 - perf/time_per_step:321.57845333218575 - perf/throughput:166.5635537610785
[36m(TaskRunner pid=2033431)[0m step:88 - global_seqlen/min:45013 - global_seqlen/max:54434 - global_seqlen/minmax_diff:9421 - global_seqlen/balanced_min:49606 - global_seqlen/balanced_max:49613 - global_seqlen/mean:49611.0 - actor/entropy:0.08394351601600647 - perf/mfu/actor_infer:0.027763607441121118 - actor/pg_clipfrac:np.float64(0.00018194028780271765) - actor/ppo_kl:np.float64(4.919045181850379e-05) - actor/pg_clipfrac_lower:np.float64(0.0) - actor/pg_loss:np.float64(0.026510825555305928) - actor/kl_loss:np.float64(0.16837181331356987) - actor/kl_coef:np.float64(0.0010000000000000005) - actor/loss:np.float64(0.026679196394979954) - actor/grad_norm:np.float64(0.29767346382141113) - actor/perf/max_memory_allocated_gb:np.float64(20.273035049438477) - actor/perf/max_memory_reserved_gb:np.float64(34.158203125) - actor/perf/cpu_memory_used_gb:np.float64(108.81664276123047) - actor/lr:np.float64(1e-06) - perf/mfu/actor:np.float64(0.019607411301366097) - training/global_step:88 - training/epoch:0 - critic/score/mean:0.978515625 - critic/score/max:1.0 - critic/score/min:0.0 - critic/rewards/mean:0.978515625 - critic/rewards/max:1.0 - critic/rewards/min:0.0 - critic/advantages/mean:-0.02640434540808201 - critic/advantages/max:1.6201815605163574 - critic/advantages/min:-2.4748666286468506 - critic/returns/mean:-0.02640434540808201 - critic/returns/max:1.6201815605163574 - critic/returns/min:-2.4748666286468506 - response_length/mean:303.9296875 - response_length/max:1024.0 - response_length/min:96.0 - response_length/clip_ratio:0.015625 - response_length_non_aborted/mean:303.9296875 - response_length_non_aborted/max:1024.0 - response_length_non_aborted/min:96.0 - response_length_non_aborted/clip_ratio:0.015625 - response/aborted_ratio:0.0 - prompt_length/mean:83.65625 - prompt_length/max:149.0 - prompt_length/min:48.0 - prompt_length/clip_ratio:0.0 - num_turns/min:np.int32(2) - num_turns/max:np.int32(2) - num_turns/mean:np.float64(2.0) - timing_s/start_profile:8.638948202133179e-05 - timing_s/agent_loop/num_preempted/min:np.int64(-1) - timing_s/agent_loop/num_preempted/max:np.int64(-1) - timing_s/agent_loop/num_preempted/mean:np.float64(-1.0) - timing_s/agent_loop/generate_sequences/min:np.float64(2.413511246442795) - timing_s/agent_loop/generate_sequences/max:np.float64(17.95095034688711) - timing_s/agent_loop/generate_sequences/mean:np.float64(7.006096798380895) - timing_s/agent_loop/tool_calls/min:np.float64(0.0) - timing_s/agent_loop/tool_calls/max:np.float64(0.0) - timing_s/agent_loop/tool_calls/mean:np.float64(0.0) - timing_s/agent_loop/compute_score/min:np.float64(0.006853815168142319) - timing_s/agent_loop/compute_score/max:np.float64(0.02531507983803749) - timing_s/agent_loop/compute_score/mean:np.float64(0.010575801708910149) - timing_s/agent_loop/slowest/generate_sequences:np.float64(17.95095034688711) - timing_s/agent_loop/slowest/tool_calls:np.float64(0.0) - timing_s/agent_loop/slowest/compute_score:np.float64(0.010356154292821884) - timing_s/agent_loop/slowest/num_preempted:np.int64(-1) - timing_s/agent_loop/slowest/prompt_length:73 - timing_s/agent_loop/slowest/response_length:1024 - timing_s/gen:18.951352819800377 - timing_s/reward:2.5384128093719482e-05 - timing_s/old_log_prob:44.78713233023882 - timing_s/ref:64.25453433766961 - timing_s/adv:0.01719795912504196 - timing_s/update_actor:188.421378236264 - timing_s/update_weights:4.5474735498428345 - timing_s/step:321.12884401902556 - timing_s/stop_profile:7.005035877227783e-05 - timing_per_token_ms/gen:0.12178593437395815 - timing_per_token_ms/update_actor:0.9494939541445646 - timing_per_token_ms/ref:0.3237917716719559 - timing_per_token_ms/adv:8.666404187096592e-05 - perf/total_num_tokens:198444 - perf/time_per_step:321.12884401902556 - perf/throughput:154.48939241677323
[36m(TaskRunner pid=2033431)[0m step:89 - global_seqlen/min:46968 - global_seqlen/max:61888 - global_seqlen/minmax_diff:14920 - global_seqlen/balanced_min:52373 - global_seqlen/balanced_max:52380 - global_seqlen/mean:52378.0 - actor/entropy:0.09381234645843506 - perf/mfu/actor_infer:0.02931999313958736 - actor/pg_clipfrac:np.float64(0.00029003669897065265) - actor/ppo_kl:np.float64(9.149448219147871e-05) - actor/pg_clipfrac_lower:np.float64(0.0) - actor/pg_loss:np.float64(0.016857012931723148) - actor/kl_loss:np.float64(0.15963846244267188) - actor/kl_coef:np.float64(0.0010000000000000005) - actor/loss:np.float64(0.017016652040183544) - actor/grad_norm:np.float64(0.3070583790540695) - actor/perf/max_memory_allocated_gb:np.float64(20.273035049438477) - actor/perf/max_memory_reserved_gb:np.float64(34.158203125) - actor/perf/cpu_memory_used_gb:np.float64(109.09908866882324) - actor/lr:np.float64(1e-06) - perf/mfu/actor:np.float64(0.02069284534068082) - training/global_step:89 - training/epoch:0 - critic/score/mean:0.908203125 - critic/score/max:1.0 - critic/score/min:0.0 - critic/rewards/mean:0.908203125 - critic/rewards/max:1.0 - critic/rewards/min:0.0 - critic/advantages/mean:-0.016895882785320282 - critic/advantages/max:2.4748666286468506 - critic/advantages/min:-2.4748666286468506 - critic/returns/mean:-0.016895882785320282 - critic/returns/max:2.4748666286468506 - critic/returns/min:-2.4748666286468506 - response_length/mean:327.578125 - response_length/max:1024.0 - response_length/min:98.0 - response_length/clip_ratio:0.025390625 - response_length_non_aborted/mean:327.578125 - response_length_non_aborted/max:1024.0 - response_length_non_aborted/min:98.0 - response_length_non_aborted/clip_ratio:0.025390625 - response/aborted_ratio:0.0 - prompt_length/mean:81.625 - prompt_length/max:140.0 - prompt_length/min:47.0 - prompt_length/clip_ratio:0.0 - num_turns/min:np.int32(2) - num_turns/max:np.int32(2) - num_turns/mean:np.float64(2.0) - timing_s/start_profile:0.00010118260979652405 - timing_s/agent_loop/num_preempted/min:np.int64(-1) - timing_s/agent_loop/num_preempted/max:np.int64(-1) - timing_s/agent_loop/num_preempted/mean:np.float64(-1.0) - timing_s/agent_loop/generate_sequences/min:np.float64(2.3919494971632957) - timing_s/agent_loop/generate_sequences/max:np.float64(18.397749610245228) - timing_s/agent_loop/generate_sequences/mean:np.float64(7.4716503077797825) - timing_s/agent_loop/tool_calls/min:np.float64(0.0) - timing_s/agent_loop/tool_calls/max:np.float64(0.0) - timing_s/agent_loop/tool_calls/mean:np.float64(0.0) - timing_s/agent_loop/compute_score/min:np.float64(0.006332919001579285) - timing_s/agent_loop/compute_score/max:np.float64(0.026051409542560577) - timing_s/agent_loop/compute_score/mean:np.float64(0.010604947674437426) - timing_s/agent_loop/slowest/generate_sequences:np.float64(18.397749610245228) - timing_s/agent_loop/slowest/tool_calls:np.float64(0.0) - timing_s/agent_loop/slowest/compute_score:np.float64(0.010087672621011734) - timing_s/agent_loop/slowest/num_preempted:np.int64(-1) - timing_s/agent_loop/slowest/prompt_length:79 - timing_s/agent_loop/slowest/response_length:1024 - timing_s/gen:19.400674168020487 - timing_s/reward:2.6553869247436523e-05 - timing_s/old_log_prob:44.824544705450535 - timing_s/ref:63.80561812967062 - timing_s/adv:0.018654998391866684 - timing_s/update_actor:189.10327656194568 - timing_s/update_weights:4.5189030803740025 - timing_s/step:321.8247881643474 - timing_s/stop_profile:0.00014752894639968872 - timing_per_token_ms/gen:0.11567299170057528 - timing_per_token_ms/update_actor:0.9025892386209176 - timing_per_token_ms/ref:0.30454397900679014 - timing_per_token_ms/adv:8.904023822915482e-05 - perf/total_num_tokens:209512 - perf/time_per_step:321.8247881643474 - perf/throughput:162.75315614672894
[36m(TaskRunner pid=2033431)[0m test_gen_batch meta info: {'eos_token_id': 151645, 'pad_token_id': 151643, 'recompute_log_prob': False, 'do_sample': False, 'validate': True, 'global_steps': 90}
[36m(TaskRunner pid=2033431)[0m validation generation end
[36m(TaskRunner pid=2033431)[0m step:90 - global_seqlen/min:49763 - global_seqlen/max:58022 - global_seqlen/minmax_diff:8259 - global_seqlen/balanced_min:53195 - global_seqlen/balanced_max:53198 - global_seqlen/mean:53197.0 - actor/entropy:0.08731620013713837 - perf/mfu/actor_infer:0.029706718585546438 - actor/pg_clipfrac:np.float64(0.0003063671410927782) - actor/ppo_kl:np.float64(-1.182501047480855e-05) - actor/pg_clipfrac_lower:np.float64(0.0) - actor/pg_loss:np.float64(0.008635932812467217) - actor/kl_loss:np.float64(0.15451816769200377) - actor/kl_coef:np.float64(0.0010000000000000005) - actor/loss:np.float64(0.008790451101958752) - actor/grad_norm:np.float64(0.34586644172668457) - actor/perf/max_memory_allocated_gb:np.float64(20.273035049438477) - actor/perf/max_memory_reserved_gb:np.float64(34.158203125) - actor/perf/cpu_memory_used_gb:np.float64(108.74493217468262) - actor/lr:np.float64(1e-06) - perf/mfu/actor:np.float64(0.021007789701450497) - val-aux/openai/gsm8k/reward/mean@1:np.float64(0.9416224412433661) - val-core/openai/gsm8k/acc/mean@1:np.float64(0.9416224412433661) - val-aux/num_turns/min:np.int32(2) - val-aux/num_turns/max:np.int32(2) - val-aux/num_turns/mean:np.float64(2.0) - training/global_step:90 - training/epoch:0 - critic/score/mean:0.966796875 - critic/score/max:1.0 - critic/score/min:0.0 - critic/rewards/mean:0.966796875 - critic/rewards/max:1.0 - critic/rewards/min:0.0 - critic/advantages/mean:-0.00869134720414877 - critic/advantages/max:2.4748666286468506 - critic/advantages/min:-2.4748666286468506 - critic/returns/mean:-0.00869134720414877 - critic/returns/max:2.4748666286468506 - critic/returns/min:-2.4748666286468506 - response_length/mean:330.3984375 - response_length/max:1024.0 - response_length/min:98.0 - response_length/clip_ratio:0.015625 - response_length_non_aborted/mean:330.3984375 - response_length_non_aborted/max:1024.0 - response_length_non_aborted/min:98.0 - response_length_non_aborted/clip_ratio:0.015625 - response/aborted_ratio:0.0 - prompt_length/mean:85.203125 - prompt_length/max:161.0 - prompt_length/min:48.0 - prompt_length/clip_ratio:0.0 - num_turns/min:np.int32(2) - num_turns/max:np.int32(2) - num_turns/mean:np.float64(2.0) - timing_s/start_profile:0.00014759600162506104 - timing_s/agent_loop/num_preempted/min:np.int64(-1) - timing_s/agent_loop/num_preempted/max:np.int64(-1) - timing_s/agent_loop/num_preempted/mean:np.float64(-1.0) - timing_s/agent_loop/generate_sequences/min:np.float64(2.484823700040579) - timing_s/agent_loop/generate_sequences/max:np.float64(18.477304834872484) - timing_s/agent_loop/generate_sequences/mean:np.float64(7.6321826645798865) - timing_s/agent_loop/tool_calls/min:np.float64(0.0) - timing_s/agent_loop/tool_calls/max:np.float64(0.0) - timing_s/agent_loop/tool_calls/mean:np.float64(0.0) - timing_s/agent_loop/compute_score/min:np.float64(0.006687711924314499) - timing_s/agent_loop/compute_score/max:np.float64(0.030541863292455673) - timing_s/agent_loop/compute_score/mean:np.float64(0.010925257811322808) - timing_s/agent_loop/slowest/generate_sequences:np.float64(18.477304834872484) - timing_s/agent_loop/slowest/tool_calls:np.float64(0.0) - timing_s/agent_loop/slowest/compute_score:np.float64(0.008868500590324402) - timing_s/agent_loop/slowest/num_preempted:np.int64(-1) - timing_s/agent_loop/slowest/prompt_length:74 - timing_s/agent_loop/slowest/response_length:1024 - timing_s/gen:19.470824725925922 - timing_s/reward:2.142786979675293e-05 - timing_s/old_log_prob:44.95750920847058 - timing_s/ref:63.806755397468805 - timing_s/adv:0.017743568867444992 - timing_s/update_actor:189.13935094326735 - timing_s/update_weights:4.570039562880993 - timing_s/step:322.1147856526077 - timing_s/testing:28.59954607114196 - timing_s/stop_profile:0.00011181831359863281 - timing_per_token_ms/gen:0.11510028567500132 - timing_per_token_ms/update_actor:0.8888628632407248 - timing_per_token_ms/ref:0.29986068480115796 - timing_per_token_ms/adv:8.338613487341858e-05 - perf/total_num_tokens:212788 - perf/time_per_step:322.1147856526077 - perf/throughput:165.149202611803
[36m(TaskRunner pid=2033431)[0m step:91 - global_seqlen/min:49945 - global_seqlen/max:60056 - global_seqlen/minmax_diff:10111 - global_seqlen/balanced_min:53764 - global_seqlen/balanced_max:53773 - global_seqlen/mean:53768.25 - actor/entropy:0.0863436609506607 - perf/mfu/actor_infer:0.029985073875306436 - actor/pg_clipfrac:np.float64(0.00036098316149946186) - actor/ppo_kl:np.float64(7.003830814689138e-05) - actor/pg_clipfrac_lower:np.float64(0.0) - actor/pg_loss:np.float64(0.012303736264584586) - actor/kl_loss:np.float64(0.15650224444107153) - actor/kl_coef:np.float64(0.0010000000000000005) - actor/loss:np.float64(0.01246023690328002) - actor/grad_norm:np.float64(0.3526044189929962) - actor/perf/max_memory_allocated_gb:np.float64(20.273035049438477) - actor/perf/max_memory_reserved_gb:np.float64(34.158203125) - actor/perf/cpu_memory_used_gb:np.float64(109.07226181030273) - actor/lr:np.float64(1e-06) - perf/mfu/actor:np.float64(0.02115920901259683) - training/global_step:91 - training/epoch:0 - critic/score/mean:0.9453125 - critic/score/max:1.0 - critic/score/min:0.0 - critic/rewards/mean:0.9453125 - critic/rewards/max:1.0 - critic/rewards/min:0.0 - critic/advantages/mean:-0.012559768743813038 - critic/advantages/max:2.4748666286468506 - critic/advantages/min:-2.4748666286468506 - critic/returns/mean:-0.012559768743813038 - critic/returns/max:2.4748666286468506 - critic/returns/min:-2.4748666286468506 - response_length/mean:337.267578125 - response_length/max:1024.0 - response_length/min:152.0 - response_length/clip_ratio:0.001953125 - response_length_non_aborted/mean:337.267578125 - response_length_non_aborted/max:1024.0 - response_length_non_aborted/min:152.0 - response_length_non_aborted/clip_ratio:0.001953125 - response/aborted_ratio:0.0 - prompt_length/mean:82.796875 - prompt_length/max:126.0 - prompt_length/min:51.0 - prompt_length/clip_ratio:0.0 - num_turns/min:np.int32(2) - num_turns/max:np.int32(2) - num_turns/mean:np.float64(2.0) - timing_s/start_profile:6.568804383277893e-05 - timing_s/agent_loop/num_preempted/min:np.int64(-1) - timing_s/agent_loop/num_preempted/max:np.int64(-1) - timing_s/agent_loop/num_preempted/mean:np.float64(-1.0) - timing_s/agent_loop/generate_sequences/min:np.float64(3.7570978961884975) - timing_s/agent_loop/generate_sequences/max:np.float64(18.05563924461603) - timing_s/agent_loop/generate_sequences/mean:np.float64(7.937678402871825) - timing_s/agent_loop/tool_calls/min:np.float64(0.0) - timing_s/agent_loop/tool_calls/max:np.float64(0.0) - timing_s/agent_loop/tool_calls/mean:np.float64(0.0) - timing_s/agent_loop/compute_score/min:np.float64(0.007132098078727722) - timing_s/agent_loop/compute_score/max:np.float64(0.02550201117992401) - timing_s/agent_loop/compute_score/mean:np.float64(0.010429590773128439) - timing_s/agent_loop/slowest/generate_sequences:np.float64(18.05563924461603) - timing_s/agent_loop/slowest/tool_calls:np.float64(0.0) - timing_s/agent_loop/slowest/compute_score:np.float64(0.011260420083999634) - timing_s/agent_loop/slowest/num_preempted:np.int64(-1) - timing_s/agent_loop/slowest/prompt_length:73 - timing_s/agent_loop/slowest/response_length:1024 - timing_s/gen:19.146683800965548 - timing_s/reward:2.3245811462402344e-05 - timing_s/old_log_prob:44.99775908142328 - timing_s/ref:64.00529419258237 - timing_s/adv:0.018132969737052917 - timing_s/update_actor:189.72970014065504 - timing_s/update_weights:4.499457910656929 - timing_s/step:322.5548252686858 - timing_s/stop_profile:0.0001337006688117981 - timing_per_token_ms/gen:0.11087892588626165 - timing_per_token_ms/update_actor:0.8821641960667078 - timing_per_token_ms/ref:0.2975979978545999 - timing_per_token_ms/adv:8.431076767912717e-05 - perf/total_num_tokens:215073 - perf/time_per_step:322.5548252686858 - perf/throughput:166.6949175390926
[36m(TaskRunner pid=2033431)[0m step:92 - global_seqlen/min:50035 - global_seqlen/max:54488 - global_seqlen/minmax_diff:4453 - global_seqlen/balanced_min:51821 - global_seqlen/balanced_max:51822 - global_seqlen/mean:51821.5 - actor/entropy:0.08422249555587769 - perf/mfu/actor_infer:0.028984735507478817 - actor/pg_clipfrac:np.float64(0.00023568932920170482) - actor/ppo_kl:np.float64(-4.427865290779209e-05) - actor/pg_clipfrac_lower:np.float64(0.0) - actor/pg_loss:np.float64(0.0047694054956082255) - actor/kl_loss:np.float64(0.16088965165545233) - actor/kl_coef:np.float64(0.0010000000000000005) - actor/loss:np.float64(0.004930293653160334) - actor/grad_norm:np.float64(0.28653351962566376) - actor/perf/max_memory_allocated_gb:np.float64(20.273035049438477) - actor/perf/max_memory_reserved_gb:np.float64(34.158203125) - actor/perf/cpu_memory_used_gb:np.float64(108.82015228271484) - actor/lr:np.float64(1e-06) - perf/mfu/actor:np.float64(0.020505720308246198) - training/global_step:92 - training/epoch:0 - critic/score/mean:0.978515625 - critic/score/max:1.0 - critic/score/min:0.0 - critic/rewards/mean:0.978515625 - critic/rewards/max:1.0 - critic/rewards/min:0.0 - critic/advantages/mean:-0.004504242911934853 - critic/advantages/max:1.6201815605163574 - critic/advantages/min:-2.4748666286468506 - critic/returns/mean:-0.004504242911934853 - critic/returns/max:1.6201815605163574 - critic/returns/min:-2.4748666286468506 - response_length/mean:322.38671875 - response_length/max:1024.0 - response_length/min:109.0 - response_length/clip_ratio:0.013671875 - response_length_non_aborted/mean:322.38671875 - response_length_non_aborted/max:1024.0 - response_length_non_aborted/min:109.0 - response_length_non_aborted/clip_ratio:0.013671875 - response/aborted_ratio:0.0 - prompt_length/mean:82.46875 - prompt_length/max:173.0 - prompt_length/min:49.0 - prompt_length/clip_ratio:0.0 - num_turns/min:np.int32(2) - num_turns/max:np.int32(2) - num_turns/mean:np.float64(2.0) - timing_s/start_profile:0.0001035928726196289 - timing_s/agent_loop/num_preempted/min:np.int64(-1) - timing_s/agent_loop/num_preempted/max:np.int64(-1) - timing_s/agent_loop/num_preempted/mean:np.float64(-1.0) - timing_s/agent_loop/generate_sequences/min:np.float64(2.6707637645304203) - timing_s/agent_loop/generate_sequences/max:np.float64(18.01494148746133) - timing_s/agent_loop/generate_sequences/mean:np.float64(7.436415384603606) - timing_s/agent_loop/tool_calls/min:np.float64(0.0) - timing_s/agent_loop/tool_calls/max:np.float64(0.0) - timing_s/agent_loop/tool_calls/mean:np.float64(0.0) - timing_s/agent_loop/compute_score/min:np.float64(0.007943682372570038) - timing_s/agent_loop/compute_score/max:np.float64(0.02805042639374733) - timing_s/agent_loop/compute_score/mean:np.float64(0.010783346864627674) - timing_s/agent_loop/slowest/generate_sequences:np.float64(18.01494148746133) - timing_s/agent_loop/slowest/tool_calls:np.float64(0.0) - timing_s/agent_loop/slowest/compute_score:np.float64(0.011253666132688522) - timing_s/agent_loop/slowest/num_preempted:np.int64(-1) - timing_s/agent_loop/slowest/prompt_length:77 - timing_s/agent_loop/slowest/response_length:1024 - timing_s/gen:19.057003442198038 - timing_s/reward:2.1755695343017578e-05 - timing_s/old_log_prob:44.7869638800621 - timing_s/ref:63.95464114099741 - timing_s/adv:0.016924124211072922 - timing_s/update_actor:188.325060300529 - timing_s/update_weights:4.520794127136469 - timing_s/step:320.80611611902714 - timing_s/stop_profile:0.00017639249563217163 - timing_per_token_ms/gen:0.11545360799092486 - timing_per_token_ms/update_actor:0.9085276395922977 - timing_per_token_ms/ref:0.30853333626485824 - timing_per_token_ms/adv:8.164624823226326e-05 - perf/total_num_tokens:207286 - perf/time_per_step:320.80611611902714 - perf/throughput:161.5352619423656
[36m(TaskRunner pid=2033431)[0m step:93 - global_seqlen/min:45331 - global_seqlen/max:57457 - global_seqlen/minmax_diff:12126 - global_seqlen/balanced_min:49156 - global_seqlen/balanced_max:49164 - global_seqlen/mean:49161.5 - actor/entropy:0.07469245791435242 - perf/mfu/actor_infer:0.027509920687988212 - actor/pg_clipfrac:np.float64(0.00019112913059871062) - actor/ppo_kl:np.float64(6.312681300446599e-05) - actor/pg_clipfrac_lower:np.float64(0.0) - actor/pg_loss:np.float64(0.0001947946730069816) - actor/kl_loss:np.float64(0.15678707146435045) - actor/kl_coef:np.float64(0.0010000000000000005) - actor/loss:np.float64(0.000351583119481802) - actor/grad_norm:np.float64(0.24123352766036987) - actor/perf/max_memory_allocated_gb:np.float64(20.273035049438477) - actor/perf/max_memory_reserved_gb:np.float64(34.158203125) - actor/perf/cpu_memory_used_gb:np.float64(108.8315486907959) - actor/lr:np.float64(1e-06) - perf/mfu/actor:np.float64(0.019416494105534837) - training/global_step:93 - training/epoch:0 - critic/score/mean:0.97265625 - critic/score/max:1.0 - critic/score/min:0.0 - critic/rewards/mean:0.97265625 - critic/rewards/max:1.0 - critic/rewards/min:0.0 - critic/advantages/mean:-1.5210224773909431e-05 - critic/advantages/max:0.7245674133300781 - critic/advantages/min:-2.4748666286468506 - critic/returns/mean:-1.5210224773909431e-05 - critic/returns/max:0.7245674133300781 - critic/returns/min:-2.4748666286468506 - response_length/mean:305.35546875 - response_length/max:1024.0 - response_length/min:110.0 - response_length/clip_ratio:0.001953125 - response_length_non_aborted/mean:305.35546875 - response_length_non_aborted/max:1024.0 - response_length_non_aborted/min:110.0 - response_length_non_aborted/clip_ratio:0.001953125 - response/aborted_ratio:0.0 - prompt_length/mean:78.71875 - prompt_length/max:158.0 - prompt_length/min:51.0 - prompt_length/clip_ratio:0.0 - num_turns/min:np.int32(2) - num_turns/max:np.int32(2) - num_turns/mean:np.float64(2.0) - timing_s/start_profile:8.131563663482666e-05 - timing_s/agent_loop/num_preempted/min:np.int64(-1) - timing_s/agent_loop/num_preempted/max:np.int64(-1) - timing_s/agent_loop/num_preempted/mean:np.float64(-1.0) - timing_s/agent_loop/generate_sequences/min:np.float64(2.7048862650990486) - timing_s/agent_loop/generate_sequences/max:np.float64(17.844171799719334) - timing_s/agent_loop/generate_sequences/mean:np.float64(7.0941908953973325) - timing_s/agent_loop/tool_calls/min:np.float64(0.0) - timing_s/agent_loop/tool_calls/max:np.float64(0.0) - timing_s/agent_loop/tool_calls/mean:np.float64(0.0) - timing_s/agent_loop/compute_score/min:np.float64(0.006723873317241669) - timing_s/agent_loop/compute_score/max:np.float64(0.027403298765420914) - timing_s/agent_loop/compute_score/mean:np.float64(0.010759467360912822) - timing_s/agent_loop/slowest/generate_sequences:np.float64(17.844171799719334) - timing_s/agent_loop/slowest/tool_calls:np.float64(0.0) - timing_s/agent_loop/slowest/compute_score:np.float64(0.011426839977502823) - timing_s/agent_loop/slowest/num_preempted:np.int64(-1) - timing_s/agent_loop/slowest/prompt_length:111 - timing_s/agent_loop/slowest/response_length:1024 - timing_s/gen:18.866827975958586 - timing_s/reward:2.4221837520599365e-05 - timing_s/old_log_prob:45.03507927432656 - timing_s/ref:63.94147286191583 - timing_s/adv:0.01706058159470558 - timing_s/update_actor:188.45544221624732 - timing_s/update_weights:4.556905969977379 - timing_s/step:321.0274532176554 - timing_s/stop_profile:0.00017606839537620544 - timing_per_token_ms/gen:0.12067664463777222 - timing_per_token_ms/update_actor:0.9583487191005529 - timing_per_token_ms/ref:0.3251603025839113 - timing_per_token_ms/adv:8.675783689831261e-05 - perf/total_num_tokens:196646 - perf/time_per_step:321.0274532176554 - perf/throughput:153.13799336242027
[36m(TaskRunner pid=2033431)[0m step:94 - global_seqlen/min:45722 - global_seqlen/max:58592 - global_seqlen/minmax_diff:12870 - global_seqlen/balanced_min:51658 - global_seqlen/balanced_max:51660 - global_seqlen/mean:51659.0 - actor/entropy:0.08984339982271194 - perf/mfu/actor_infer:0.028873984408678274 - actor/pg_clipfrac:np.float64(0.00013453345081870793) - actor/ppo_kl:np.float64(2.2188867969674675e-06) - actor/pg_clipfrac_lower:np.float64(0.0) - actor/pg_loss:np.float64(-0.0033521460136398673) - actor/kl_loss:np.float64(0.15076247218530625) - actor/kl_coef:np.float64(0.0010000000000000005) - actor/loss:np.float64(-0.0032013840973377228) - actor/grad_norm:np.float64(0.25868091732263565) - actor/perf/max_memory_allocated_gb:np.float64(20.273035049438477) - actor/perf/max_memory_reserved_gb:np.float64(34.158203125) - actor/perf/cpu_memory_used_gb:np.float64(108.87355041503906) - actor/lr:np.float64(1e-06) - perf/mfu/actor:np.float64(0.020408777449904977) - training/global_step:94 - training/epoch:0 - critic/score/mean:0.95703125 - critic/score/max:1.0 - critic/score/min:0.0 - critic/rewards/mean:0.95703125 - critic/rewards/max:1.0 - critic/rewards/min:0.0 - critic/advantages/mean:0.00318198767490685 - critic/advantages/max:2.4748666286468506 - critic/advantages/min:-0.935412585735321 - critic/returns/mean:0.00318198767490685 - critic/returns/max:2.4748666286468506 - critic/returns/min:-0.935412585735321 - response_length/mean:323.5234375 - response_length/max:1024.0 - response_length/min:119.0 - response_length/clip_ratio:0.01953125 - response_length_non_aborted/mean:323.5234375 - response_length_non_aborted/max:1024.0 - response_length_non_aborted/min:119.0 - response_length_non_aborted/clip_ratio:0.01953125 - response/aborted_ratio:0.0 - prompt_length/mean:80.0625 - prompt_length/max:172.0 - prompt_length/min:54.0 - prompt_length/clip_ratio:0.0 - num_turns/min:np.int32(2) - num_turns/max:np.int32(2) - num_turns/mean:np.float64(2.0) - timing_s/start_profile:0.00010959059000015259 - timing_s/agent_loop/num_preempted/min:np.int64(-1) - timing_s/agent_loop/num_preempted/max:np.int64(-1) - timing_s/agent_loop/num_preempted/mean:np.float64(-1.0) - timing_s/agent_loop/generate_sequences/min:np.float64(2.9403506703674793) - timing_s/agent_loop/generate_sequences/max:np.float64(18.229645159095526) - timing_s/agent_loop/generate_sequences/mean:np.float64(7.433154617530818) - timing_s/agent_loop/tool_calls/min:np.float64(0.0) - timing_s/agent_loop/tool_calls/max:np.float64(0.0) - timing_s/agent_loop/tool_calls/mean:np.float64(0.0) - timing_s/agent_loop/compute_score/min:np.float64(0.007468663156032562) - timing_s/agent_loop/compute_score/max:np.float64(0.030726585537195206) - timing_s/agent_loop/compute_score/mean:np.float64(0.010698443977162242) - timing_s/agent_loop/slowest/generate_sequences:np.float64(18.229645159095526) - timing_s/agent_loop/slowest/tool_calls:np.float64(0.0) - timing_s/agent_loop/slowest/compute_score:np.float64(0.011372275650501251) - timing_s/agent_loop/slowest/num_preempted:np.int64(-1) - timing_s/agent_loop/slowest/prompt_length:80 - timing_s/agent_loop/slowest/response_length:1024 - timing_s/gen:19.217901691794395 - timing_s/reward:2.7436763048171997e-05 - timing_s/old_log_prob:45.17456980422139 - timing_s/ref:63.86292814463377 - timing_s/adv:0.017027944326400757 - timing_s/update_actor:188.64149232581258 - timing_s/update_weights:4.5635916441679 - timing_s/step:321.62338284775615 - timing_s/stop_profile:0.00017632544040679932 - timing_per_token_ms/gen:0.11601930460381539 - timing_per_token_ms/update_actor:0.9129168795650932 - timing_per_token_ms/ref:0.30906002896220297 - timing_per_token_ms/adv:8.240550691264231e-05 - perf/total_num_tokens:206636 - perf/time_per_step:321.62338284775615 - perf/throughput:160.61954060241118
[36m(TaskRunner pid=2033431)[0m step:95 - global_seqlen/min:48032 - global_seqlen/max:64267 - global_seqlen/minmax_diff:16235 - global_seqlen/balanced_min:53617 - global_seqlen/balanced_max:53621 - global_seqlen/mean:53619.0 - actor/entropy:0.09143803268671036 - perf/mfu/actor_infer:0.029956623160552618 - actor/pg_clipfrac:np.float64(6.1725333580398e-05) - actor/ppo_kl:np.float64(-1.2649830551936248e-06) - actor/pg_clipfrac_lower:np.float64(0.0) - actor/pg_loss:np.float64(0.003910489147529006) - actor/kl_loss:np.float64(0.14936774302623235) - actor/kl_coef:np.float64(0.0010000000000000005) - actor/loss:np.float64(0.004059855593368411) - actor/grad_norm:np.float64(0.19323018938302994) - actor/perf/max_memory_allocated_gb:np.float64(20.273035049438477) - actor/perf/max_memory_reserved_gb:np.float64(34.158203125) - actor/perf/cpu_memory_used_gb:np.float64(108.83885192871094) - actor/lr:np.float64(1e-06) - perf/mfu/actor:np.float64(0.021186589370068787) - training/global_step:95 - training/epoch:0 - critic/score/mean:0.9765625 - critic/score/max:1.0 - critic/score/min:0.0 - critic/rewards/mean:0.9765625 - critic/rewards/max:1.0 - critic/rewards/min:0.0 - critic/advantages/mean:-0.004019062966108322 - critic/advantages/max:1.6201815605163574 - critic/advantages/min:-0.5400605201721191 - critic/returns/mean:-0.004019062966108322 - critic/returns/max:1.6201815605163574 - critic/returns/min:-0.5400605201721191 - response_length/mean:337.7734375 - response_length/max:1024.0 - response_length/min:107.0 - response_length/clip_ratio:0.021484375 - response_length_non_aborted/mean:337.7734375 - response_length_non_aborted/max:1024.0 - response_length_non_aborted/min:107.0 - response_length_non_aborted/clip_ratio:0.021484375 - response/aborted_ratio:0.0 - prompt_length/mean:81.125 - prompt_length/max:137.0 - prompt_length/min:52.0 - prompt_length/clip_ratio:0.0 - num_turns/min:np.int32(2) - num_turns/max:np.int32(2) - num_turns/mean:np.float64(2.0) - timing_s/start_profile:7.224828004837036e-05 - timing_s/agent_loop/num_preempted/min:np.int64(-1) - timing_s/agent_loop/num_preempted/max:np.int64(-1) - timing_s/agent_loop/num_preempted/mean:np.float64(-1.0) - timing_s/agent_loop/generate_sequences/min:np.float64(2.6729342378675938) - timing_s/agent_loop/generate_sequences/max:np.float64(18.441766910254955) - timing_s/agent_loop/generate_sequences/mean:np.float64(7.806269603635883) - timing_s/agent_loop/tool_calls/min:np.float64(0.0) - timing_s/agent_loop/tool_calls/max:np.float64(0.0) - timing_s/agent_loop/tool_calls/mean:np.float64(0.0) - timing_s/agent_loop/compute_score/min:np.float64(0.006191801279783249) - timing_s/agent_loop/compute_score/max:np.float64(0.022940121591091156) - timing_s/agent_loop/compute_score/mean:np.float64(0.01068585868779337) - timing_s/agent_loop/slowest/generate_sequences:np.float64(18.441766910254955) - timing_s/agent_loop/slowest/tool_calls:np.float64(0.0) - timing_s/agent_loop/slowest/compute_score:np.float64(0.011433035135269165) - timing_s/agent_loop/slowest/num_preempted:np.int64(-1) - timing_s/agent_loop/slowest/prompt_length:78 - timing_s/agent_loop/slowest/response_length:1024 - timing_s/gen:19.43448942899704 - timing_s/reward:2.370774745941162e-05 - timing_s/old_log_prob:44.92366907000542 - timing_s/ref:64.18230622261763 - timing_s/adv:0.017021220177412033 - timing_s/update_actor:188.72536443546414 - timing_s/update_weights:4.486584931612015 - timing_s/step:321.91683030873537 - timing_s/stop_profile:0.0001628398895263672 - timing_per_token_ms/gen:0.11237706388919301 - timing_per_token_ms/update_actor:0.8799369833243074 - timing_per_token_ms/ref:0.2992516935350232 - timing_per_token_ms/adv:7.936188747184782e-05 - perf/total_num_tokens:214476 - perf/time_per_step:321.91683030873537 - perf/throughput:166.56165491122823
[36m(TaskRunner pid=2033431)[0m step:96 - global_seqlen/min:49775 - global_seqlen/max:61821 - global_seqlen/minmax_diff:12046 - global_seqlen/balanced_min:53075 - global_seqlen/balanced_max:53084 - global_seqlen/mean:53077.75 - actor/entropy:0.09219498187303543 - perf/mfu/actor_infer:0.029609566345374667 - actor/pg_clipfrac:np.float64(8.222856058637262e-05) - actor/ppo_kl:np.float64(6.0004680490055584e-05) - actor/pg_clipfrac_lower:np.float64(0.0) - actor/pg_loss:np.float64(0.009881898993626237) - actor/kl_loss:np.float64(0.14576972492795903) - actor/kl_coef:np.float64(0.0010000000000000005) - actor/loss:np.float64(0.010027671232819557) - actor/grad_norm:np.float64(0.27661409974098206) - actor/perf/max_memory_allocated_gb:np.float64(20.273035049438477) - actor/perf/max_memory_reserved_gb:np.float64(34.158203125) - actor/perf/cpu_memory_used_gb:np.float64(109.27769088745117) - actor/lr:np.float64(1e-06) - perf/mfu/actor:np.float64(0.020960743860802603) - training/global_step:96 - training/epoch:0 - critic/score/mean:0.970703125 - critic/score/max:1.0 - critic/score/min:0.0 - critic/rewards/mean:0.970703125 - critic/rewards/max:1.0 - critic/rewards/min:0.0 - critic/advantages/mean:-0.01022808812558651 - critic/advantages/max:2.4748666286468506 - critic/advantages/min:-1.20761239528656 - critic/returns/mean:-0.01022808812558651 - critic/returns/max:2.4748666286468506 - critic/returns/min:-1.20761239528656 - response_length/mean:332.873046875 - response_length/max:1024.0 - response_length/min:98.0 - response_length/clip_ratio:0.021484375 - response_length_non_aborted/mean:332.873046875 - response_length_non_aborted/max:1024.0 - response_length_non_aborted/min:98.0 - response_length_non_aborted/clip_ratio:0.021484375 - response/aborted_ratio:0.0 - prompt_length/mean:81.796875 - prompt_length/max:138.0 - prompt_length/min:47.0 - prompt_length/clip_ratio:0.0 - num_turns/min:np.int32(2) - num_turns/max:np.int32(2) - num_turns/mean:np.float64(2.0) - timing_s/start_profile:8.108466863632202e-05 - timing_s/agent_loop/num_preempted/min:np.int64(-1) - timing_s/agent_loop/num_preempted/max:np.int64(-1) - timing_s/agent_loop/num_preempted/mean:np.float64(-1.0) - timing_s/agent_loop/generate_sequences/min:np.float64(2.4190252870321274) - timing_s/agent_loop/generate_sequences/max:np.float64(18.367109443992376) - timing_s/agent_loop/generate_sequences/mean:np.float64(7.7006166255960125) - timing_s/agent_loop/tool_calls/min:np.float64(0.0) - timing_s/agent_loop/tool_calls/max:np.float64(0.0) - timing_s/agent_loop/tool_calls/mean:np.float64(0.0) - timing_s/agent_loop/compute_score/min:np.float64(0.00785776972770691) - timing_s/agent_loop/compute_score/max:np.float64(0.024966474622488022) - timing_s/agent_loop/compute_score/mean:np.float64(0.010819392315170262) - timing_s/agent_loop/slowest/generate_sequences:np.float64(18.367109443992376) - timing_s/agent_loop/slowest/tool_calls:np.float64(0.0) - timing_s/agent_loop/slowest/compute_score:np.float64(0.011449448764324188) - timing_s/agent_loop/slowest/num_preempted:np.int64(-1) - timing_s/agent_loop/slowest/prompt_length:106 - timing_s/agent_loop/slowest/response_length:1024 - timing_s/gen:19.328917149454355 - timing_s/reward:2.4545937776565552e-05 - timing_s/old_log_prob:44.91859034448862 - timing_s/ref:64.39662969857454 - timing_s/adv:0.013096049427986145 - timing_s/update_actor:188.73351865634322 - timing_s/update_weights:4.514769922941923 - timing_s/step:322.0616334825754 - timing_s/stop_profile:0.0001396089792251587 - timing_per_token_ms/gen:0.11341197991829159 - timing_per_token_ms/update_actor:0.888948375997208 - timing_per_token_ms/ref:0.3033127332007034 - timing_per_token_ms/adv:6.168332977559404e-05 - perf/total_num_tokens:212311 - perf/time_per_step:322.0616334825754 - perf/throughput:164.806187641943
[36m(TaskRunner pid=2033431)[0m step:97 - global_seqlen/min:52022 - global_seqlen/max:60225 - global_seqlen/minmax_diff:8203 - global_seqlen/balanced_min:55851 - global_seqlen/balanced_max:55857 - global_seqlen/mean:55855.0 - actor/entropy:0.08869806677103043 - perf/mfu/actor_infer:0.03119570248956652 - actor/pg_clipfrac:np.float64(0.00012948872472406947) - actor/ppo_kl:np.float64(-5.6535195244844516e-05) - actor/pg_clipfrac_lower:np.float64(0.0) - actor/pg_loss:np.float64(-0.002342972729820758) - actor/kl_loss:np.float64(0.14286114764399827) - actor/kl_coef:np.float64(0.0010000000000000005) - actor/loss:np.float64(-0.002200111746788025) - actor/grad_norm:np.float64(0.17201580852270126) - actor/perf/max_memory_allocated_gb:np.float64(20.273035049438477) - actor/perf/max_memory_reserved_gb:np.float64(34.158203125) - actor/perf/cpu_memory_used_gb:np.float64(108.84312438964844) - actor/lr:np.float64(1e-06) - perf/mfu/actor:np.float64(0.02209366852857572) - training/global_step:97 - training/epoch:0 - critic/score/mean:0.974609375 - critic/score/max:1.0 - critic/score/min:0.0 - critic/rewards/mean:0.974609375 - critic/rewards/max:1.0 - critic/rewards/min:0.0 - critic/advantages/mean:0.0024991207756102085 - critic/advantages/max:0.935412585735321 - critic/advantages/min:-2.4748666286468506 - critic/returns/mean:0.0024991207756102085 - critic/returns/max:0.935412585735321 - critic/returns/min:-2.4748666286468506 - response_length/mean:350.9296875 - response_length/max:1024.0 - response_length/min:138.0 - response_length/clip_ratio:0.015625 - response_length_non_aborted/mean:350.9296875 - response_length_non_aborted/max:1024.0 - response_length_non_aborted/min:138.0 - response_length_non_aborted/clip_ratio:0.015625 - response/aborted_ratio:0.0 - prompt_length/mean:85.4375 - prompt_length/max:191.0 - prompt_length/min:47.0 - prompt_length/clip_ratio:0.0 - num_turns/min:np.int32(2) - num_turns/max:np.int32(2) - num_turns/mean:np.float64(2.0) - timing_s/start_profile:8.785352110862732e-05 - timing_s/agent_loop/num_preempted/min:np.int64(-1) - timing_s/agent_loop/num_preempted/max:np.int64(-1) - timing_s/agent_loop/num_preempted/mean:np.float64(-1.0) - timing_s/agent_loop/generate_sequences/min:np.float64(3.4471868984401226) - timing_s/agent_loop/generate_sequences/max:np.float64(18.92420533299446) - timing_s/agent_loop/generate_sequences/mean:np.float64(8.251321398638538) - timing_s/agent_loop/tool_calls/min:np.float64(0.0) - timing_s/agent_loop/tool_calls/max:np.float64(0.0) - timing_s/agent_loop/tool_calls/mean:np.float64(0.0) - timing_s/agent_loop/compute_score/min:np.float64(0.006000865250825882) - timing_s/agent_loop/compute_score/max:np.float64(0.03016653284430504) - timing_s/agent_loop/compute_score/mean:np.float64(0.010382808890426531) - timing_s/agent_loop/slowest/generate_sequences:np.float64(18.92420533299446) - timing_s/agent_loop/slowest/tool_calls:np.float64(0.0) - timing_s/agent_loop/slowest/compute_score:np.float64(0.00943557545542717) - timing_s/agent_loop/slowest/num_preempted:np.int64(-1) - timing_s/agent_loop/slowest/prompt_length:58 - timing_s/agent_loop/slowest/response_length:1024 - timing_s/gen:19.894976034760475 - timing_s/reward:2.0731240510940552e-05 - timing_s/old_log_prob:44.93252910301089 - timing_s/ref:63.94809938594699 - timing_s/adv:0.0173063725233078 - timing_s/update_actor:188.8937842696905 - timing_s/update_weights:4.56065209582448 - timing_s/step:322.40124486014247 - timing_s/stop_profile:0.00018134340643882751 - timing_per_token_ms/gen:0.11072695315323401 - timing_per_token_ms/update_actor:0.8454649730090883 - timing_per_token_ms/ref:0.28622370148575327 - timing_per_token_ms/adv:7.7461160698719e-05 - perf/total_num_tokens:223420 - perf/time_per_step:322.40124486014247 - perf/throughput:173.24684966470858
[36m(TaskRunner pid=2033431)[0m step:98 - global_seqlen/min:51457 - global_seqlen/max:55158 - global_seqlen/minmax_diff:3701 - global_seqlen/balanced_min:53304 - global_seqlen/balanced_max:53358 - global_seqlen/mean:53318.0 - actor/entropy:0.0746222585439682 - perf/mfu/actor_infer:0.02976684180849321 - actor/pg_clipfrac:np.float64(0.00030970396801421884) - actor/ppo_kl:np.float64(5.379041189712552e-05) - actor/pg_clipfrac_lower:np.float64(0.0) - actor/pg_loss:np.float64(0.006459395634010434) - actor/kl_loss:np.float64(0.14678114524576813) - actor/kl_coef:np.float64(0.0010000000000000005) - actor/loss:np.float64(0.006606175564229488) - actor/grad_norm:np.float64(0.4511098712682724) - actor/perf/max_memory_allocated_gb:np.float64(20.273035049438477) - actor/perf/max_memory_reserved_gb:np.float64(34.158203125) - actor/perf/cpu_memory_used_gb:np.float64(108.60094451904297) - actor/lr:np.float64(1e-06) - perf/mfu/actor:np.float64(0.021023658887672055) - training/global_step:98 - training/epoch:0 - critic/score/mean:0.91796875 - critic/score/max:1.0 - critic/score/min:0.0 - critic/rewards/mean:0.91796875 - critic/rewards/max:1.0 - critic/rewards/min:0.0 - critic/advantages/mean:-0.006639312021434307 - critic/advantages/max:2.4748666286468506 - critic/advantages/min:-2.4748666286468506 - critic/returns/mean:-0.006639312021434307 - critic/returns/max:2.4748666286468506 - critic/returns/min:-2.4748666286468506 - response_length/mean:332.828125 - response_length/max:1024.0 - response_length/min:134.0 - response_length/clip_ratio:0.001953125 - response_length_non_aborted/mean:332.828125 - response_length_non_aborted/max:1024.0 - response_length_non_aborted/min:134.0 - response_length_non_aborted/clip_ratio:0.001953125 - response/aborted_ratio:0.0 - prompt_length/mean:83.71875 - prompt_length/max:149.0 - prompt_length/min:50.0 - prompt_length/clip_ratio:0.0 - num_turns/min:np.int32(2) - num_turns/max:np.int32(2) - num_turns/mean:np.float64(2.0) - timing_s/start_profile:0.000100649893283844 - timing_s/agent_loop/num_preempted/min:np.int64(-1) - timing_s/agent_loop/num_preempted/max:np.int64(-1) - timing_s/agent_loop/num_preempted/mean:np.float64(-1.0) - timing_s/agent_loop/generate_sequences/min:np.float64(3.3026988059282303) - timing_s/agent_loop/generate_sequences/max:np.float64(18.01800949499011) - timing_s/agent_loop/generate_sequences/mean:np.float64(7.909943584250868) - timing_s/agent_loop/tool_calls/min:np.float64(0.0) - timing_s/agent_loop/tool_calls/max:np.float64(0.0) - timing_s/agent_loop/tool_calls/mean:np.float64(0.0) - timing_s/agent_loop/compute_score/min:np.float64(0.005196966230869293) - timing_s/agent_loop/compute_score/max:np.float64(0.025849342346191406) - timing_s/agent_loop/compute_score/mean:np.float64(0.010696631026803516) - timing_s/agent_loop/slowest/generate_sequences:np.float64(18.01800949499011) - timing_s/agent_loop/slowest/tool_calls:np.float64(0.0) - timing_s/agent_loop/slowest/compute_score:np.float64(0.011752840131521225) - timing_s/agent_loop/slowest/num_preempted:np.int64(-1) - timing_s/agent_loop/slowest/prompt_length:76 - timing_s/agent_loop/slowest/response_length:1024 - timing_s/gen:19.0334607437253 - timing_s/reward:2.841651439666748e-05 - timing_s/old_log_prob:44.840188167989254 - timing_s/ref:63.99617211893201 - timing_s/adv:0.017018157988786697 - timing_s/update_actor:189.25811072066426 - timing_s/update_weights:4.586933393031359 - timing_s/step:321.8800195120275 - timing_s/stop_profile:0.00016324594616889954 - timing_per_token_ms/gen:0.11169346945991561 - timing_per_token_ms/update_actor:0.8874025222282543 - timing_per_token_ms/ref:0.30006832645134857 - timing_per_token_ms/adv:7.979555679501621e-05 - perf/total_num_tokens:213272 - perf/time_per_step:321.8800195120275 - perf/throughput:165.64557216328768
[36m(TaskRunner pid=2033431)[0m step:99 - global_seqlen/min:46781 - global_seqlen/max:54825 - global_seqlen/minmax_diff:8044 - global_seqlen/balanced_min:51616 - global_seqlen/balanced_max:51622 - global_seqlen/mean:51619.25 - actor/entropy:0.08471062779426575 - perf/mfu/actor_infer:0.028860485820113812 - actor/pg_clipfrac:np.float64(0.00017827298916017753) - actor/ppo_kl:np.float64(4.9332662230450186e-05) - actor/pg_clipfrac_lower:np.float64(0.0) - actor/pg_loss:np.float64(0.0026162933245359454) - actor/kl_loss:np.float64(0.15536304996930994) - actor/kl_coef:np.float64(0.0010000000000000005) - actor/loss:np.float64(0.002771656960248947) - actor/grad_norm:np.float64(0.3636900931596756) - actor/perf/max_memory_allocated_gb:np.float64(20.273035049438477) - actor/perf/max_memory_reserved_gb:np.float64(34.158203125) - actor/perf/cpu_memory_used_gb:np.float64(108.76442337036133) - actor/lr:np.float64(1e-06) - perf/mfu/actor:np.float64(0.020413253889553576) - training/global_step:99 - training/epoch:0 - critic/score/mean:0.953125 - critic/score/max:1.0 - critic/score/min:0.0 - critic/rewards/mean:0.953125 - critic/rewards/max:1.0 - critic/rewards/min:0.0 - critic/advantages/mean:-0.0027892300859093666 - critic/advantages/max:2.4748666286468506 - critic/advantages/min:-2.4748666286468506 - critic/returns/mean:-0.0027892300859093666 - critic/returns/max:2.4748666286468506 - critic/returns/min:-2.4748666286468506 - response_length/mean:321.322265625 - response_length/max:1024.0 - response_length/min:108.0 - response_length/clip_ratio:0.02734375 - response_length_non_aborted/mean:321.322265625 - response_length_non_aborted/max:1024.0 - response_length_non_aborted/min:108.0 - response_length_non_aborted/clip_ratio:0.02734375 - response/aborted_ratio:0.0 - prompt_length/mean:81.953125 - prompt_length/max:128.0 - prompt_length/min:55.0 - prompt_length/clip_ratio:0.0 - num_turns/min:np.int32(2) - num_turns/max:np.int32(2) - num_turns/mean:np.float64(2.0) - timing_s/start_profile:0.000162467360496521 - timing_s/agent_loop/num_preempted/min:np.int64(-1) - timing_s/agent_loop/num_preempted/max:np.int64(-1) - timing_s/agent_loop/num_preempted/mean:np.float64(-1.0) - timing_s/agent_loop/generate_sequences/min:np.float64(2.6909065432846546) - timing_s/agent_loop/generate_sequences/max:np.float64(18.22806104645133) - timing_s/agent_loop/generate_sequences/mean:np.float64(7.42749818363518) - timing_s/agent_loop/tool_calls/min:np.float64(0.0) - timing_s/agent_loop/tool_calls/max:np.float64(0.0) - timing_s/agent_loop/tool_calls/mean:np.float64(0.0) - timing_s/agent_loop/compute_score/min:np.float64(0.0066154226660728455) - timing_s/agent_loop/compute_score/max:np.float64(0.026211701333522797) - timing_s/agent_loop/compute_score/mean:np.float64(0.010613009333610535) - timing_s/agent_loop/slowest/generate_sequences:np.float64(18.22806104645133) - timing_s/agent_loop/slowest/tool_calls:np.float64(0.0) - timing_s/agent_loop/slowest/compute_score:np.float64(0.009502183645963669) - timing_s/agent_loop/slowest/num_preempted:np.int64(-1) - timing_s/agent_loop/slowest/prompt_length:88 - timing_s/agent_loop/slowest/response_length:1024 - timing_s/gen:19.20125152170658 - timing_s/reward:2.096220850944519e-05 - timing_s/old_log_prob:44.77901699766517 - timing_s/ref:63.86648638918996 - timing_s/adv:0.016953296959400177 - timing_s/update_actor:188.4389403797686 - timing_s/update_weights:4.519452128559351 - timing_s/step:320.9682530090213 - timing_s/stop_profile:0.00013343244791030884 - timing_per_token_ms/gen:0.11671287175007192 - timing_per_token_ms/update_actor:0.9126388914008272 - timing_per_token_ms/ref:0.3093152573370882 - timing_per_token_ms/adv:8.210743549838566e-05 - perf/total_num_tokens:206477 - perf/time_per_step:320.9682530090213 - perf/throughput:160.82353789223248
[36m(TaskRunner pid=2033431)[0m local_global_step_folder: checkpoints/grpo_rlvr_math/qwen3_4b_gsm8k/global_step_100
[36m(TaskRunner pid=2033431)[0m test_gen_batch meta info: {'eos_token_id': 151645, 'pad_token_id': 151643, 'recompute_log_prob': False, 'do_sample': False, 'validate': True, 'global_steps': 100}
[36m(TaskRunner pid=2033431)[0m validation generation end
[36m(TaskRunner pid=2033431)[0m step:100 - global_seqlen/min:47455 - global_seqlen/max:57014 - global_seqlen/minmax_diff:9559 - global_seqlen/balanced_min:51307 - global_seqlen/balanced_max:51317 - global_seqlen/mean:51312.75 - actor/entropy:0.07433461397886276 - perf/mfu/actor_infer:0.028698743487048293 - actor/pg_clipfrac:np.float64(0.0002940708145615645) - actor/ppo_kl:np.float64(9.592397978153144e-05) - actor/pg_clipfrac_lower:np.float64(0.0) - actor/pg_loss:np.float64(0.008518966671545058) - actor/kl_loss:np.float64(0.15210887239663862) - actor/kl_coef:np.float64(0.0010000000000000005) - actor/loss:np.float64(0.008671076036989689) - actor/grad_norm:np.float64(0.3305719941854477) - actor/perf/max_memory_allocated_gb:np.float64(20.273035049438477) - actor/perf/max_memory_reserved_gb:np.float64(34.158203125) - actor/perf/cpu_memory_used_gb:np.float64(108.74697494506836) - actor/lr:np.float64(1e-06) - perf/mfu/actor:np.float64(0.020313319243617886) - val-aux/openai/gsm8k/reward/mean@1:np.float64(0.9385898407884761) - val-core/openai/gsm8k/acc/mean@1:np.float64(0.9385898407884761) - val-aux/num_turns/min:np.int32(2) - val-aux/num_turns/max:np.int32(2) - val-aux/num_turns/mean:np.float64(2.0) - training/global_step:100 - training/epoch:0 - critic/score/mean:0.951171875 - critic/score/max:1.0 - critic/score/min:0.0 - critic/rewards/mean:0.951171875 - critic/rewards/max:1.0 - critic/rewards/min:0.0 - critic/advantages/mean:-0.008602763526141644 - critic/advantages/max:0.935412585735321 - critic/advantages/min:-2.4748666286468506 - critic/returns/mean:-0.008602763526141644 - critic/returns/max:0.935412585735321 - critic/returns/min:-2.4748666286468506 - response_length/mean:319.896484375 - response_length/max:1024.0 - response_length/min:127.0 - response_length/clip_ratio:0.001953125 - response_length_non_aborted/mean:319.896484375 - response_length_non_aborted/max:1024.0 - response_length_non_aborted/min:127.0 - response_length_non_aborted/clip_ratio:0.001953125 - response/aborted_ratio:0.0 - prompt_length/mean:80.984375 - prompt_length/max:150.0 - prompt_length/min:47.0 - prompt_length/clip_ratio:0.0 - num_turns/min:np.int32(2) - num_turns/max:np.int32(2) - num_turns/mean:np.float64(2.0) - timing_s/start_profile:8.38935375213623e-05 - timing_s/agent_loop/num_preempted/min:np.int64(-1) - timing_s/agent_loop/num_preempted/max:np.int64(-1) - timing_s/agent_loop/num_preempted/mean:np.float64(-1.0) - timing_s/agent_loop/generate_sequences/min:np.float64(3.1037613600492477) - timing_s/agent_loop/generate_sequences/max:np.float64(17.8827355094254) - timing_s/agent_loop/generate_sequences/mean:np.float64(7.436706292450253) - timing_s/agent_loop/tool_calls/min:np.float64(0.0) - timing_s/agent_loop/tool_calls/max:np.float64(0.0) - timing_s/agent_loop/tool_calls/mean:np.float64(0.0) - timing_s/agent_loop/compute_score/min:np.float64(0.006582312285900116) - timing_s/agent_loop/compute_score/max:np.float64(0.026187408715486526) - timing_s/agent_loop/compute_score/mean:np.float64(0.010825306431797799) - timing_s/agent_loop/slowest/generate_sequences:np.float64(17.8827355094254) - timing_s/agent_loop/slowest/tool_calls:np.float64(0.0) - timing_s/agent_loop/slowest/compute_score:np.float64(0.012558337301015854) - timing_s/agent_loop/slowest/num_preempted:np.int64(-1) - timing_s/agent_loop/slowest/prompt_length:84 - timing_s/agent_loop/slowest/response_length:1024 - timing_s/gen:18.85774900019169 - timing_s/reward:2.5130808353424072e-05 - timing_s/old_log_prob:45.04762975126505 - timing_s/ref:63.83773801848292 - timing_s/adv:0.017484750598669052 - timing_s/update_actor:188.097794175148 - timing_s/save_checkpoint:170.9740025550127 - timing_s/update_weights:4.780133306980133 - timing_s/step:491.77075370401144 - timing_s/testing:28.793857589364052 - timing_s/stop_profile:0.00011399388313293457 - timing_per_token_ms/gen:0.11513581053558396 - timing_per_token_ms/update_actor:0.916428149802671 - timing_per_token_ms/ref:0.31102278682434154 - timing_per_token_ms/adv:8.518716400246066e-05 - perf/total_num_tokens:205251 - perf/time_per_step:491.77075370401144 - perf/throughput:104.34282562253445
[36m(TaskRunner pid=2033431)[0m step:101 - global_seqlen/min:46032 - global_seqlen/max:54899 - global_seqlen/minmax_diff:8867 - global_seqlen/balanced_min:50835 - global_seqlen/balanced_max:50883 - global_seqlen/mean:50858.0 - actor/entropy:0.07499755173921585 - perf/mfu/actor_infer:0.028321903605779398 - actor/pg_clipfrac:np.float64(0.00014287243902799673) - actor/ppo_kl:np.float64(2.551998451849613e-05) - actor/pg_clipfrac_lower:np.float64(0.0) - actor/pg_loss:np.float64(0.018744623579550534) - actor/kl_loss:np.float64(0.1533029889978934) - actor/kl_coef:np.float64(0.0010000000000000005) - actor/loss:np.float64(0.018897927133366466) - actor/grad_norm:np.float64(0.25958267599344254) - actor/perf/max_memory_allocated_gb:np.float64(20.273035049438477) - actor/perf/max_memory_reserved_gb:np.float64(34.158203125) - actor/perf/cpu_memory_used_gb:np.float64(109.52169609069824) - actor/lr:np.float64(1e-06) - perf/mfu/actor:np.float64(0.02005033329170965) - training/global_step:101 - training/epoch:0 - critic/score/mean:0.96875 - critic/score/max:1.0 - critic/score/min:0.0 - critic/rewards/mean:0.96875 - critic/rewards/max:1.0 - critic/rewards/min:0.0 - critic/advantages/mean:-0.018965089693665504 - critic/advantages/max:1.6201815605163574 - critic/advantages/min:-2.4748666286468506 - critic/returns/mean:-0.018965089693665504 - critic/returns/max:1.6201815605163574 - critic/returns/min:-2.4748666286468506 - response_length/mean:318.40625 - response_length/max:1024.0 - response_length/min:125.0 - response_length/clip_ratio:0.00390625 - response_length_non_aborted/mean:318.40625 - response_length_non_aborted/max:1024.0 - response_length_non_aborted/min:125.0 - response_length_non_aborted/clip_ratio:0.00390625 - response/aborted_ratio:0.0 - prompt_length/mean:78.921875 - prompt_length/max:165.0 - prompt_length/min:51.0 - prompt_length/clip_ratio:0.0 - num_turns/min:np.int32(2) - num_turns/max:np.int32(2) - num_turns/mean:np.float64(2.0) - timing_s/start_profile:6.917864084243774e-05 - timing_s/agent_loop/num_preempted/min:np.int64(-1) - timing_s/agent_loop/num_preempted/max:np.int64(-1) - timing_s/agent_loop/num_preempted/mean:np.float64(-1.0) - timing_s/agent_loop/generate_sequences/min:np.float64(3.0318865217268467) - timing_s/agent_loop/generate_sequences/max:np.float64(17.947653625160456) - timing_s/agent_loop/generate_sequences/mean:np.float64(7.454757321065699) - timing_s/agent_loop/tool_calls/min:np.float64(0.0) - timing_s/agent_loop/tool_calls/max:np.float64(0.0) - timing_s/agent_loop/tool_calls/mean:np.float64(0.0) - timing_s/agent_loop/compute_score/min:np.float64(0.007163383066654205) - timing_s/agent_loop/compute_score/max:np.float64(0.025508519262075424) - timing_s/agent_loop/compute_score/mean:np.float64(0.010669877243344672) - timing_s/agent_loop/slowest/generate_sequences:np.float64(17.947653625160456) - timing_s/agent_loop/slowest/tool_calls:np.float64(0.0) - timing_s/agent_loop/slowest/compute_score:np.float64(0.011258743703365326) - timing_s/agent_loop/slowest/num_preempted:np.int64(-1) - timing_s/agent_loop/slowest/prompt_length:67 - timing_s/agent_loop/slowest/response_length:1024 - timing_s/gen:19.003516618162394 - timing_s/reward:2.60770320892334e-05 - timing_s/old_log_prob:45.399495746940374 - timing_s/ref:63.94383591413498 - timing_s/adv:0.018620919436216354 - timing_s/update_actor:188.8615452311933 - timing_s/update_weights:4.521682392805815 - timing_s/step:321.90496011823416 - timing_s/stop_profile:0.00014692917466163635 - timing_per_token_ms/gen:0.11656882801404943 - timing_per_token_ms/update_actor:0.9283767806008558 - timing_per_token_ms/ref:0.3143253564539255 - timing_per_token_ms/adv:9.153387587113313e-05 - perf/total_num_tokens:203432 - perf/time_per_step:321.90496011823416 - perf/throughput:157.99073111927228
[36m(TaskRunner pid=2033431)[0m step:102 - global_seqlen/min:47575 - global_seqlen/max:53533 - global_seqlen/minmax_diff:5958 - global_seqlen/balanced_min:50887 - global_seqlen/balanced_max:50892 - global_seqlen/mean:50890.25 - actor/entropy:0.09057794511318207 - perf/mfu/actor_infer:0.02794727578568848 - actor/pg_clipfrac:np.float64(0.0003693566245601687) - actor/ppo_kl:np.float64(-0.0001176593823828398) - actor/pg_clipfrac_lower:np.float64(0.0) - actor/pg_loss:np.float64(0.03145069582387805) - actor/kl_loss:np.float64(0.1533451748546213) - actor/kl_coef:np.float64(0.0010000000000000005) - actor/loss:np.float64(0.03160403948277235) - actor/grad_norm:np.float64(0.41129450500011444) - actor/perf/max_memory_allocated_gb:np.float64(20.273035049438477) - actor/perf/max_memory_reserved_gb:np.float64(34.158203125) - actor/perf/cpu_memory_used_gb:np.float64(109.30170822143555) - actor/lr:np.float64(1e-06) - perf/mfu/actor:np.float64(0.020089411805007715) - training/global_step:102 - training/epoch:0 - critic/score/mean:0.962890625 - critic/score/max:1.0 - critic/score/min:0.0 - critic/rewards/mean:0.962890625 - critic/rewards/max:1.0 - critic/rewards/min:0.0 - critic/advantages/mean:-0.03126299008727074 - critic/advantages/max:0.7245674133300781 - critic/advantages/min:-2.4748666286468506 - critic/returns/mean:-0.03126299008727074 - critic/returns/max:0.7245674133300781 - critic/returns/min:-2.4748666286468506 - response_length/mean:322.283203125 - response_length/max:1024.0 - response_length/min:108.0 - response_length/clip_ratio:0.015625 - response_length_non_aborted/mean:322.283203125 - response_length_non_aborted/max:1024.0 - response_length_non_aborted/min:108.0 - response_length_non_aborted/clip_ratio:0.015625 - response/aborted_ratio:0.0 - prompt_length/mean:75.296875 - prompt_length/max:118.0 - prompt_length/min:43.0 - prompt_length/clip_ratio:0.0 - num_turns/min:np.int32(2) - num_turns/max:np.int32(2) - num_turns/mean:np.float64(2.0) - timing_s/start_profile:8.367002010345459e-05 - timing_s/agent_loop/num_preempted/min:np.int64(-1) - timing_s/agent_loop/num_preempted/max:np.int64(-1) - timing_s/agent_loop/num_preempted/mean:np.float64(-1.0) - timing_s/agent_loop/generate_sequences/min:np.float64(2.645184651017189) - timing_s/agent_loop/generate_sequences/max:np.float64(18.305897817015648) - timing_s/agent_loop/generate_sequences/mean:np.float64(7.423033801918791) - timing_s/agent_loop/tool_calls/min:np.float64(0.0) - timing_s/agent_loop/tool_calls/max:np.float64(0.0) - timing_s/agent_loop/tool_calls/mean:np.float64(0.0) - timing_s/agent_loop/compute_score/min:np.float64(0.007580224424600601) - timing_s/agent_loop/compute_score/max:np.float64(0.029596704989671707) - timing_s/agent_loop/compute_score/mean:np.float64(0.010822510645084549) - timing_s/agent_loop/slowest/generate_sequences:np.float64(18.305897817015648) - timing_s/agent_loop/slowest/tool_calls:np.float64(0.0) - timing_s/agent_loop/slowest/compute_score:np.float64(0.011887665838003159) - timing_s/agent_loop/slowest/num_preempted:np.int64(-1) - timing_s/agent_loop/slowest/prompt_length:111 - timing_s/agent_loop/slowest/response_length:1024 - timing_s/gen:19.333343856036663 - timing_s/reward:3.2354146242141724e-05 - timing_s/old_log_prob:46.00425998494029 - timing_s/ref:63.855897787958384 - timing_s/adv:0.019800245761871338 - timing_s/update_actor:188.7964993044734 - timing_s/update_weights:5.369037263095379 - timing_s/step:323.53086569160223 - timing_s/stop_profile:0.00013313442468643188 - timing_per_token_ms/gen:0.1171653901062164 - timing_per_token_ms/update_actor:0.9274689125346869 - timing_per_token_ms/ref:0.31369416434365316 - timing_per_token_ms/adv:9.726934806702334e-05 - perf/total_num_tokens:203561 - perf/time_per_step:323.53086569160223 - perf/throughput:157.2964294804251
[36m(TaskRunner pid=2033431)[0m step:103 - global_seqlen/min:50600 - global_seqlen/max:59009 - global_seqlen/minmax_diff:8409 - global_seqlen/balanced_min:54530 - global_seqlen/balanced_max:54531 - global_seqlen/mean:54530.25 - actor/entropy:0.09147275239229202 - perf/mfu/actor_infer:0.030455176840043896 - actor/pg_clipfrac:np.float64(0.00019703064435816486) - actor/ppo_kl:np.float64(-4.759811070087494e-05) - actor/pg_clipfrac_lower:np.float64(0.0) - actor/pg_loss:np.float64(0.008089349197689444) - actor/kl_loss:np.float64(0.1462564963439945) - actor/kl_coef:np.float64(0.0010000000000000005) - actor/loss:np.float64(0.008235604967921972) - actor/grad_norm:np.float64(0.2972969114780426) - actor/perf/max_memory_allocated_gb:np.float64(20.273035049438477) - actor/perf/max_memory_reserved_gb:np.float64(34.158203125) - actor/perf/cpu_memory_used_gb:np.float64(109.18801307678223) - actor/lr:np.float64(1e-06) - perf/mfu/actor:np.float64(0.021513107431104395) - training/global_step:103 - training/epoch:0 - critic/score/mean:0.962890625 - critic/score/max:1.0 - critic/score/min:0.0 - critic/rewards/mean:0.962890625 - critic/rewards/max:1.0 - critic/rewards/min:0.0 - critic/advantages/mean:-0.008016708306968212 - critic/advantages/max:1.20761239528656 - critic/advantages/min:-2.4748666286468506 - critic/returns/mean:-0.008016708306968212 - critic/returns/max:1.20761239528656 - critic/returns/min:-2.4748666286468506 - response_length/mean:345.095703125 - response_length/max:1024.0 - response_length/min:119.0 - response_length/clip_ratio:0.01171875 - response_length_non_aborted/mean:345.095703125 - response_length_non_aborted/max:1024.0 - response_length_non_aborted/min:119.0 - response_length_non_aborted/clip_ratio:0.01171875 - response/aborted_ratio:0.0 - prompt_length/mean:80.921875 - prompt_length/max:121.0 - prompt_length/min:54.0 - prompt_length/clip_ratio:0.0 - num_turns/min:np.int32(2) - num_turns/max:np.int32(2) - num_turns/mean:np.float64(2.0) - timing_s/start_profile:0.0001607649028301239 - timing_s/agent_loop/num_preempted/min:np.int64(-1) - timing_s/agent_loop/num_preempted/max:np.int64(-1) - timing_s/agent_loop/num_preempted/mean:np.float64(-1.0) - timing_s/agent_loop/generate_sequences/min:np.float64(2.9220126420259476) - timing_s/agent_loop/generate_sequences/max:np.float64(18.630078688263893) - timing_s/agent_loop/generate_sequences/mean:np.float64(8.04791408492747) - timing_s/agent_loop/tool_calls/min:np.float64(0.0) - timing_s/agent_loop/tool_calls/max:np.float64(0.0) - timing_s/agent_loop/tool_calls/mean:np.float64(0.0) - timing_s/agent_loop/compute_score/min:np.float64(0.00603894516825676) - timing_s/agent_loop/compute_score/max:np.float64(0.027533523738384247) - timing_s/agent_loop/compute_score/mean:np.float64(0.010530769177421462) - timing_s/agent_loop/slowest/generate_sequences:np.float64(18.630078688263893) - timing_s/agent_loop/slowest/tool_calls:np.float64(0.0) - timing_s/agent_loop/slowest/compute_score:np.float64(0.010252423584461212) - timing_s/agent_loop/slowest/num_preempted:np.int64(-1) - timing_s/agent_loop/slowest/prompt_length:91 - timing_s/agent_loop/slowest/response_length:1024 - timing_s/gen:19.602991081774235 - timing_s/reward:2.3521482944488525e-05 - timing_s/old_log_prob:45.158940982073545 - timing_s/ref:63.94070450589061 - timing_s/adv:0.01343509927392006 - timing_s/update_actor:188.9339995905757 - timing_s/update_weights:4.524453792721033 - timing_s/step:322.3261818625033 - timing_s/stop_profile:6.226450204849243e-05 - timing_per_token_ms/gen:0.11094630159078514 - timing_per_token_ms/update_actor:0.8661889482928086 - timing_per_token_ms/ref:0.2931432760068522 - timing_per_token_ms/adv:6.159470786361726e-05 - perf/total_num_tokens:218121 - perf/time_per_step:322.3261818625033 - perf/throughput:169.1772281262008
[36m(TaskRunner pid=2033431)[0m step:104 - global_seqlen/min:50012 - global_seqlen/max:56328 - global_seqlen/minmax_diff:6316 - global_seqlen/balanced_min:52324 - global_seqlen/balanced_max:52325 - global_seqlen/mean:52324.5 - actor/entropy:0.09000048786401749 - perf/mfu/actor_infer:0.029292012179676166 - actor/pg_clipfrac:np.float64(0.00021980337896820856) - actor/ppo_kl:np.float64(-5.901514121831042e-06) - actor/pg_clipfrac_lower:np.float64(0.0) - actor/pg_loss:np.float64(0.02002548408927396) - actor/kl_loss:np.float64(0.14675588415411767) - actor/kl_coef:np.float64(0.0010000000000000005) - actor/loss:np.float64(0.020172241143882275) - actor/grad_norm:np.float64(0.38067905604839325) - actor/perf/max_memory_allocated_gb:np.float64(20.273035049438477) - actor/perf/max_memory_reserved_gb:np.float64(34.158203125) - actor/perf/cpu_memory_used_gb:np.float64(109.61995887756348) - actor/lr:np.float64(1e-06) - perf/mfu/actor:np.float64(0.02066575580165825) - training/global_step:104 - training/epoch:0 - critic/score/mean:0.93359375 - critic/score/max:1.0 - critic/score/min:0.0 - critic/rewards/mean:0.93359375 - critic/rewards/max:1.0 - critic/rewards/min:0.0 - critic/advantages/mean:-0.020409483462572098 - critic/advantages/max:2.4748666286468506 - critic/advantages/min:-2.4748666286468506 - critic/returns/mean:-0.020409483462572098 - critic/returns/max:2.4748666286468506 - critic/returns/min:-2.4748666286468506 - response_length/mean:329.86328125 - response_length/max:1024.0 - response_length/min:105.0 - response_length/clip_ratio:0.0234375 - response_length_non_aborted/mean:329.86328125 - response_length_non_aborted/max:1024.0 - response_length_non_aborted/min:105.0 - response_length_non_aborted/clip_ratio:0.0234375 - response/aborted_ratio:0.0 - prompt_length/mean:78.921875 - prompt_length/max:144.0 - prompt_length/min:41.0 - prompt_length/clip_ratio:0.0 - num_turns/min:np.int32(2) - num_turns/max:np.int32(2) - num_turns/mean:np.float64(2.0) - timing_s/start_profile:9.016692638397217e-05 - timing_s/agent_loop/num_preempted/min:np.int64(-1) - timing_s/agent_loop/num_preempted/max:np.int64(-1) - timing_s/agent_loop/num_preempted/mean:np.float64(-1.0) - timing_s/agent_loop/generate_sequences/min:np.float64(2.6329681277275085) - timing_s/agent_loop/generate_sequences/max:np.float64(18.93355480954051) - timing_s/agent_loop/generate_sequences/mean:np.float64(7.618559394977638) - timing_s/agent_loop/tool_calls/min:np.float64(0.0) - timing_s/agent_loop/tool_calls/max:np.float64(0.0) - timing_s/agent_loop/tool_calls/mean:np.float64(0.0) - timing_s/agent_loop/compute_score/min:np.float64(0.005334105342626572) - timing_s/agent_loop/compute_score/max:np.float64(0.03059576079249382) - timing_s/agent_loop/compute_score/mean:np.float64(0.010743278020527214) - timing_s/agent_loop/slowest/generate_sequences:np.float64(18.93355480954051) - timing_s/agent_loop/slowest/tool_calls:np.float64(0.0) - timing_s/agent_loop/slowest/compute_score:np.float64(0.009170159697532654) - timing_s/agent_loop/slowest/num_preempted:np.int64(-1) - timing_s/agent_loop/slowest/prompt_length:123 - timing_s/agent_loop/slowest/response_length:1024 - timing_s/gen:19.975272074341774 - timing_s/reward:2.1558254957199097e-05 - timing_s/old_log_prob:44.78103003278375 - timing_s/ref:64.09475654736161 - timing_s/adv:0.01688201352953911 - timing_s/update_actor:188.80342846363783 - timing_s/update_weights:4.526947602629662 - timing_s/step:322.3503392972052 - timing_s/stop_profile:0.00010549649596214294 - timing_per_token_ms/gen:0.11827385916479231 - timing_per_token_ms/update_actor:0.9020794678574943 - timing_per_token_ms/ref:0.3062368323985973 - timing_per_token_ms/adv:8.06601760625477e-05 - perf/total_num_tokens:209298 - perf/time_per_step:322.3503392972052 - perf/throughput:162.32183938158386
[36m(TaskRunner pid=2033431)[0m step:105 - global_seqlen/min:44452 - global_seqlen/max:53746 - global_seqlen/minmax_diff:9294 - global_seqlen/balanced_min:49588 - global_seqlen/balanced_max:49600 - global_seqlen/mean:49591.0 - actor/entropy:0.07289229333400726 - perf/mfu/actor_infer:0.027760872228472403 - actor/pg_clipfrac:np.float64(0.00014438190373766702) - actor/ppo_kl:np.float64(-1.4170010814495981e-05) - actor/pg_clipfrac_lower:np.float64(0.0) - actor/pg_loss:np.float64(-0.002468919148668647) - actor/kl_loss:np.float64(0.16267958719981834) - actor/kl_coef:np.float64(0.0010000000000000005) - actor/loss:np.float64(-0.0023062394466251135) - actor/grad_norm:np.float64(0.2890710383653641) - actor/perf/max_memory_allocated_gb:np.float64(20.273035049438477) - actor/perf/max_memory_reserved_gb:np.float64(34.158203125) - actor/perf/cpu_memory_used_gb:np.float64(109.98602867126465) - actor/lr:np.float64(1e-06) - perf/mfu/actor:np.float64(0.019548929159085175) - training/global_step:105 - training/epoch:0 - critic/score/mean:0.9921875 - critic/score/max:1.0 - critic/score/min:0.0 - critic/rewards/mean:0.9921875 - critic/rewards/max:1.0 - critic/rewards/min:0.0 - critic/advantages/mean:0.0025890967808663845 - critic/advantages/max:0.7245674133300781 - critic/advantages/min:-2.4748666286468506 - critic/returns/mean:0.0025890967808663845 - critic/returns/max:0.7245674133300781 - critic/returns/min:-2.4748666286468506 - response_length/mean:305.4453125 - response_length/max:923.0 - response_length/min:122.0 - response_length/clip_ratio:0.0 - response_length_non_aborted/mean:305.4453125 - response_length_non_aborted/max:923.0 - response_length_non_aborted/min:122.0 - response_length_non_aborted/clip_ratio:0.0 - response/aborted_ratio:0.0 - prompt_length/mean:81.984375 - prompt_length/max:159.0 - prompt_length/min:52.0 - prompt_length/clip_ratio:0.0 - num_turns/min:np.int32(2) - num_turns/max:np.int32(2) - num_turns/mean:np.float64(2.0) - timing_s/start_profile:0.00010719895362854004 - timing_s/agent_loop/num_preempted/min:np.int64(-1) - timing_s/agent_loop/num_preempted/max:np.int64(-1) - timing_s/agent_loop/num_preempted/mean:np.float64(-1.0) - timing_s/agent_loop/generate_sequences/min:np.float64(2.9280986972153187) - timing_s/agent_loop/generate_sequences/max:np.float64(16.497341580688953) - timing_s/agent_loop/generate_sequences/mean:np.float64(7.185630820858933) - timing_s/agent_loop/tool_calls/min:np.float64(0.0) - timing_s/agent_loop/tool_calls/max:np.float64(0.0) - timing_s/agent_loop/tool_calls/mean:np.float64(0.0) - timing_s/agent_loop/compute_score/min:np.float64(0.005404990166425705) - timing_s/agent_loop/compute_score/max:np.float64(0.024835847318172455) - timing_s/agent_loop/compute_score/mean:np.float64(0.010317126500012819) - timing_s/agent_loop/slowest/generate_sequences:np.float64(16.497341580688953) - timing_s/agent_loop/slowest/tool_calls:np.float64(0.0) - timing_s/agent_loop/slowest/compute_score:np.float64(0.011560730636119843) - timing_s/agent_loop/slowest/num_preempted:np.int64(-1) - timing_s/agent_loop/slowest/prompt_length:81 - timing_s/agent_loop/slowest/response_length:923 - timing_s/gen:17.427511855959892 - timing_s/reward:2.658367156982422e-05 - timing_s/old_log_prob:44.658936247229576 - timing_s/ref:64.27509390562773 - timing_s/adv:0.014695078134536743 - timing_s/update_actor:188.68257353827357 - timing_s/update_weights:4.517551228404045 - timing_s/step:319.72382900491357 - timing_s/stop_profile:0.0001405179500579834 - timing_per_token_ms/gen:0.11143765414200509 - timing_per_token_ms/update_actor:0.9511936315978382 - timing_per_token_ms/ref:0.3240260022263502 - timing_per_token_ms/adv:7.408137633107188e-05 - perf/total_num_tokens:198364 - perf/time_per_step:319.72382900491357 - perf/throughput:155.10573658004665
[36m(TaskRunner pid=2033431)[0m step:106 - global_seqlen/min:47669 - global_seqlen/max:57922 - global_seqlen/minmax_diff:10253 - global_seqlen/balanced_min:52971 - global_seqlen/balanced_max:52975 - global_seqlen/mean:52973.5 - actor/entropy:0.08310206979513168 - perf/mfu/actor_infer:0.029567653891416117 - actor/pg_clipfrac:np.float64(9.92508157651173e-05) - actor/ppo_kl:np.float64(5.651059780120704e-06) - actor/pg_clipfrac_lower:np.float64(0.0) - actor/pg_loss:np.float64(0.006029148120433092) - actor/kl_loss:np.float64(0.15190776664530858) - actor/kl_coef:np.float64(0.0010000000000000005) - actor/loss:np.float64(0.006181053817272186) - actor/grad_norm:np.float64(0.2625005394220352) - actor/perf/max_memory_allocated_gb:np.float64(20.273035049438477) - actor/perf/max_memory_reserved_gb:np.float64(34.158203125) - actor/perf/cpu_memory_used_gb:np.float64(109.18989372253418) - actor/lr:np.float64(1e-06) - perf/mfu/actor:np.float64(0.020957844453821463) - training/global_step:106 - training/epoch:0 - critic/score/mean:0.951171875 - critic/score/max:1.0 - critic/score/min:0.0 - critic/rewards/mean:0.951171875 - critic/rewards/max:1.0 - critic/rewards/min:0.0 - critic/advantages/mean:-0.006235138978809118 - critic/advantages/max:2.4748666286468506 - critic/advantages/min:-0.7245674133300781 - critic/returns/mean:-0.006235138978809118 - critic/returns/max:2.4748666286468506 - critic/returns/min:-0.7245674133300781 - response_length/mean:333.44921875 - response_length/max:1024.0 - response_length/min:115.0 - response_length/clip_ratio:0.01953125 - response_length_non_aborted/mean:333.44921875 - response_length_non_aborted/max:1024.0 - response_length_non_aborted/min:115.0 - response_length_non_aborted/clip_ratio:0.01953125 - response/aborted_ratio:0.0 - prompt_length/mean:80.40625 - prompt_length/max:158.0 - prompt_length/min:47.0 - prompt_length/clip_ratio:0.0 - num_turns/min:np.int32(2) - num_turns/max:np.int32(2) - num_turns/mean:np.float64(2.0) - timing_s/start_profile:7.311999797821045e-05 - timing_s/agent_loop/num_preempted/min:np.int64(-1) - timing_s/agent_loop/num_preempted/max:np.int64(-1) - timing_s/agent_loop/num_preempted/mean:np.float64(-1.0) - timing_s/agent_loop/generate_sequences/min:np.float64(2.8634256459772587) - timing_s/agent_loop/generate_sequences/max:np.float64(18.409920074045658) - timing_s/agent_loop/generate_sequences/mean:np.float64(7.74436233239976) - timing_s/agent_loop/tool_calls/min:np.float64(0.0) - timing_s/agent_loop/tool_calls/max:np.float64(0.0) - timing_s/agent_loop/tool_calls/mean:np.float64(0.0) - timing_s/agent_loop/compute_score/min:np.float64(0.007939845323562622) - timing_s/agent_loop/compute_score/max:np.float64(0.02312226966023445) - timing_s/agent_loop/compute_score/mean:np.float64(0.01064705234603025) - timing_s/agent_loop/slowest/generate_sequences:np.float64(18.409920074045658) - timing_s/agent_loop/slowest/tool_calls:np.float64(0.0) - timing_s/agent_loop/slowest/compute_score:np.float64(0.010704804211854935) - timing_s/agent_loop/slowest/num_preempted:np.int64(-1) - timing_s/agent_loop/slowest/prompt_length:83 - timing_s/agent_loop/slowest/response_length:1024 - timing_s/gen:19.392769686877728 - timing_s/reward:2.4881213903427124e-05 - timing_s/old_log_prob:44.94673044979572 - timing_s/ref:63.88745008409023 - timing_s/adv:0.01692771539092064 - timing_s/update_actor:188.71710000932217 - timing_s/update_weights:4.540878690779209 - timing_s/step:321.6540572606027 - timing_s/stop_profile:0.0001678168773651123 - timing_per_token_ms/gen:0.1135900196037963 - timing_per_token_ms/update_actor:0.8906203101990721 - timing_per_token_ms/ref:0.30150664994804116 - timing_per_token_ms/adv:7.988765793708477e-05 - perf/total_num_tokens:211894 - perf/time_per_step:321.6540572606027 - perf/throughput:164.69091187953242
[36m(TaskRunner pid=2033431)[0m step:107 - global_seqlen/min:53171 - global_seqlen/max:56344 - global_seqlen/minmax_diff:3173 - global_seqlen/balanced_min:54892 - global_seqlen/balanced_max:54904 - global_seqlen/mean:54897.0 - actor/entropy:0.07817602902650833 - perf/mfu/actor_infer:0.03060168048333721 - actor/pg_clipfrac:np.float64(0.00026420986569064553) - actor/ppo_kl:np.float64(3.7407316199278284e-05) - actor/pg_clipfrac_lower:np.float64(0.0) - actor/pg_loss:np.float64(-0.001307507511228323) - actor/kl_loss:np.float64(0.15371834099642) - actor/kl_coef:np.float64(0.0010000000000000005) - actor/loss:np.float64(-0.0011537880636751652) - actor/grad_norm:np.float64(0.2934301644563675) - actor/perf/max_memory_allocated_gb:np.float64(20.273035049438477) - actor/perf/max_memory_reserved_gb:np.float64(34.158203125) - actor/perf/cpu_memory_used_gb:np.float64(109.21712493896484) - actor/lr:np.float64(1e-06) - perf/mfu/actor:np.float64(0.021681731371058922) - training/global_step:107 - training/epoch:0 - critic/score/mean:0.9609375 - critic/score/max:1.0 - critic/score/min:0.0 - critic/rewards/mean:0.9609375 - critic/rewards/max:1.0 - critic/rewards/min:0.0 - critic/advantages/mean:0.0011910534230992198 - critic/advantages/max:0.935412585735321 - critic/advantages/min:-2.4748666286468506 - critic/returns/mean:0.0011910534230992198 - critic/returns/max:0.935412585735321 - critic/returns/min:-2.4748666286468506 - response_length/mean:342.1171875 - response_length/max:997.0 - response_length/min:164.0 - response_length/clip_ratio:0.0 - response_length_non_aborted/mean:342.1171875 - response_length_non_aborted/max:997.0 - response_length_non_aborted/min:164.0 - response_length_non_aborted/clip_ratio:0.0 - response/aborted_ratio:0.0 - prompt_length/mean:86.765625 - prompt_length/max:168.0 - prompt_length/min:54.0 - prompt_length/clip_ratio:0.0 - num_turns/min:np.int32(2) - num_turns/max:np.int32(2) - num_turns/mean:np.float64(2.0) - timing_s/start_profile:0.00011903420090675354 - timing_s/agent_loop/num_preempted/min:np.int64(-1) - timing_s/agent_loop/num_preempted/max:np.int64(-1) - timing_s/agent_loop/num_preempted/mean:np.float64(-1.0) - timing_s/agent_loop/generate_sequences/min:np.float64(4.100634146481752) - timing_s/agent_loop/generate_sequences/max:np.float64(17.97262893244624) - timing_s/agent_loop/generate_sequences/mean:np.float64(8.141142574633704) - timing_s/agent_loop/tool_calls/min:np.float64(0.0) - timing_s/agent_loop/tool_calls/max:np.float64(0.0) - timing_s/agent_loop/tool_calls/mean:np.float64(0.0) - timing_s/agent_loop/compute_score/min:np.float64(0.007534869015216827) - timing_s/agent_loop/compute_score/max:np.float64(0.022831935435533524) - timing_s/agent_loop/compute_score/mean:np.float64(0.010554432308708783) - timing_s/agent_loop/slowest/generate_sequences:np.float64(17.97262893244624) - timing_s/agent_loop/slowest/tool_calls:np.float64(0.0) - timing_s/agent_loop/slowest/compute_score:np.float64(0.011367399245500565) - timing_s/agent_loop/slowest/num_preempted:np.int64(-1) - timing_s/agent_loop/slowest/prompt_length:168 - timing_s/agent_loop/slowest/response_length:997 - timing_s/gen:18.948681015521288 - timing_s/reward:2.590194344520569e-05 - timing_s/old_log_prob:44.92156317085028 - timing_s/ref:63.8674623593688 - timing_s/adv:0.016768332570791245 - timing_s/update_actor:189.03914839029312 - timing_s/update_weights:4.560923218727112 - timing_s/step:321.5029131025076 - timing_s/stop_profile:0.00013480335474014282 - timing_per_token_ms/gen:0.10817680011601293 - timing_per_token_ms/update_actor:0.8608810517436888 - timing_per_token_ms/ref:0.2908513323103667 - timing_per_token_ms/adv:7.636270001453287e-05 - perf/total_num_tokens:219588 - perf/time_per_step:321.5029131025076 - perf/throughput:170.75117444580263
[36m(TaskRunner pid=2033431)[0m step:108 - global_seqlen/min:50789 - global_seqlen/max:62522 - global_seqlen/minmax_diff:11733 - global_seqlen/balanced_min:56347 - global_seqlen/balanced_max:56352 - global_seqlen/mean:56349.75 - actor/entropy:0.08464483916759491 - perf/mfu/actor_infer:0.031397418413952036 - actor/pg_clipfrac:np.float64(0.00016286849495372735) - actor/ppo_kl:np.float64(1.9789492796462582e-05) - actor/pg_clipfrac_lower:np.float64(0.0) - actor/pg_loss:np.float64(0.019959499884862453) - actor/kl_loss:np.float64(0.147698743006913) - actor/kl_coef:np.float64(0.0010000000000000005) - actor/loss:np.float64(0.020107196178287268) - actor/grad_norm:np.float64(0.30789265036582947) - actor/perf/max_memory_allocated_gb:np.float64(20.273035049438477) - actor/perf/max_memory_reserved_gb:np.float64(34.158203125) - actor/perf/cpu_memory_used_gb:np.float64(109.54051780700684) - actor/lr:np.float64(1e-06) - perf/mfu/actor:np.float64(0.022240485266038376) - training/global_step:108 - training/epoch:0 - critic/score/mean:0.93359375 - critic/score/max:1.0 - critic/score/min:0.0 - critic/rewards/mean:0.93359375 - critic/rewards/max:1.0 - critic/rewards/min:0.0 - critic/advantages/mean:-0.02002640627324581 - critic/advantages/max:0.935412585735321 - critic/advantages/min:-1.6201815605163574 - critic/returns/mean:-0.02002640627324581 - critic/returns/max:0.935412585735321 - critic/returns/min:-1.6201815605163574 - response_length/mean:357.888671875 - response_length/max:1024.0 - response_length/min:117.0 - response_length/clip_ratio:0.0234375 - response_length_non_aborted/mean:357.888671875 - response_length_non_aborted/max:1024.0 - response_length_non_aborted/min:117.0 - response_length_non_aborted/clip_ratio:0.0234375 - response/aborted_ratio:0.0 - prompt_length/mean:82.34375 - prompt_length/max:139.0 - prompt_length/min:51.0 - prompt_length/clip_ratio:0.0 - num_turns/min:np.int32(2) - num_turns/max:np.int32(2) - num_turns/mean:np.float64(2.0) - timing_s/start_profile:9.437650442123413e-05 - timing_s/agent_loop/num_preempted/min:np.int64(-1) - timing_s/agent_loop/num_preempted/max:np.int64(-1) - timing_s/agent_loop/num_preempted/mean:np.float64(-1.0) - timing_s/agent_loop/generate_sequences/min:np.float64(2.9586945585906506) - timing_s/agent_loop/generate_sequences/max:np.float64(19.295657571405172) - timing_s/agent_loop/generate_sequences/mean:np.float64(8.414493949436292) - timing_s/agent_loop/tool_calls/min:np.float64(0.0) - timing_s/agent_loop/tool_calls/max:np.float64(0.0) - timing_s/agent_loop/tool_calls/mean:np.float64(0.0) - timing_s/agent_loop/compute_score/min:np.float64(0.00510367751121521) - timing_s/agent_loop/compute_score/max:np.float64(0.029361002147197723) - timing_s/agent_loop/compute_score/mean:np.float64(0.010320057757780887) - timing_s/agent_loop/slowest/generate_sequences:np.float64(19.29505940154195) - timing_s/agent_loop/slowest/tool_calls:np.float64(0.0) - timing_s/agent_loop/slowest/compute_score:np.float64(0.013225104659795761) - timing_s/agent_loop/slowest/num_preempted:np.int64(-1) - timing_s/agent_loop/slowest/prompt_length:76 - timing_s/agent_loop/slowest/response_length:1024 - timing_s/gen:20.324460472911596 - timing_s/reward:2.7060508728027344e-05 - timing_s/old_log_prob:45.0109020806849 - timing_s/ref:64.00750582292676 - timing_s/adv:0.01733662188053131 - timing_s/update_actor:189.13154290616512 - timing_s/update_weights:4.597332809120417 - timing_s/step:323.2308451682329 - timing_s/stop_profile:0.00017495080828666687 - timing_per_token_ms/gen:0.11091776572078868 - timing_per_token_ms/update_actor:0.8390966371020507 - timing_per_token_ms/ref:0.2839742227025264 - timing_per_token_ms/adv:7.691525641431998e-05 - perf/total_num_tokens:225399 - perf/time_per_step:323.2308451682329 - perf/throughput:174.33283624485614
[36m(TaskRunner pid=2033431)[0m step:109 - global_seqlen/min:49881 - global_seqlen/max:60008 - global_seqlen/minmax_diff:10127 - global_seqlen/balanced_min:55878 - global_seqlen/balanced_max:55890 - global_seqlen/mean:55885.0 - actor/entropy:0.0754183903336525 - perf/mfu/actor_infer:0.03115350531858993 - actor/pg_clipfrac:np.float64(0.00011809123225248186) - actor/ppo_kl:np.float64(9.188063749832054e-05) - actor/pg_clipfrac_lower:np.float64(0.0) - actor/pg_loss:np.float64(0.00899866473628208) - actor/kl_loss:np.float64(0.1463498189987149) - actor/kl_coef:np.float64(0.0010000000000000005) - actor/loss:np.float64(0.009145015850663185) - actor/grad_norm:np.float64(0.2118556648492813) - actor/perf/max_memory_allocated_gb:np.float64(20.273035049438477) - actor/perf/max_memory_reserved_gb:np.float64(34.158203125) - actor/perf/cpu_memory_used_gb:np.float64(109.50066184997559) - actor/lr:np.float64(1e-06) - perf/mfu/actor:np.float64(0.022045676165285202) - training/global_step:109 - training/epoch:0 - critic/score/mean:0.96875 - critic/score/max:1.0 - critic/score/min:0.0 - critic/rewards/mean:0.96875 - critic/rewards/max:1.0 - critic/rewards/min:0.0 - critic/advantages/mean:-0.009182369336485863 - critic/advantages/max:2.4748666286468506 - critic/advantages/min:-2.4748666286468506 - critic/returns/mean:-0.009182369336485863 - critic/returns/max:2.4748666286468506 - critic/returns/min:-2.4748666286468506 - response_length/mean:355.5546875 - response_length/max:1024.0 - response_length/min:140.0 - response_length/clip_ratio:0.001953125 - response_length_non_aborted/mean:355.5546875 - response_length_non_aborted/max:1024.0 - response_length_non_aborted/min:140.0 - response_length_non_aborted/clip_ratio:0.001953125 - response/aborted_ratio:0.0 - prompt_length/mean:81.046875 - prompt_length/max:149.0 - prompt_length/min:47.0 - prompt_length/clip_ratio:0.0 - num_turns/min:np.int32(2) - num_turns/max:np.int32(2) - num_turns/mean:np.float64(2.0) - timing_s/start_profile:0.0001608133316040039 - timing_s/agent_loop/num_preempted/min:np.int64(-1) - timing_s/agent_loop/num_preempted/max:np.int64(-1) - timing_s/agent_loop/num_preempted/mean:np.float64(-1.0) - timing_s/agent_loop/generate_sequences/min:np.float64(3.4476445354521275) - timing_s/agent_loop/generate_sequences/max:np.float64(18.358307912945747) - timing_s/agent_loop/generate_sequences/mean:np.float64(8.500266893337539) - timing_s/agent_loop/tool_calls/min:np.float64(0.0) - timing_s/agent_loop/tool_calls/max:np.float64(0.0) - timing_s/agent_loop/tool_calls/mean:np.float64(0.0) - timing_s/agent_loop/compute_score/min:np.float64(0.006378680467605591) - timing_s/agent_loop/compute_score/max:np.float64(0.028376128524541855) - timing_s/agent_loop/compute_score/mean:np.float64(0.010909523058217019) - timing_s/agent_loop/slowest/generate_sequences:np.float64(18.358307912945747) - timing_s/agent_loop/slowest/tool_calls:np.float64(0.0) - timing_s/agent_loop/slowest/compute_score:np.float64(0.011748798191547394) - timing_s/agent_loop/slowest/num_preempted:np.int64(-1) - timing_s/agent_loop/slowest/prompt_length:117 - timing_s/agent_loop/slowest/response_length:1024 - timing_s/gen:19.35371845960617 - timing_s/reward:2.5171786546707153e-05 - timing_s/old_log_prob:45.25812304392457 - timing_s/ref:63.92534301802516 - timing_s/adv:0.01686057075858116 - timing_s/update_actor:188.99146538972855 - timing_s/update_weights:4.56044365093112 - timing_s/step:322.258975494653 - timing_s/stop_profile:0.00016027316451072693 - timing_per_token_ms/gen:0.10631341027227577 - timing_per_token_ms/update_actor:0.8454480870972915 - timing_per_token_ms/ref:0.2859682518476566 - timing_per_token_ms/adv:7.542529640592807e-05 - perf/total_num_tokens:223540 - perf/time_per_step:322.258975494653 - perf/throughput:173.4164266929076
[36m(TaskRunner pid=2033431)[0m test_gen_batch meta info: {'eos_token_id': 151645, 'pad_token_id': 151643, 'recompute_log_prob': False, 'do_sample': False, 'validate': True, 'global_steps': 110}
[36m(TaskRunner pid=2033431)[0m validation generation end
[36m(TaskRunner pid=2033431)[0m step:110 - global_seqlen/min:50413 - global_seqlen/max:55095 - global_seqlen/minmax_diff:4682 - global_seqlen/balanced_min:52278 - global_seqlen/balanced_max:52280 - global_seqlen/mean:52278.5 - actor/entropy:0.06990545243024826 - perf/mfu/actor_infer:0.029172596391462125 - actor/pg_clipfrac:np.float64(3.8229910842346726e-05) - actor/ppo_kl:np.float64(3.881096588997934e-05) - actor/pg_clipfrac_lower:np.float64(0.0) - actor/pg_loss:np.float64(0.0005979512352496386) - actor/kl_loss:np.float64(0.1549860909290146) - actor/kl_coef:np.float64(0.0010000000000000005) - actor/loss:np.float64(0.0007529372815042734) - actor/grad_norm:np.float64(0.1305449642241001) - actor/perf/max_memory_allocated_gb:np.float64(20.273035049438477) - actor/perf/max_memory_reserved_gb:np.float64(34.158203125) - actor/perf/cpu_memory_used_gb:np.float64(109.55582237243652) - actor/lr:np.float64(1e-06) - perf/mfu/actor:np.float64(0.020608123470910338) - val-aux/openai/gsm8k/reward/mean@1:np.float64(0.9401061410159212) - val-core/openai/gsm8k/acc/mean@1:np.float64(0.9401061410159212) - val-aux/num_turns/min:np.int32(2) - val-aux/num_turns/max:np.int32(2) - val-aux/num_turns/mean:np.float64(2.0) - training/global_step:110 - training/epoch:0 - critic/score/mean:0.939453125 - critic/score/max:1.0 - critic/score/min:0.0 - critic/rewards/mean:0.939453125 - critic/rewards/max:1.0 - critic/rewards/min:0.0 - critic/advantages/mean:-0.0006290294113568962 - critic/advantages/max:2.4748666286468506 - critic/advantages/min:-0.35355237126350403 - critic/returns/mean:-0.0006290294113568962 - critic/returns/max:2.4748666286468506 - critic/returns/min:-0.35355237126350403 - response_length/mean:329.33203125 - response_length/max:711.0 - response_length/min:120.0 - response_length/clip_ratio:0.0 - response_length_non_aborted/mean:329.33203125 - response_length_non_aborted/max:711.0 - response_length_non_aborted/min:120.0 - response_length_non_aborted/clip_ratio:0.0 - response/aborted_ratio:0.0 - prompt_length/mean:79.09375 - prompt_length/max:124.0 - prompt_length/min:49.0 - prompt_length/clip_ratio:0.0 - num_turns/min:np.int32(2) - num_turns/max:np.int32(2) - num_turns/mean:np.float64(2.0) - timing_s/start_profile:8.589401841163635e-05 - timing_s/agent_loop/num_preempted/min:np.int64(-1) - timing_s/agent_loop/num_preempted/max:np.int64(-1) - timing_s/agent_loop/num_preempted/mean:np.float64(-1.0) - timing_s/agent_loop/generate_sequences/min:np.float64(2.9817240610718727) - timing_s/agent_loop/generate_sequences/max:np.float64(13.99197168275714) - timing_s/agent_loop/generate_sequences/mean:np.float64(7.857784932057257) - timing_s/agent_loop/tool_calls/min:np.float64(0.0) - timing_s/agent_loop/tool_calls/max:np.float64(0.0) - timing_s/agent_loop/tool_calls/mean:np.float64(0.0) - timing_s/agent_loop/compute_score/min:np.float64(0.006891980767250061) - timing_s/agent_loop/compute_score/max:np.float64(0.02414892241358757) - timing_s/agent_loop/compute_score/mean:np.float64(0.01072349539026618) - timing_s/agent_loop/slowest/generate_sequences:np.float64(13.99197168275714) - timing_s/agent_loop/slowest/tool_calls:np.float64(0.0) - timing_s/agent_loop/slowest/compute_score:np.float64(0.011133674532175064) - timing_s/agent_loop/slowest/num_preempted:np.int64(-1) - timing_s/agent_loop/slowest/prompt_length:84 - timing_s/agent_loop/slowest/response_length:711 - timing_s/gen:14.980325408279896 - timing_s/reward:2.0291656255722046e-05 - timing_s/old_log_prob:45.149596713483334 - timing_s/ref:63.921897906810045 - timing_s/adv:0.016935739666223526 - timing_s/update_actor:188.88710083812475 - timing_s/update_weights:4.511538736522198 - timing_s/step:317.61634013056755 - timing_s/testing:28.857217747718096 - timing_s/stop_profile:0.00010393932461738586 - timing_per_token_ms/gen:0.08884179274027622 - timing_per_token_ms/update_actor:0.9032733381702074 - timing_per_token_ms/ref:0.30567966710411565 - timing_per_token_ms/adv:8.098807189486847e-05 - perf/total_num_tokens:209114 - perf/time_per_step:317.61634013056755 - perf/throughput:164.59638058454127
[36m(TaskRunner pid=2033431)[0m step:111 - global_seqlen/min:49181 - global_seqlen/max:60572 - global_seqlen/minmax_diff:11391 - global_seqlen/balanced_min:53181 - global_seqlen/balanced_max:53186 - global_seqlen/mean:53183.25 - actor/entropy:0.08823029696941376 - perf/mfu/actor_infer:0.029716015167400123 - actor/pg_clipfrac:np.float64(0.000294679528906272) - actor/ppo_kl:np.float64(-1.3346640301392654e-05) - actor/pg_clipfrac_lower:np.float64(0.0) - actor/pg_loss:np.float64(0.011933464906178415) - actor/kl_loss:np.float64(0.15721455865423195) - actor/kl_coef:np.float64(0.0010000000000000005) - actor/loss:np.float64(0.012090681120753288) - actor/grad_norm:np.float64(0.3394693285226822) - actor/perf/max_memory_allocated_gb:np.float64(20.273035049438477) - actor/perf/max_memory_reserved_gb:np.float64(34.158203125) - actor/perf/cpu_memory_used_gb:np.float64(109.22401237487793) - actor/lr:np.float64(1e-06) - perf/mfu/actor:np.float64(0.020998760172225656) - training/global_step:111 - training/epoch:0 - critic/score/mean:0.943359375 - critic/score/max:1.0 - critic/score/min:0.0 - critic/rewards/mean:0.943359375 - critic/rewards/max:1.0 - critic/rewards/min:0.0 - critic/advantages/mean:-0.01239955797791481 - critic/advantages/max:1.6201815605163574 - critic/advantages/min:-2.4748666286468506 - critic/returns/mean:-0.01239955797791481 - critic/returns/max:1.6201815605163574 - critic/returns/min:-2.4748666286468506 - response_length/mean:334.712890625 - response_length/max:1024.0 - response_length/min:110.0 - response_length/clip_ratio:0.01953125 - response_length_non_aborted/mean:334.712890625 - response_length_non_aborted/max:1024.0 - response_length_non_aborted/min:110.0 - response_length_non_aborted/clip_ratio:0.01953125 - response/aborted_ratio:0.0 - prompt_length/mean:80.78125 - prompt_length/max:162.0 - prompt_length/min:56.0 - prompt_length/clip_ratio:0.0 - num_turns/min:np.int32(2) - num_turns/max:np.int32(2) - num_turns/mean:np.float64(2.0) - timing_s/start_profile:7.004290819168091e-05 - timing_s/agent_loop/num_preempted/min:np.int64(-1) - timing_s/agent_loop/num_preempted/max:np.int64(-1) - timing_s/agent_loop/num_preempted/mean:np.float64(-1.0) - timing_s/agent_loop/generate_sequences/min:np.float64(2.633411105722189) - timing_s/agent_loop/generate_sequences/max:np.float64(18.70163146778941) - timing_s/agent_loop/generate_sequences/mean:np.float64(7.697312768505071) - timing_s/agent_loop/tool_calls/min:np.float64(0.0) - timing_s/agent_loop/tool_calls/max:np.float64(0.0) - timing_s/agent_loop/tool_calls/mean:np.float64(0.0) - timing_s/agent_loop/compute_score/min:np.float64(0.0064976513385772705) - timing_s/agent_loop/compute_score/max:np.float64(0.030723653733730316) - timing_s/agent_loop/compute_score/mean:np.float64(0.01015710353385657) - timing_s/agent_loop/slowest/generate_sequences:np.float64(18.70163146778941) - timing_s/agent_loop/slowest/tool_calls:np.float64(0.0) - timing_s/agent_loop/slowest/compute_score:np.float64(0.010846760123968124) - timing_s/agent_loop/slowest/num_preempted:np.int64(-1) - timing_s/agent_loop/slowest/prompt_length:97 - timing_s/agent_loop/slowest/response_length:1024 - timing_s/gen:19.761042181402445 - timing_s/reward:2.4262815713882446e-05 - timing_s/old_log_prob:44.9566429592669 - timing_s/ref:64.27023353427649 - timing_s/adv:0.01819177344441414 - timing_s/update_actor:188.8373201750219 - timing_s/update_weights:4.570906072854996 - timing_s/step:322.5704403780401 - timing_s/stop_profile:0.0001664683222770691 - timing_per_token_ms/gen:0.11531012575728058 - timing_per_token_ms/update_actor:0.8876729053556425 - timing_per_token_ms/ref:0.30211689551821524 - timing_per_token_ms/adv:8.55145813974049e-05 - perf/total_num_tokens:212733 - perf/time_per_step:322.5704403780401 - perf/throughput:164.87329073820678
[36m(TaskRunner pid=2033431)[0m step:112 - global_seqlen/min:47226 - global_seqlen/max:53686 - global_seqlen/minmax_diff:6460 - global_seqlen/balanced_min:50260 - global_seqlen/balanced_max:50264 - global_seqlen/mean:50262.5 - actor/entropy:0.07741524279117584 - perf/mfu/actor_infer:0.02817418199879408 - actor/pg_clipfrac:np.float64(5.571202291321242e-05) - actor/ppo_kl:np.float64(1.2016293197802952e-05) - actor/pg_clipfrac_lower:np.float64(0.0) - actor/pg_loss:np.float64(-0.0005123548908159137) - actor/kl_loss:np.float64(0.16482768283458427) - actor/kl_coef:np.float64(0.0010000000000000005) - actor/loss:np.float64(-0.0003475269768387079) - actor/grad_norm:np.float64(0.12341762334108353) - actor/perf/max_memory_allocated_gb:np.float64(20.273035049438477) - actor/perf/max_memory_reserved_gb:np.float64(34.158203125) - actor/perf/cpu_memory_used_gb:np.float64(109.26332664489746) - actor/lr:np.float64(1e-06) - perf/mfu/actor:np.float64(0.01985835721704851) - training/global_step:112 - training/epoch:0 - critic/score/mean:0.982421875 - critic/score/max:1.0 - critic/score/min:0.0 - critic/rewards/mean:0.982421875 - critic/rewards/max:1.0 - critic/rewards/min:0.0 - critic/advantages/mean:0.00054217001888901 - critic/advantages/max:0.35355237126350403 - critic/advantages/min:-2.4748666286468506 - critic/returns/mean:0.00054217001888901 - critic/returns/max:0.35355237126350403 - critic/returns/min:-2.4748666286468506 - response_length/mean:313.31640625 - response_length/max:1024.0 - response_length/min:118.0 - response_length/clip_ratio:0.013671875 - response_length_non_aborted/mean:313.31640625 - response_length_non_aborted/max:1024.0 - response_length_non_aborted/min:118.0 - response_length_non_aborted/clip_ratio:0.013671875 - response/aborted_ratio:0.0 - prompt_length/mean:79.359375 - prompt_length/max:148.0 - prompt_length/min:53.0 - prompt_length/clip_ratio:0.0 - num_turns/min:np.int32(2) - num_turns/max:np.int32(2) - num_turns/mean:np.float64(2.0) - timing_s/start_profile:0.00014674291014671326 - timing_s/agent_loop/num_preempted/min:np.int64(-1) - timing_s/agent_loop/num_preempted/max:np.int64(-1) - timing_s/agent_loop/num_preempted/mean:np.float64(-1.0) - timing_s/agent_loop/generate_sequences/min:np.float64(2.8761374428868294) - timing_s/agent_loop/generate_sequences/max:np.float64(17.9071256890893) - timing_s/agent_loop/generate_sequences/mean:np.float64(7.3746657234296435) - timing_s/agent_loop/tool_calls/min:np.float64(0.0) - timing_s/agent_loop/tool_calls/max:np.float64(0.0) - timing_s/agent_loop/tool_calls/mean:np.float64(0.0) - timing_s/agent_loop/compute_score/min:np.float64(0.007488984614610672) - timing_s/agent_loop/compute_score/max:np.float64(0.033975306898355484) - timing_s/agent_loop/compute_score/mean:np.float64(0.01098024796374375) - timing_s/agent_loop/slowest/generate_sequences:np.float64(17.9071256890893) - timing_s/agent_loop/slowest/tool_calls:np.float64(0.0) - timing_s/agent_loop/slowest/compute_score:np.float64(0.009783711284399033) - timing_s/agent_loop/slowest/num_preempted:np.int64(-1) - timing_s/agent_loop/slowest/prompt_length:82 - timing_s/agent_loop/slowest/response_length:1024 - timing_s/gen:18.926308907568455 - timing_s/reward:2.489238977432251e-05 - timing_s/old_log_prob:44.64648970589042 - timing_s/ref:64.09741354733706 - timing_s/adv:0.01850426197052002 - timing_s/update_actor:188.52136279642582 - timing_s/update_weights:4.484550029039383 - timing_s/step:320.82470178976655 - timing_s/stop_profile:0.0001783519983291626 - timing_per_token_ms/gen:0.1179812047748286 - timing_per_token_ms/update_actor:0.9376839731232322 - timing_per_token_ms/ref:0.31881329792259167 - timing_per_token_ms/adv:9.203810977627466e-05 - perf/total_num_tokens:201050 - perf/time_per_step:320.82470178976655 - perf/throughput:156.66655254287917
[36m(TaskRunner pid=2033431)[0m step:113 - global_seqlen/min:52684 - global_seqlen/max:59459 - global_seqlen/minmax_diff:6775 - global_seqlen/balanced_min:55495 - global_seqlen/balanced_max:55498 - global_seqlen/mean:55496.75 - actor/entropy:0.07793747633695602 - perf/mfu/actor_infer:0.030958599642359128 - actor/pg_clipfrac:np.float64(0.0003486568525659095) - actor/ppo_kl:np.float64(-7.258203268101227e-05) - actor/pg_clipfrac_lower:np.float64(0.0) - actor/pg_loss:np.float64(0.006483946319349343) - actor/kl_loss:np.float64(0.15491178919910453) - actor/kl_coef:np.float64(0.0010000000000000005) - actor/loss:np.float64(0.0066388631239533424) - actor/grad_norm:np.float64(0.43154652416706085) - actor/perf/max_memory_allocated_gb:np.float64(20.273035049438477) - actor/perf/max_memory_reserved_gb:np.float64(34.158203125) - actor/perf/cpu_memory_used_gb:np.float64(109.9252815246582) - actor/lr:np.float64(1e-06) - perf/mfu/actor:np.float64(0.021899804713965066) - training/global_step:113 - training/epoch:0 - critic/score/mean:0.953125 - critic/score/max:1.0 - critic/score/min:0.0 - critic/rewards/mean:0.953125 - critic/rewards/max:1.0 - critic/rewards/min:0.0 - critic/advantages/mean:-0.006761545315384865 - critic/advantages/max:1.6201815605163574 - critic/advantages/min:-2.4748666286468506 - critic/returns/mean:-0.006761545315384865 - critic/returns/max:1.6201815605163574 - critic/returns/min:-2.4748666286468506 - response_length/mean:348.099609375 - response_length/max:1024.0 - response_length/min:110.0 - response_length/clip_ratio:0.009765625 - response_length_non_aborted/mean:348.099609375 - response_length_non_aborted/max:1024.0 - response_length_non_aborted/min:110.0 - response_length_non_aborted/clip_ratio:0.009765625 - response/aborted_ratio:0.0 - prompt_length/mean:85.46875 - prompt_length/max:156.0 - prompt_length/min:45.0 - prompt_length/clip_ratio:0.0 - num_turns/min:np.int32(2) - num_turns/max:np.int32(2) - num_turns/mean:np.float64(2.0) - timing_s/start_profile:0.00015352293848991394 - timing_s/agent_loop/num_preempted/min:np.int64(-1) - timing_s/agent_loop/num_preempted/max:np.int64(-1) - timing_s/agent_loop/num_preempted/mean:np.float64(-1.0) - timing_s/agent_loop/generate_sequences/min:np.float64(2.738671150058508) - timing_s/agent_loop/generate_sequences/max:np.float64(18.56120554357767) - timing_s/agent_loop/generate_sequences/mean:np.float64(8.13381128506444) - timing_s/agent_loop/tool_calls/min:np.float64(0.0) - timing_s/agent_loop/tool_calls/max:np.float64(0.0) - timing_s/agent_loop/tool_calls/mean:np.float64(0.0) - timing_s/agent_loop/compute_score/min:np.float64(0.005426663905382156) - timing_s/agent_loop/compute_score/max:np.float64(0.025914154946804047) - timing_s/agent_loop/compute_score/mean:np.float64(0.010404593143903185) - timing_s/agent_loop/slowest/generate_sequences:np.float64(18.56120554357767) - timing_s/agent_loop/slowest/tool_calls:np.float64(0.0) - timing_s/agent_loop/slowest/compute_score:np.float64(0.011633019894361496) - timing_s/agent_loop/slowest/num_preempted:np.int64(-1) - timing_s/agent_loop/slowest/prompt_length:89 - timing_s/agent_loop/slowest/response_length:1024 - timing_s/gen:19.581879783421755 - timing_s/reward:4.417449235916138e-05 - timing_s/old_log_prob:44.939708426594734 - timing_s/ref:64.38418973982334 - timing_s/adv:0.01903926581144333 - timing_s/update_actor:189.06067045032978 - timing_s/update_weights:4.54972280561924 - timing_s/step:322.6892040707171 - timing_s/stop_profile:0.00017622485756874084 - timing_per_token_ms/gen:0.10987044490128743 - timing_per_token_ms/update_actor:0.8516745145000824 - timing_per_token_ms/ref:0.2900358567836105 - timing_per_token_ms/adv:8.576748103016541e-05 - perf/total_num_tokens:221987 - perf/time_per_step:322.6892040707171 - perf/throughput:171.98204743111867
[36m(TaskRunner pid=2033431)[0m step:114 - global_seqlen/min:51532 - global_seqlen/max:60171 - global_seqlen/minmax_diff:8639 - global_seqlen/balanced_min:56038 - global_seqlen/balanced_max:56042 - global_seqlen/mean:56040.25 - actor/entropy:0.07908593863248825 - perf/mfu/actor_infer:0.031109173711511628 - actor/pg_clipfrac:np.float64(0.0002902286760217976) - actor/ppo_kl:np.float64(-2.3100568853351433e-05) - actor/pg_clipfrac_lower:np.float64(0.0) - actor/pg_loss:np.float64(0.0026178123080171645) - actor/kl_loss:np.float64(0.16372168727684766) - actor/kl_coef:np.float64(0.0010000000000000005) - actor/loss:np.float64(0.0027815354987978935) - actor/grad_norm:np.float64(0.34999340772628784) - actor/perf/max_memory_allocated_gb:np.float64(20.273035049438477) - actor/perf/max_memory_reserved_gb:np.float64(34.158203125) - actor/perf/cpu_memory_used_gb:np.float64(109.14161491394043) - actor/lr:np.float64(1e-06) - perf/mfu/actor:np.float64(0.022159634464078322) - training/global_step:114 - training/epoch:0 - critic/score/mean:0.91796875 - critic/score/max:1.0 - critic/score/min:0.0 - critic/rewards/mean:0.91796875 - critic/rewards/max:1.0 - critic/rewards/min:0.0 - critic/advantages/mean:-0.002694413997232914 - critic/advantages/max:2.4748666286468506 - critic/advantages/min:-2.4748666286468506 - critic/returns/mean:-0.002694413997232914 - critic/returns/max:2.4748666286468506 - critic/returns/min:-2.4748666286468506 - response_length/mean:351.705078125 - response_length/max:1024.0 - response_length/min:108.0 - response_length/clip_ratio:0.013671875 - response_length_non_aborted/mean:351.705078125 - response_length_non_aborted/max:1024.0 - response_length_non_aborted/min:108.0 - response_length_non_aborted/clip_ratio:0.013671875 - response/aborted_ratio:0.0 - prompt_length/mean:86.109375 - prompt_length/max:141.0 - prompt_length/min:50.0 - prompt_length/clip_ratio:0.0 - num_turns/min:np.int32(2) - num_turns/max:np.int32(2) - num_turns/mean:np.float64(2.0) - timing_s/start_profile:9.462609887123108e-05 - timing_s/agent_loop/num_preempted/min:np.int64(-1) - timing_s/agent_loop/num_preempted/max:np.int64(-1) - timing_s/agent_loop/num_preempted/mean:np.float64(-1.0) - timing_s/agent_loop/generate_sequences/min:np.float64(2.7152435444295406) - timing_s/agent_loop/generate_sequences/max:np.float64(18.855120446532965) - timing_s/agent_loop/generate_sequences/mean:np.float64(8.131808446247305) - timing_s/agent_loop/tool_calls/min:np.float64(0.0) - timing_s/agent_loop/tool_calls/max:np.float64(0.0) - timing_s/agent_loop/tool_calls/mean:np.float64(0.0) - timing_s/agent_loop/compute_score/min:np.float64(0.0057437606155872345) - timing_s/agent_loop/compute_score/max:np.float64(0.023958861827850342) - timing_s/agent_loop/compute_score/mean:np.float64(0.010065475275041535) - timing_s/agent_loop/slowest/generate_sequences:np.float64(18.855120446532965) - timing_s/agent_loop/slowest/tool_calls:np.float64(0.0) - timing_s/agent_loop/slowest/compute_score:np.float64(0.011882022023200989) - timing_s/agent_loop/slowest/num_preempted:np.int64(-1) - timing_s/agent_loop/slowest/prompt_length:137 - timing_s/agent_loop/slowest/response_length:1024 - timing_s/gen:19.856651186943054 - timing_s/reward:3.143027424812317e-05 - timing_s/old_log_prob:45.25188476964831 - timing_s/ref:63.95466947928071 - timing_s/adv:0.017641782760620117 - timing_s/update_actor:189.1131900474429 - timing_s/update_weights:4.536229319870472 - timing_s/step:322.8839771859348 - timing_s/stop_profile:0.00013881176710128784 - timing_per_token_ms/gen:0.11027000820191286 - timing_per_token_ms/update_actor:0.8436489400361478 - timing_per_token_ms/ref:0.28530685301761105 - timing_per_token_ms/adv:7.870139212717697e-05 - perf/total_num_tokens:224161 - perf/time_per_step:322.8839771859348 - perf/throughput:173.5615699744954
[36m(TaskRunner pid=2033431)[0m step:115 - global_seqlen/min:45561 - global_seqlen/max:55829 - global_seqlen/minmax_diff:10268 - global_seqlen/balanced_min:51603 - global_seqlen/balanced_max:51605 - global_seqlen/mean:51604.5 - actor/entropy:0.0774589478969574 - perf/mfu/actor_infer:0.028827628395487404 - actor/pg_clipfrac:np.float64(0.00023473277656194114) - actor/ppo_kl:np.float64(9.827512890581147e-06) - actor/pg_clipfrac_lower:np.float64(4.283168891561218e-06) - actor/pg_loss:np.float64(0.020627729885745794) - actor/kl_loss:np.float64(0.1625128971063532) - actor/kl_coef:np.float64(0.0010000000000000005) - actor/loss:np.float64(0.020790243986994028) - actor/grad_norm:np.float64(0.3682185560464859) - actor/perf/max_memory_allocated_gb:np.float64(20.273035049438477) - actor/perf/max_memory_reserved_gb:np.float64(34.158203125) - actor/perf/cpu_memory_used_gb:np.float64(109.50510597229004) - actor/lr:np.float64(1e-06) - perf/mfu/actor:np.float64(0.02040578405821874) - training/global_step:115 - training/epoch:0 - critic/score/mean:0.955078125 - critic/score/max:1.0 - critic/score/min:0.0 - critic/rewards/mean:0.955078125 - critic/rewards/max:1.0 - critic/rewards/min:0.0 - critic/advantages/mean:-0.02041923999786377 - critic/advantages/max:2.4748666286468506 - critic/advantages/min:-2.4748666286468506 - critic/returns/mean:-0.02041923999786377 - critic/returns/max:2.4748666286468506 - critic/returns/min:-2.4748666286468506 - response_length/mean:322.47265625 - response_length/max:1024.0 - response_length/min:113.0 - response_length/clip_ratio:0.009765625 - response_length_non_aborted/mean:322.47265625 - response_length_non_aborted/max:1024.0 - response_length_non_aborted/min:113.0 - response_length_non_aborted/clip_ratio:0.009765625 - response/aborted_ratio:0.0 - prompt_length/mean:80.6875 - prompt_length/max:143.0 - prompt_length/min:47.0 - prompt_length/clip_ratio:0.0 - num_turns/min:np.int32(2) - num_turns/max:np.int32(2) - num_turns/mean:np.float64(2.0) - timing_s/start_profile:7.946789264678955e-05 - timing_s/agent_loop/num_preempted/min:np.int64(-1) - timing_s/agent_loop/num_preempted/max:np.int64(-1) - timing_s/agent_loop/num_preempted/mean:np.float64(-1.0) - timing_s/agent_loop/generate_sequences/min:np.float64(2.7226287350058556) - timing_s/agent_loop/generate_sequences/max:np.float64(18.311830639839172) - timing_s/agent_loop/generate_sequences/mean:np.float64(7.40309583972703) - timing_s/agent_loop/tool_calls/min:np.float64(0.0) - timing_s/agent_loop/tool_calls/max:np.float64(0.0) - timing_s/agent_loop/tool_calls/mean:np.float64(0.0) - timing_s/agent_loop/compute_score/min:np.float64(0.005942177027463913) - timing_s/agent_loop/compute_score/max:np.float64(0.027754034847021103) - timing_s/agent_loop/compute_score/mean:np.float64(0.01046058571228059) - timing_s/agent_loop/slowest/generate_sequences:np.float64(18.311830639839172) - timing_s/agent_loop/slowest/tool_calls:np.float64(0.0) - timing_s/agent_loop/slowest/compute_score:np.float64(0.01011597365140915) - timing_s/agent_loop/slowest/num_preempted:np.int64(-1) - timing_s/agent_loop/slowest/prompt_length:87 - timing_s/agent_loop/slowest/response_length:1024 - timing_s/gen:19.263610143214464 - timing_s/reward:1.924857497215271e-05 - timing_s/old_log_prob:44.81488277763128 - timing_s/ref:63.95559700578451 - timing_s/adv:0.016945730894804 - timing_s/update_actor:188.77651577815413 - timing_s/update_weights:4.57117435336113 - timing_s/step:321.510173227638 - timing_s/stop_profile:0.00014818832278251648 - timing_per_token_ms/gen:0.11667419804982535 - timing_per_token_ms/update_actor:0.914535146053901 - timing_per_token_ms/ref:0.30983536806763223 - timing_per_token_ms/adv:8.209424999178367e-05 - perf/total_num_tokens:206418 - perf/time_per_step:321.510173227638 - perf/throughput:160.50658516320914
[36m(TaskRunner pid=2033431)[0m step:116 - global_seqlen/min:52418 - global_seqlen/max:54123 - global_seqlen/minmax_diff:1705 - global_seqlen/balanced_min:53386 - global_seqlen/balanced_max:53390 - global_seqlen/mean:53388.5 - actor/entropy:0.07527292519807816 - perf/mfu/actor_infer:0.029838651495331204 - actor/pg_clipfrac:np.float64(0.0) - actor/ppo_kl:np.float64(-9.538246337559286e-05) - actor/pg_clipfrac_lower:np.float64(0.0) - actor/pg_loss:np.float64(0.0) - actor/kl_loss:np.float64(0.15951898437924683) - actor/kl_coef:np.float64(0.0010000000000000005) - actor/loss:np.float64(0.00015951898240018636) - actor/grad_norm:np.float64(0.005724104354158044) - actor/perf/max_memory_allocated_gb:np.float64(20.273035049438477) - actor/perf/max_memory_reserved_gb:np.float64(34.158203125) - actor/perf/cpu_memory_used_gb:np.float64(109.89037132263184) - actor/lr:np.float64(1e-06) - perf/mfu/actor:np.float64(0.0210725407013141) - training/global_step:116 - training/epoch:0 - critic/score/mean:0.984375 - critic/score/max:1.0 - critic/score/min:0.0 - critic/rewards/mean:0.984375 - critic/rewards/max:1.0 - critic/rewards/min:0.0 - critic/advantages/mean:0.0 - critic/advantages/max:0.0 - critic/advantages/min:0.0 - critic/returns/mean:0.0 - critic/returns/max:0.0 - critic/returns/min:0.0 - response_length/mean:332.41015625 - response_length/max:1024.0 - response_length/min:136.0 - response_length/clip_ratio:0.009765625 - response_length_non_aborted/mean:332.41015625 - response_length_non_aborted/max:1024.0 - response_length_non_aborted/min:136.0 - response_length_non_aborted/clip_ratio:0.009765625 - response/aborted_ratio:0.0 - prompt_length/mean:84.6875 - prompt_length/max:141.0 - prompt_length/min:54.0 - prompt_length/clip_ratio:0.0 - num_turns/min:np.int32(2) - num_turns/max:np.int32(2) - num_turns/mean:np.float64(2.0) - timing_s/start_profile:7.910281419754028e-05 - timing_s/agent_loop/num_preempted/min:np.int64(-1) - timing_s/agent_loop/num_preempted/max:np.int64(-1) - timing_s/agent_loop/num_preempted/mean:np.float64(-1.0) - timing_s/agent_loop/generate_sequences/min:np.float64(3.3587704077363014) - timing_s/agent_loop/generate_sequences/max:np.float64(18.589955125004053) - timing_s/agent_loop/generate_sequences/mean:np.float64(7.7369933021618635) - timing_s/agent_loop/tool_calls/min:np.float64(0.0) - timing_s/agent_loop/tool_calls/max:np.float64(0.0) - timing_s/agent_loop/tool_calls/mean:np.float64(0.0) - timing_s/agent_loop/compute_score/min:np.float64(0.006854582577943802) - timing_s/agent_loop/compute_score/max:np.float64(0.02482094243168831) - timing_s/agent_loop/compute_score/mean:np.float64(0.010534524997638073) - timing_s/agent_loop/slowest/generate_sequences:np.float64(18.589955125004053) - timing_s/agent_loop/slowest/tool_calls:np.float64(0.0) - timing_s/agent_loop/slowest/compute_score:np.float64(0.00844484195113182) - timing_s/agent_loop/slowest/num_preempted:np.int64(-1) - timing_s/agent_loop/slowest/prompt_length:75 - timing_s/agent_loop/slowest/response_length:1024 - timing_s/gen:19.61774693801999 - timing_s/reward:2.7369707822799683e-05 - timing_s/old_log_prob:44.89426755160093 - timing_s/ref:63.9317030236125 - timing_s/adv:0.01754547655582428 - timing_s/update_actor:188.86878438666463 - timing_s/update_weights:4.567540962249041 - timing_s/step:322.0494628511369 - timing_s/stop_profile:0.00016151368618011475 - timing_per_token_ms/gen:0.1152669714444692 - timing_per_token_ms/update_actor:0.8844076176829496 - timing_per_token_ms/ref:0.2993701968757902 - timing_per_token_ms/adv:8.215943768706876e-05 - perf/total_num_tokens:213554 - perf/time_per_step:322.0494628511369 - perf/throughput:165.77732975346748
[36m(TaskRunner pid=2033431)[0m step:117 - global_seqlen/min:49108 - global_seqlen/max:59273 - global_seqlen/minmax_diff:10165 - global_seqlen/balanced_min:54457 - global_seqlen/balanced_max:54464 - global_seqlen/mean:54461.0 - actor/entropy:0.07250986248254776 - perf/mfu/actor_infer:0.030384032937936924 - actor/pg_clipfrac:np.float64(0.00044086697289458243) - actor/ppo_kl:np.float64(0.00011143520123368944) - actor/pg_clipfrac_lower:np.float64(0.0) - actor/pg_loss:np.float64(0.013373732275795192) - actor/kl_loss:np.float64(0.15865475550526753) - actor/kl_coef:np.float64(0.0010000000000000005) - actor/loss:np.float64(0.013532386627048254) - actor/grad_norm:np.float64(0.3572969436645508) - actor/perf/max_memory_allocated_gb:np.float64(20.273035049438477) - actor/perf/max_memory_reserved_gb:np.float64(34.158203125) - actor/perf/cpu_memory_used_gb:np.float64(109.4134693145752) - actor/lr:np.float64(1e-06) - perf/mfu/actor:np.float64(0.021548918834209296) - training/global_step:117 - training/epoch:1 - critic/score/mean:0.943359375 - critic/score/max:1.0 - critic/score/min:0.0 - critic/rewards/mean:0.943359375 - critic/rewards/max:1.0 - critic/rewards/min:0.0 - critic/advantages/mean:-0.013302498497068882 - critic/advantages/max:0.7245674133300781 - critic/advantages/min:-2.4748666286468506 - critic/returns/mean:-0.013302498497068882 - critic/returns/max:0.7245674133300781 - critic/returns/min:-2.4748666286468506 - response_length/mean:341.5078125 - response_length/max:1024.0 - response_length/min:119.0 - response_length/clip_ratio:0.001953125 - response_length_non_aborted/mean:341.5078125 - response_length_non_aborted/max:1024.0 - response_length_non_aborted/min:119.0 - response_length_non_aborted/clip_ratio:0.001953125 - response/aborted_ratio:0.0 - prompt_length/mean:83.96875 - prompt_length/max:149.0 - prompt_length/min:49.0 - prompt_length/clip_ratio:0.0 - num_turns/min:np.int32(2) - num_turns/max:np.int32(2) - num_turns/mean:np.float64(2.0) - timing_s/start_profile:0.0005126670002937317 - timing_s/agent_loop/num_preempted/min:np.int64(-1) - timing_s/agent_loop/num_preempted/max:np.int64(-1) - timing_s/agent_loop/num_preempted/mean:np.float64(-1.0) - timing_s/agent_loop/generate_sequences/min:np.float64(2.926410023123026) - timing_s/agent_loop/generate_sequences/max:np.float64(18.47219919413328) - timing_s/agent_loop/generate_sequences/mean:np.float64(8.052374377904925) - timing_s/agent_loop/tool_calls/min:np.float64(0.0) - timing_s/agent_loop/tool_calls/max:np.float64(0.0) - timing_s/agent_loop/tool_calls/mean:np.float64(0.0) - timing_s/agent_loop/compute_score/min:np.float64(0.006218075752258301) - timing_s/agent_loop/compute_score/max:np.float64(0.02131802588701248) - timing_s/agent_loop/compute_score/mean:np.float64(0.010113731361343525) - timing_s/agent_loop/slowest/generate_sequences:np.float64(18.47219919413328) - timing_s/agent_loop/slowest/tool_calls:np.float64(0.0) - timing_s/agent_loop/slowest/compute_score:np.float64(0.009325891733169556) - timing_s/agent_loop/slowest/num_preempted:np.int64(-1) - timing_s/agent_loop/slowest/prompt_length:105 - timing_s/agent_loop/slowest/response_length:1024 - timing_s/gen:19.53209174051881 - timing_s/reward:4.494190216064453e-05 - timing_s/old_log_prob:45.57905460521579 - timing_s/ref:63.991937059909105 - timing_s/adv:0.01690799370408058 - timing_s/update_actor:188.4300165399909 - timing_s/update_weights:4.550988342612982 - timing_s/step:322.2827217243612 - timing_s/stop_profile:0.0001403428614139557 - timing_per_token_ms/gen:0.11170642452198894 - timing_per_token_ms/update_actor:0.8649768482950685 - timing_per_token_ms/ref:0.2937512029705161 - timing_per_token_ms/adv:7.761514526028067e-05 - perf/total_num_tokens:217844 - perf/time_per_step:322.2827217243612 - perf/throughput:168.9851683906867
[36m(TaskRunner pid=2033431)[0m step:118 - global_seqlen/min:49848 - global_seqlen/max:57780 - global_seqlen/minmax_diff:7932 - global_seqlen/balanced_min:54764 - global_seqlen/balanced_max:54766 - global_seqlen/mean:54765.25 - actor/entropy:0.08367850631475449 - perf/mfu/actor_infer:0.03053280082191927 - actor/pg_clipfrac:np.float64(0.0003640623208411853) - actor/ppo_kl:np.float64(1.4639017379636243e-05) - actor/pg_clipfrac_lower:np.float64(0.0) - actor/pg_loss:np.float64(0.017812725069234148) - actor/kl_loss:np.float64(0.16134463986963965) - actor/kl_coef:np.float64(0.0010000000000000005) - actor/loss:np.float64(0.0179740684106946) - actor/grad_norm:np.float64(0.3939386010169983) - actor/perf/max_memory_allocated_gb:np.float64(20.273035049438477) - actor/perf/max_memory_reserved_gb:np.float64(34.158203125) - actor/perf/cpu_memory_used_gb:np.float64(109.46294212341309) - actor/lr:np.float64(1e-06) - perf/mfu/actor:np.float64(0.021644734941348914) - training/global_step:118 - training/epoch:1 - critic/score/mean:0.94921875 - critic/score/max:1.0 - critic/score/min:0.0 - critic/rewards/mean:0.94921875 - critic/rewards/max:1.0 - critic/rewards/min:0.0 - critic/advantages/mean:-0.017939632758498192 - critic/advantages/max:1.6201815605163574 - critic/advantages/min:-2.4748666286468506 - critic/returns/mean:-0.017939632758498192 - critic/returns/max:1.6201815605163574 - critic/returns/min:-2.4748666286468506 - response_length/mean:344.087890625 - response_length/max:1024.0 - response_length/min:109.0 - response_length/clip_ratio:0.01953125 - response_length_non_aborted/mean:344.087890625 - response_length_non_aborted/max:1024.0 - response_length_non_aborted/min:109.0 - response_length_non_aborted/clip_ratio:0.01953125 - response/aborted_ratio:0.0 - prompt_length/mean:83.765625 - prompt_length/max:150.0 - prompt_length/min:51.0 - prompt_length/clip_ratio:0.0 - num_turns/min:np.int32(2) - num_turns/max:np.int32(2) - num_turns/mean:np.float64(2.0) - timing_s/start_profile:8.945539593696594e-05 - timing_s/agent_loop/num_preempted/min:np.int64(-1) - timing_s/agent_loop/num_preempted/max:np.int64(-1) - timing_s/agent_loop/num_preempted/mean:np.float64(-1.0) - timing_s/agent_loop/generate_sequences/min:np.float64(2.662881761789322) - timing_s/agent_loop/generate_sequences/max:np.float64(18.60455798730254) - timing_s/agent_loop/generate_sequences/mean:np.float64(7.992529022805684) - timing_s/agent_loop/tool_calls/min:np.float64(0.0) - timing_s/agent_loop/tool_calls/max:np.float64(0.0) - timing_s/agent_loop/tool_calls/mean:np.float64(0.0) - timing_s/agent_loop/compute_score/min:np.float64(0.006911098957061768) - timing_s/agent_loop/compute_score/max:np.float64(0.03123968094587326) - timing_s/agent_loop/compute_score/mean:np.float64(0.010641704982845113) - timing_s/agent_loop/slowest/generate_sequences:np.float64(18.60455798730254) - timing_s/agent_loop/slowest/tool_calls:np.float64(0.0) - timing_s/agent_loop/slowest/compute_score:np.float64(0.010708257555961609) - timing_s/agent_loop/slowest/num_preempted:np.int64(-1) - timing_s/agent_loop/slowest/prompt_length:109 - timing_s/agent_loop/slowest/response_length:1024 - timing_s/gen:19.634172935038805 - timing_s/reward:2.3577362298965454e-05 - timing_s/old_log_prob:45.348683673888445 - timing_s/ref:63.9520071297884 - timing_s/adv:0.016890380531549454 - timing_s/update_actor:188.71241345629096 - timing_s/update_weights:4.471030034124851 - timing_s/step:322.2989732436836 - timing_s/stop_profile:0.00018952414393424988 - timing_per_token_ms/gen:0.11144825220118182 - timing_per_token_ms/update_actor:0.861460567861422 - timing_per_token_ms/ref:0.2919369816160266 - timing_per_token_ms/adv:7.710354892723695e-05 - perf/total_num_tokens:219061 - perf/time_per_step:322.2989732436836 - perf/throughput:169.92064681072728
[36m(TaskRunner pid=2033431)[0m step:119 - global_seqlen/min:49854 - global_seqlen/max:61292 - global_seqlen/minmax_diff:11438 - global_seqlen/balanced_min:55359 - global_seqlen/balanced_max:55361 - global_seqlen/mean:55360.0 - actor/entropy:0.0836869552731514 - perf/mfu/actor_infer:0.030902879494831795 - actor/pg_clipfrac:np.float64(0.00030002138282725355) - actor/ppo_kl:np.float64(6.873480901248286e-05) - actor/pg_clipfrac_lower:np.float64(0.0) - actor/pg_loss:np.float64(0.014822146658843849) - actor/kl_loss:np.float64(0.15524133702274412) - actor/kl_coef:np.float64(0.0010000000000000005) - actor/loss:np.float64(0.014977386221289635) - actor/grad_norm:np.float64(0.37837541103363037) - actor/perf/max_memory_allocated_gb:np.float64(20.273035049438477) - actor/perf/max_memory_reserved_gb:np.float64(34.158203125) - actor/perf/cpu_memory_used_gb:np.float64(109.8116226196289) - actor/lr:np.float64(1e-06) - perf/mfu/actor:np.float64(0.021929781080482644) - training/global_step:119 - training/epoch:1 - critic/score/mean:0.91796875 - critic/score/max:1.0 - critic/score/min:0.0 - critic/rewards/mean:0.91796875 - critic/rewards/max:1.0 - critic/rewards/min:0.0 - critic/advantages/mean:-0.015047137625515461 - critic/advantages/max:1.20761239528656 - critic/advantages/min:-2.4748666286468506 - critic/returns/mean:-0.015047137625515461 - critic/returns/max:1.20761239528656 - critic/returns/min:-2.4748666286468506 - response_length/mean:351.140625 - response_length/max:1024.0 - response_length/min:105.0 - response_length/clip_ratio:0.0390625 - response_length_non_aborted/mean:351.140625 - response_length_non_aborted/max:1024.0 - response_length_non_aborted/min:105.0 - response_length_non_aborted/clip_ratio:0.0390625 - response/aborted_ratio:0.0 - prompt_length/mean:81.359375 - prompt_length/max:194.0 - prompt_length/min:48.0 - prompt_length/clip_ratio:0.0 - num_turns/min:np.int32(2) - num_turns/max:np.int32(2) - num_turns/mean:np.float64(2.0) - timing_s/start_profile:8.701160550117493e-05 - timing_s/agent_loop/num_preempted/min:np.int64(-1) - timing_s/agent_loop/num_preempted/max:np.int64(-1) - timing_s/agent_loop/num_preempted/mean:np.float64(-1.0) - timing_s/agent_loop/generate_sequences/min:np.float64(2.646364063024521) - timing_s/agent_loop/generate_sequences/max:np.float64(18.84657997265458) - timing_s/agent_loop/generate_sequences/mean:np.float64(8.004068310103321) - timing_s/agent_loop/tool_calls/min:np.float64(0.0) - timing_s/agent_loop/tool_calls/max:np.float64(0.0) - timing_s/agent_loop/tool_calls/mean:np.float64(0.0) - timing_s/agent_loop/compute_score/min:np.float64(0.005396384745836258) - timing_s/agent_loop/compute_score/max:np.float64(0.03236144036054611) - timing_s/agent_loop/compute_score/mean:np.float64(0.010825456549355295) - timing_s/agent_loop/slowest/generate_sequences:np.float64(18.84657997265458) - timing_s/agent_loop/slowest/tool_calls:np.float64(0.0) - timing_s/agent_loop/slowest/compute_score:np.float64(0.011580437421798706) - timing_s/agent_loop/slowest/num_preempted:np.int64(-1) - timing_s/agent_loop/slowest/prompt_length:110 - timing_s/agent_loop/slowest/response_length:1024 - timing_s/gen:19.817896656692028 - timing_s/reward:2.528354525566101e-05 - timing_s/old_log_prob:45.29502793028951 - timing_s/ref:63.8879355750978 - timing_s/adv:0.01804894581437111 - timing_s/update_actor:188.58204418420792 - timing_s/update_weights:4.564932074397802 - timing_s/step:322.30740013718605 - timing_s/stop_profile:0.00020034611225128174 - timing_per_token_ms/gen:0.11023170391520952 - timing_per_token_ms/update_actor:0.8516168902827308 - timing_per_token_ms/ref:0.2885112697574864 - timing_per_token_ms/adv:8.150716137270191e-05 - perf/total_num_tokens:221440 - perf/time_per_step:322.30740013718605 - perf/throughput:171.76149221655078
[36m(TaskRunner pid=2033431)[0m local_global_step_folder: checkpoints/grpo_rlvr_math/qwen3_4b_gsm8k/global_step_120
[36m(TaskRunner pid=2033431)[0m test_gen_batch meta info: {'eos_token_id': 151645, 'pad_token_id': 151643, 'recompute_log_prob': False, 'do_sample': False, 'validate': True, 'global_steps': 120}
[36m(TaskRunner pid=2033431)[0m validation generation end
[36m(TaskRunner pid=2033431)[0m step:120 - global_seqlen/min:48867 - global_seqlen/max:55996 - global_seqlen/minmax_diff:7129 - global_seqlen/balanced_min:52863 - global_seqlen/balanced_max:52864 - global_seqlen/mean:52863.5 - actor/entropy:0.08049885928630829 - perf/mfu/actor_infer:0.029531405547045354 - actor/pg_clipfrac:np.float64(0.00016942209458647994) - actor/ppo_kl:np.float64(1.7574046379920105e-05) - actor/pg_clipfrac_lower:np.float64(0.0) - actor/pg_loss:np.float64(0.00568214210215956) - actor/kl_loss:np.float64(0.17104662058409303) - actor/kl_coef:np.float64(0.0010000000000000005) - actor/loss:np.float64(0.005853189155459404) - actor/grad_norm:np.float64(0.28326790034770966) - actor/perf/max_memory_allocated_gb:np.float64(20.273035049438477) - actor/perf/max_memory_reserved_gb:np.float64(34.158203125) - actor/perf/cpu_memory_used_gb:np.float64(109.4680404663086) - actor/lr:np.float64(1e-06) - perf/mfu/actor:np.float64(0.020866328486036582) - val-aux/openai/gsm8k/reward/mean@1:np.float64(0.9393479909021987) - val-core/openai/gsm8k/acc/mean@1:np.float64(0.9393479909021987) - val-aux/num_turns/min:np.int32(2) - val-aux/num_turns/max:np.int32(2) - val-aux/num_turns/mean:np.float64(2.0) - training/global_step:120 - training/epoch:1 - critic/score/mean:0.955078125 - critic/score/max:1.0 - critic/score/min:0.0 - critic/rewards/mean:0.955078125 - critic/rewards/max:1.0 - critic/rewards/min:0.0 - critic/advantages/mean:-0.005989217199385166 - critic/advantages/max:0.935412585735321 - critic/advantages/min:-2.4748666286468506 - critic/returns/mean:-0.005989217199385166 - critic/returns/max:0.935412585735321 - critic/returns/min:-2.4748666286468506 - response_length/mean:329.13671875 - response_length/max:980.0 - response_length/min:130.0 - response_length/clip_ratio:0.0 - response_length_non_aborted/mean:329.13671875 - response_length_non_aborted/max:980.0 - response_length_non_aborted/min:130.0 - response_length_non_aborted/clip_ratio:0.0 - response/aborted_ratio:0.0 - prompt_length/mean:83.859375 - prompt_length/max:175.0 - prompt_length/min:53.0 - prompt_length/clip_ratio:0.0 - num_turns/min:np.int32(2) - num_turns/max:np.int32(2) - num_turns/mean:np.float64(2.0) - timing_s/start_profile:0.00014872848987579346 - timing_s/agent_loop/num_preempted/min:np.int64(-1) - timing_s/agent_loop/num_preempted/max:np.int64(-1) - timing_s/agent_loop/num_preempted/mean:np.float64(-1.0) - timing_s/agent_loop/generate_sequences/min:np.float64(3.1845590248703957) - timing_s/agent_loop/generate_sequences/max:np.float64(17.72602665051818) - timing_s/agent_loop/generate_sequences/mean:np.float64(7.662567647370452) - timing_s/agent_loop/tool_calls/min:np.float64(0.0) - timing_s/agent_loop/tool_calls/max:np.float64(0.0) - timing_s/agent_loop/tool_calls/mean:np.float64(0.0) - timing_s/agent_loop/compute_score/min:np.float64(0.007113739848136902) - timing_s/agent_loop/compute_score/max:np.float64(0.028884276747703552) - timing_s/agent_loop/compute_score/mean:np.float64(0.010494088419363834) - timing_s/agent_loop/slowest/generate_sequences:np.float64(17.72602665051818) - timing_s/agent_loop/slowest/tool_calls:np.float64(0.0) - timing_s/agent_loop/slowest/compute_score:np.float64(0.011196624487638474) - timing_s/agent_loop/slowest/num_preempted:np.int64(-1) - timing_s/agent_loop/slowest/prompt_length:106 - timing_s/agent_loop/slowest/response_length:980 - timing_s/gen:18.717822965234518 - timing_s/reward:2.9277056455612183e-05 - timing_s/old_log_prob:44.84334063157439 - timing_s/ref:64.24856996163726 - timing_s/adv:0.01687183603644371 - timing_s/update_actor:188.88000536337495 - timing_s/save_checkpoint:109.91089520603418 - timing_s/update_weights:5.0869539231061935 - timing_s/step:431.8549883402884 - timing_s/testing:29.040965791791677 - timing_s/stop_profile:0.00012216344475746155 - timing_per_token_ms/gen:0.1110731373813748 - timing_per_token_ms/update_actor:0.8932439460278593 - timing_per_token_ms/ref:0.303841828301367 - timing_per_token_ms/adv:7.978962817654766e-05 - perf/total_num_tokens:211454 - perf/time_per_step:431.8549883402884 - perf/throughput:122.41030305836179
[36m(TaskRunner pid=2033431)[0m step:121 - global_seqlen/min:51524 - global_seqlen/max:57116 - global_seqlen/minmax_diff:5592 - global_seqlen/balanced_min:53276 - global_seqlen/balanced_max:53278 - global_seqlen/mean:53277.25 - actor/entropy:0.07187852263450623 - perf/mfu/actor_infer:0.02929119959146181 - actor/pg_clipfrac:np.float64(0.0001569936039231834) - actor/ppo_kl:np.float64(2.4921189071491767e-05) - actor/pg_clipfrac_lower:np.float64(0.0) - actor/pg_loss:np.float64(0.017684530408587307) - actor/kl_loss:np.float64(0.15768540059798397) - actor/kl_coef:np.float64(0.0010000000000000005) - actor/loss:np.float64(0.017842212691903114) - actor/grad_norm:np.float64(0.3038522005081177) - actor/perf/max_memory_allocated_gb:np.float64(20.273035049438477) - actor/perf/max_memory_reserved_gb:np.float64(34.158203125) - actor/perf/cpu_memory_used_gb:np.float64(110.54265403747559) - actor/lr:np.float64(1e-06) - perf/mfu/actor:np.float64(0.021025790556277776) - training/global_step:121 - training/epoch:1 - critic/score/mean:0.974609375 - critic/score/max:1.0 - critic/score/min:0.0 - critic/rewards/mean:0.974609375 - critic/rewards/max:1.0 - critic/rewards/min:0.0 - critic/advantages/mean:-0.017764471471309662 - critic/advantages/max:1.6201815605163574 - critic/advantages/min:-2.4748666286468506 - critic/returns/mean:-0.017764471471309662 - critic/returns/max:1.6201815605163574 - critic/returns/min:-2.4748666286468506 - response_length/mean:331.291015625 - response_length/max:1024.0 - response_length/min:97.0 - response_length/clip_ratio:0.0078125 - response_length_non_aborted/mean:331.291015625 - response_length_non_aborted/max:1024.0 - response_length_non_aborted/min:97.0 - response_length_non_aborted/clip_ratio:0.0078125 - response/aborted_ratio:0.0 - prompt_length/mean:84.9375 - prompt_length/max:155.0 - prompt_length/min:48.0 - prompt_length/clip_ratio:0.0 - num_turns/min:np.int32(2) - num_turns/max:np.int32(2) - num_turns/mean:np.float64(2.0) - timing_s/start_profile:7.664039731025696e-05 - timing_s/agent_loop/num_preempted/min:np.int64(-1) - timing_s/agent_loop/num_preempted/max:np.int64(-1) - timing_s/agent_loop/num_preempted/mean:np.float64(-1.0) - timing_s/agent_loop/generate_sequences/min:np.float64(2.371707361191511) - timing_s/agent_loop/generate_sequences/max:np.float64(18.442218381911516) - timing_s/agent_loop/generate_sequences/mean:np.float64(7.648601582317497) - timing_s/agent_loop/tool_calls/min:np.float64(0.0) - timing_s/agent_loop/tool_calls/max:np.float64(0.0) - timing_s/agent_loop/tool_calls/mean:np.float64(0.0) - timing_s/agent_loop/compute_score/min:np.float64(0.006583325564861298) - timing_s/agent_loop/compute_score/max:np.float64(0.027849074453115463) - timing_s/agent_loop/compute_score/mean:np.float64(0.010635373859258834) - timing_s/agent_loop/slowest/generate_sequences:np.float64(18.442218381911516) - timing_s/agent_loop/slowest/tool_calls:np.float64(0.0) - timing_s/agent_loop/slowest/compute_score:np.float64(0.01126258447766304) - timing_s/agent_loop/slowest/num_preempted:np.int64(-1) - timing_s/agent_loop/slowest/prompt_length:75 - timing_s/agent_loop/slowest/response_length:1024 - timing_s/gen:19.56854586675763 - timing_s/reward:3.269314765930176e-05 - timing_s/old_log_prob:45.72838310152292 - timing_s/ref:64.33496679365635 - timing_s/adv:0.016794931143522263 - timing_s/update_actor:188.99002388119698 - timing_s/update_weights:4.50954456999898 - timing_s/step:323.3033307939768 - timing_s/stop_profile:0.00017251446843147278 - timing_per_token_ms/gen:0.11536629230317963 - timing_per_token_ms/update_actor:0.8868232870559055 - timing_per_token_ms/ref:0.3018876105357181 - timing_per_token_ms/adv:7.880911244256349e-05 - perf/total_num_tokens:213109 - perf/time_per_step:323.3033307939768 - perf/throughput:164.79029111503533
[36m(TaskRunner pid=2033431)[0m step:122 - global_seqlen/min:47901 - global_seqlen/max:53630 - global_seqlen/minmax_diff:5729 - global_seqlen/balanced_min:50414 - global_seqlen/balanced_max:50425 - global_seqlen/mean:50418.75 - actor/entropy:0.06950641423463821 - perf/mfu/actor_infer:0.028147361228007043 - actor/pg_clipfrac:np.float64(0.00015933846771076787) - actor/ppo_kl:np.float64(0.00014435032858894914) - actor/pg_clipfrac_lower:np.float64(0.0) - actor/pg_loss:np.float64(0.010821399075211957) - actor/kl_loss:np.float64(0.1656644282338675) - actor/kl_coef:np.float64(0.0010000000000000005) - actor/loss:np.float64(0.010987062938511372) - actor/grad_norm:np.float64(0.2771231457591057) - actor/perf/max_memory_allocated_gb:np.float64(20.273035049438477) - actor/perf/max_memory_reserved_gb:np.float64(34.158203125) - actor/perf/cpu_memory_used_gb:np.float64(110.67560005187988) - actor/lr:np.float64(1e-06) - perf/mfu/actor:np.float64(0.019888079963066088) - training/global_step:122 - training/epoch:1 - critic/score/mean:0.95703125 - critic/score/max:1.0 - critic/score/min:0.0 - critic/rewards/mean:0.95703125 - critic/rewards/max:1.0 - critic/rewards/min:0.0 - critic/advantages/mean:-0.011088262312114239 - critic/advantages/max:1.20761239528656 - critic/advantages/min:-2.4748666286468506 - critic/returns/mean:-0.011088262312114239 - critic/returns/max:1.20761239528656 - critic/returns/min:-2.4748666286468506 - response_length/mean:310.662109375 - response_length/max:1024.0 - response_length/min:143.0 - response_length/clip_ratio:0.00390625 - response_length_non_aborted/mean:310.662109375 - response_length_non_aborted/max:1024.0 - response_length_non_aborted/min:143.0 - response_length_non_aborted/clip_ratio:0.00390625 - response/aborted_ratio:0.0 - prompt_length/mean:83.234375 - prompt_length/max:153.0 - prompt_length/min:52.0 - prompt_length/clip_ratio:0.0 - num_turns/min:np.int32(2) - num_turns/max:np.int32(2) - num_turns/mean:np.float64(2.0) - timing_s/start_profile:0.00011822208762168884 - timing_s/agent_loop/num_preempted/min:np.int64(-1) - timing_s/agent_loop/num_preempted/max:np.int64(-1) - timing_s/agent_loop/num_preempted/mean:np.float64(-1.0) - timing_s/agent_loop/generate_sequences/min:np.float64(3.4916155263781548) - timing_s/agent_loop/generate_sequences/max:np.float64(17.820156510919333) - timing_s/agent_loop/generate_sequences/mean:np.float64(7.391800180834252) - timing_s/agent_loop/tool_calls/min:np.float64(0.0) - timing_s/agent_loop/tool_calls/max:np.float64(0.0) - timing_s/agent_loop/tool_calls/mean:np.float64(0.0) - timing_s/agent_loop/compute_score/min:np.float64(0.006511397659778595) - timing_s/agent_loop/compute_score/max:np.float64(0.02334415167570114) - timing_s/agent_loop/compute_score/mean:np.float64(0.0103728183239582) - timing_s/agent_loop/slowest/generate_sequences:np.float64(17.820156510919333) - timing_s/agent_loop/slowest/tool_calls:np.float64(0.0) - timing_s/agent_loop/slowest/compute_score:np.float64(0.011236555874347687) - timing_s/agent_loop/slowest/num_preempted:np.int64(-1) - timing_s/agent_loop/slowest/prompt_length:153 - timing_s/agent_loop/slowest/response_length:1024 - timing_s/gen:18.84250421449542 - timing_s/reward:2.559646964073181e-05 - timing_s/old_log_prob:44.80668954923749 - timing_s/ref:63.822283413261175 - timing_s/adv:0.014808010309934616 - timing_s/update_actor:188.945511367172 - timing_s/update_weights:4.576888144016266 - timing_s/step:321.16070717200637 - timing_s/stop_profile:5.496665835380554e-05 - timing_per_token_ms/gen:0.11846235808407836 - timing_per_token_ms/update_actor:0.9368811769786637 - timing_per_token_ms/ref:0.31646105572461225 - timing_per_token_ms/adv:7.342511620148564e-05 - perf/total_num_tokens:201675 - perf/time_per_step:321.16070717200637 - perf/throughput:156.98916110866844
[36m(TaskRunner pid=2033431)[0m step:123 - global_seqlen/min:47332 - global_seqlen/max:55437 - global_seqlen/minmax_diff:8105 - global_seqlen/balanced_min:51262 - global_seqlen/balanced_max:51264 - global_seqlen/mean:51263.25 - actor/entropy:0.07297465950250626 - perf/mfu/actor_infer:0.02871531846674928 - actor/pg_clipfrac:np.float64(0.0001711194313429587) - actor/ppo_kl:np.float64(-2.8219655205496963e-05) - actor/pg_clipfrac_lower:np.float64(0.0) - actor/pg_loss:np.float64(0.025784042838495225) - actor/kl_loss:np.float64(0.1624864190525841) - actor/kl_coef:np.float64(0.0010000000000000005) - actor/loss:np.float64(0.02594652771949768) - actor/grad_norm:np.float64(0.3869668245315552) - actor/perf/max_memory_allocated_gb:np.float64(20.273035049438477) - actor/perf/max_memory_reserved_gb:np.float64(34.158203125) - actor/perf/cpu_memory_used_gb:np.float64(110.8874340057373) - actor/lr:np.float64(1e-06) - perf/mfu/actor:np.float64(0.02022441621592011) - training/global_step:123 - training/epoch:1 - critic/score/mean:0.9609375 - critic/score/max:1.0 - critic/score/min:0.0 - critic/rewards/mean:0.9609375 - critic/rewards/max:1.0 - critic/rewards/min:0.0 - critic/advantages/mean:-0.0259382501244545 - critic/advantages/max:2.4748666286468506 - critic/advantages/min:-2.4748666286468506 - critic/returns/mean:-0.0259382501244545 - critic/returns/max:2.4748666286468506 - critic/returns/min:-2.4748666286468506 - response_length/mean:318.509765625 - response_length/max:1024.0 - response_length/min:139.0 - response_length/clip_ratio:0.017578125 - response_length_non_aborted/mean:318.509765625 - response_length_non_aborted/max:1024.0 - response_length_non_aborted/min:139.0 - response_length_non_aborted/clip_ratio:0.017578125 - response/aborted_ratio:0.0 - prompt_length/mean:81.984375 - prompt_length/max:139.0 - prompt_length/min:51.0 - prompt_length/clip_ratio:0.0 - num_turns/min:np.int32(2) - num_turns/max:np.int32(2) - num_turns/mean:np.float64(2.0) - timing_s/start_profile:9.343773126602173e-05 - timing_s/agent_loop/num_preempted/min:np.int64(-1) - timing_s/agent_loop/num_preempted/max:np.int64(-1) - timing_s/agent_loop/num_preempted/mean:np.float64(-1.0) - timing_s/agent_loop/generate_sequences/min:np.float64(3.4426520876586437) - timing_s/agent_loop/generate_sequences/max:np.float64(18.493585716933012) - timing_s/agent_loop/generate_sequences/mean:np.float64(7.417682450046414) - timing_s/agent_loop/tool_calls/min:np.float64(0.0) - timing_s/agent_loop/tool_calls/max:np.float64(0.0) - timing_s/agent_loop/tool_calls/mean:np.float64(0.0) - timing_s/agent_loop/compute_score/min:np.float64(0.00525723397731781) - timing_s/agent_loop/compute_score/max:np.float64(0.027346335351467133) - timing_s/agent_loop/compute_score/mean:np.float64(0.01066552232077811) - timing_s/agent_loop/slowest/generate_sequences:np.float64(18.493585716933012) - timing_s/agent_loop/slowest/tool_calls:np.float64(0.0) - timing_s/agent_loop/slowest/compute_score:np.float64(0.0075637660920619965) - timing_s/agent_loop/slowest/num_preempted:np.int64(-1) - timing_s/agent_loop/slowest/prompt_length:76 - timing_s/agent_loop/slowest/response_length:1024 - timing_s/gen:19.46269164606929 - timing_s/reward:2.0619481801986694e-05 - timing_s/old_log_prob:44.75880481675267 - timing_s/ref:63.860615491867065 - timing_s/adv:0.01743932068347931 - timing_s/update_actor:189.3030469790101 - timing_s/update_weights:4.550951216369867 - timing_s/step:322.1069559790194 - timing_s/stop_profile:0.00017138943076133728 - timing_per_token_ms/gen:0.1193466377605014 - timing_per_token_ms/update_actor:0.9231908188566376 - timing_per_token_ms/ref:0.3114346802625032 - timing_per_token_ms/adv:8.50478690069363e-05 - perf/total_num_tokens:205053 - perf/time_per_step:322.1069559790194 - perf/throughput:159.1497763349732
[36m(TaskRunner pid=2033431)[0m step:124 - global_seqlen/min:50730 - global_seqlen/max:53637 - global_seqlen/minmax_diff:2907 - global_seqlen/balanced_min:51773 - global_seqlen/balanced_max:51778 - global_seqlen/mean:51774.75 - actor/entropy:0.06860967725515366 - perf/mfu/actor_infer:0.028611609485462267 - actor/pg_clipfrac:np.float64(0.00013009390158913448) - actor/ppo_kl:np.float64(1.9130183062543438e-05) - actor/pg_clipfrac_lower:np.float64(0.0) - actor/pg_loss:np.float64(0.020684362069005147) - actor/kl_loss:np.float64(0.1528476773237344) - actor/kl_coef:np.float64(0.0010000000000000005) - actor/loss:np.float64(0.020837209187448025) - actor/grad_norm:np.float64(0.34549805521965027) - actor/perf/max_memory_allocated_gb:np.float64(20.273035049438477) - actor/perf/max_memory_reserved_gb:np.float64(34.158203125) - actor/perf/cpu_memory_used_gb:np.float64(111.2674331665039) - actor/lr:np.float64(1e-06) - perf/mfu/actor:np.float64(0.020424320813804603) - training/global_step:124 - training/epoch:1 - critic/score/mean:0.9453125 - critic/score/max:1.0 - critic/score/min:0.0 - critic/rewards/mean:0.9453125 - critic/rewards/max:1.0 - critic/rewards/min:0.0 - critic/advantages/mean:-0.021014172583818436 - critic/advantages/max:0.5400605201721191 - critic/advantages/min:-2.4748666286468506 - critic/returns/mean:-0.021014172583818436 - critic/returns/max:0.5400605201721191 - critic/returns/min:-2.4748666286468506 - response_length/mean:321.568359375 - response_length/max:1024.0 - response_length/min:127.0 - response_length/clip_ratio:0.005859375 - response_length_non_aborted/mean:321.568359375 - response_length_non_aborted/max:1024.0 - response_length_non_aborted/min:127.0 - response_length_non_aborted/clip_ratio:0.005859375 - response/aborted_ratio:0.0 - prompt_length/mean:82.921875 - prompt_length/max:135.0 - prompt_length/min:54.0 - prompt_length/clip_ratio:0.0 - num_turns/min:np.int32(2) - num_turns/max:np.int32(2) - num_turns/mean:np.float64(2.0) - timing_s/start_profile:9.757652878761292e-05 - timing_s/agent_loop/num_preempted/min:np.int64(-1) - timing_s/agent_loop/num_preempted/max:np.int64(-1) - timing_s/agent_loop/num_preempted/mean:np.float64(-1.0) - timing_s/agent_loop/generate_sequences/min:np.float64(3.117969125509262) - timing_s/agent_loop/generate_sequences/max:np.float64(18.091040793806314) - timing_s/agent_loop/generate_sequences/mean:np.float64(7.698042686934059) - timing_s/agent_loop/tool_calls/min:np.float64(0.0) - timing_s/agent_loop/tool_calls/max:np.float64(0.0) - timing_s/agent_loop/tool_calls/mean:np.float64(0.0) - timing_s/agent_loop/compute_score/min:np.float64(0.005700603127479553) - timing_s/agent_loop/compute_score/max:np.float64(0.023300349712371826) - timing_s/agent_loop/compute_score/mean:np.float64(0.010493593516002875) - timing_s/agent_loop/slowest/generate_sequences:np.float64(18.091040793806314) - timing_s/agent_loop/slowest/tool_calls:np.float64(0.0) - timing_s/agent_loop/slowest/compute_score:np.float64(0.01124478131532669) - timing_s/agent_loop/slowest/num_preempted:np.int64(-1) - timing_s/agent_loop/slowest/prompt_length:109 - timing_s/agent_loop/slowest/response_length:1024 - timing_s/gen:19.100602865219116 - timing_s/reward:3.163143992424011e-05 - timing_s/old_log_prob:45.290500331670046 - timing_s/ref:63.961054150015116 - timing_s/adv:0.016904231160879135 - timing_s/update_actor:188.75243562459946 - timing_s/update_weights:4.49862651899457 - timing_s/step:321.77142238616943 - timing_s/stop_profile:0.00017018616199493408 - timing_per_token_ms/gen:0.11601223778246944 - timing_per_token_ms/update_actor:0.9114116225795367 - timing_per_token_ms/ref:0.3088428922883023 - timing_per_token_ms/adv:8.162391494347697e-05 - perf/total_num_tokens:207099 - perf/time_per_step:321.77142238616943 - perf/throughput:160.90537070089235
[36m(TaskRunner pid=2033431)[0m step:125 - global_seqlen/min:51152 - global_seqlen/max:53656 - global_seqlen/minmax_diff:2504 - global_seqlen/balanced_min:52897 - global_seqlen/balanced_max:52992 - global_seqlen/mean:52946.0 - actor/entropy:0.07305850088596344 - perf/mfu/actor_infer:0.029627317784003255 - actor/pg_clipfrac:np.float64(3.4594169846968725e-05) - actor/ppo_kl:np.float64(0.00014949236248718023) - actor/pg_clipfrac_lower:np.float64(0.0) - actor/pg_loss:np.float64(-0.0012940570595674217) - actor/kl_loss:np.float64(0.16012652983772568) - actor/kl_coef:np.float64(0.0010000000000000005) - actor/loss:np.float64(-0.0011339308694005013) - actor/grad_norm:np.float64(0.1034193467348814) - actor/perf/max_memory_allocated_gb:np.float64(20.273035049438477) - actor/perf/max_memory_reserved_gb:np.float64(34.158203125) - actor/perf/cpu_memory_used_gb:np.float64(110.48819351196289) - actor/lr:np.float64(1e-06) - perf/mfu/actor:np.float64(0.02094537070517944) - training/global_step:125 - training/epoch:1 - critic/score/mean:0.98046875 - critic/score/max:1.0 - critic/score/min:0.0 - critic/rewards/mean:0.98046875 - critic/rewards/max:1.0 - critic/rewards/min:0.0 - critic/advantages/mean:0.0013425603974610567 - critic/advantages/max:0.5400605201721191 - critic/advantages/min:-1.6201815605163574 - critic/returns/mean:0.0013425603974610567 - critic/returns/max:0.5400605201721191 - critic/returns/min:-1.6201815605163574 - response_length/mean:330.765625 - response_length/max:1024.0 - response_length/min:98.0 - response_length/clip_ratio:0.01171875 - response_length_non_aborted/mean:330.765625 - response_length_non_aborted/max:1024.0 - response_length_non_aborted/min:98.0 - response_length_non_aborted/clip_ratio:0.01171875 - response/aborted_ratio:0.0 - prompt_length/mean:82.875 - prompt_length/max:132.0 - prompt_length/min:53.0 - prompt_length/clip_ratio:0.0 - num_turns/min:np.int32(2) - num_turns/max:np.int32(2) - num_turns/mean:np.float64(2.0) - timing_s/start_profile:0.00015506520867347717 - timing_s/agent_loop/num_preempted/min:np.int64(-1) - timing_s/agent_loop/num_preempted/max:np.int64(-1) - timing_s/agent_loop/num_preempted/mean:np.float64(-1.0) - timing_s/agent_loop/generate_sequences/min:np.float64(2.3750129230320454) - timing_s/agent_loop/generate_sequences/max:np.float64(18.223846901208162) - timing_s/agent_loop/generate_sequences/mean:np.float64(7.8210190362806316) - timing_s/agent_loop/tool_calls/min:np.float64(0.0) - timing_s/agent_loop/tool_calls/max:np.float64(0.0) - timing_s/agent_loop/tool_calls/mean:np.float64(0.0) - timing_s/agent_loop/compute_score/min:np.float64(0.0065605528652668) - timing_s/agent_loop/compute_score/max:np.float64(0.026171892881393433) - timing_s/agent_loop/compute_score/mean:np.float64(0.010733664479630534) - timing_s/agent_loop/slowest/generate_sequences:np.float64(18.223846901208162) - timing_s/agent_loop/slowest/tool_calls:np.float64(0.0) - timing_s/agent_loop/slowest/compute_score:np.float64(0.009265854954719543) - timing_s/agent_loop/slowest/num_preempted:np.int64(-1) - timing_s/agent_loop/slowest/prompt_length:81 - timing_s/agent_loop/slowest/response_length:1024 - timing_s/gen:19.219596453011036 - timing_s/reward:2.4870038032531738e-05 - timing_s/old_log_prob:44.67176624387503 - timing_s/ref:64.28895848989487 - timing_s/adv:0.01734587550163269 - timing_s/update_actor:188.31935000792146 - timing_s/update_weights:4.525011785328388 - timing_s/step:321.1625743433833 - timing_s/stop_profile:0.00017169862985610962 - timing_per_token_ms/gen:0.11348904325317112 - timing_per_token_ms/update_actor:0.8892048030442407 - timing_per_token_ms/ref:0.30355909081845117 - timing_per_token_ms/adv:8.190361642821314e-05 - perf/total_num_tokens:211784 - perf/time_per_step:321.1625743433833 - perf/throughput:164.85731598162727
[36m(TaskRunner pid=2033431)[0m step:126 - global_seqlen/min:55068 - global_seqlen/max:58599 - global_seqlen/minmax_diff:3531 - global_seqlen/balanced_min:56416 - global_seqlen/balanced_max:56419 - global_seqlen/mean:56417.5 - actor/entropy:0.07881080359220505 - perf/mfu/actor_infer:0.031477337991256196 - actor/pg_clipfrac:np.float64(0.00019022770447918447) - actor/ppo_kl:np.float64(-5.190696343859713e-05) - actor/pg_clipfrac_lower:np.float64(0.0) - actor/pg_loss:np.float64(-0.0019011370022781193) - actor/kl_loss:np.float64(0.15359334051026963) - actor/kl_coef:np.float64(0.0010000000000000005) - actor/loss:np.float64(-0.00174754299223423) - actor/grad_norm:np.float64(0.34522825479507446) - actor/perf/max_memory_allocated_gb:np.float64(20.273035049438477) - actor/perf/max_memory_reserved_gb:np.float64(34.158203125) - actor/perf/cpu_memory_used_gb:np.float64(110.76085472106934) - actor/lr:np.float64(1e-06) - perf/mfu/actor:np.float64(0.02231109377788036) - training/global_step:126 - training/epoch:1 - critic/score/mean:0.94921875 - critic/score/max:1.0 - critic/score/min:0.0 - critic/rewards/mean:0.94921875 - critic/rewards/max:1.0 - critic/rewards/min:0.0 - critic/advantages/mean:0.002001088112592697 - critic/advantages/max:1.6201815605163574 - critic/advantages/min:-2.4748666286468506 - critic/returns/mean:0.002001088112592697 - critic/returns/max:1.6201815605163574 - critic/returns/min:-2.4748666286468506 - response_length/mean:350.82421875 - response_length/max:1024.0 - response_length/min:145.0 - response_length/clip_ratio:0.01171875 - response_length_non_aborted/mean:350.82421875 - response_length_non_aborted/max:1024.0 - response_length_non_aborted/min:145.0 - response_length_non_aborted/clip_ratio:0.01171875 - response/aborted_ratio:0.0 - prompt_length/mean:89.9375 - prompt_length/max:149.0 - prompt_length/min:51.0 - prompt_length/clip_ratio:0.0 - num_turns/min:np.int32(2) - num_turns/max:np.int32(2) - num_turns/mean:np.float64(2.0) - timing_s/start_profile:0.0001414567232131958 - timing_s/agent_loop/num_preempted/min:np.int64(-1) - timing_s/agent_loop/num_preempted/max:np.int64(-1) - timing_s/agent_loop/num_preempted/mean:np.float64(-1.0) - timing_s/agent_loop/generate_sequences/min:np.float64(3.6500721015036106) - timing_s/agent_loop/generate_sequences/max:np.float64(18.81854423135519) - timing_s/agent_loop/generate_sequences/mean:np.float64(8.395123415539274) - timing_s/agent_loop/tool_calls/min:np.float64(0.0) - timing_s/agent_loop/tool_calls/max:np.float64(0.0) - timing_s/agent_loop/tool_calls/mean:np.float64(0.0) - timing_s/agent_loop/compute_score/min:np.float64(0.007065463811159134) - timing_s/agent_loop/compute_score/max:np.float64(0.02538193389773369) - timing_s/agent_loop/compute_score/mean:np.float64(0.010668030525266659) - timing_s/agent_loop/slowest/generate_sequences:np.float64(18.81854423135519) - timing_s/agent_loop/slowest/tool_calls:np.float64(0.0) - timing_s/agent_loop/slowest/compute_score:np.float64(0.011501278728246689) - timing_s/agent_loop/slowest/num_preempted:np.int64(-1) - timing_s/agent_loop/slowest/prompt_length:112 - timing_s/agent_loop/slowest/response_length:1024 - timing_s/gen:19.808486368507147 - timing_s/reward:3.436580300331116e-05 - timing_s/old_log_prob:44.929565135389566 - timing_s/ref:64.2784395813942 - timing_s/adv:0.017537400126457214 - timing_s/update_actor:188.60345894098282 - timing_s/update_weights:4.534793980419636 - timing_s/step:322.32471611350775 - timing_s/stop_profile:0.00017195940017700195 - timing_per_token_ms/gen:0.11027873182854632 - timing_per_token_ms/update_actor:0.8357489207293075 - timing_per_token_ms/ref:0.2848337819887189 - timing_per_token_ms/adv:7.771258973925296e-05 - perf/total_num_tokens:225670 - perf/time_per_step:322.32471611350775 - perf/throughput:175.03311778341063
[36m(TaskRunner pid=2033431)[0m step:127 - global_seqlen/min:50269 - global_seqlen/max:58306 - global_seqlen/minmax_diff:8037 - global_seqlen/balanced_min:54103 - global_seqlen/balanced_max:54105 - global_seqlen/mean:54104.0 - actor/entropy:0.08218241482973099 - perf/mfu/actor_infer:0.030245031303442405 - actor/pg_clipfrac:np.float64(0.0002290007460032939) - actor/ppo_kl:np.float64(9.292372929792236e-05) - actor/pg_clipfrac_lower:np.float64(0.0) - actor/pg_loss:np.float64(0.011412411229684949) - actor/kl_loss:np.float64(0.1552284271165263) - actor/kl_coef:np.float64(0.0010000000000000005) - actor/loss:np.float64(0.011567641515284777) - actor/grad_norm:np.float64(0.3351510912179947) - actor/perf/max_memory_allocated_gb:np.float64(20.273035049438477) - actor/perf/max_memory_reserved_gb:np.float64(34.158203125) - actor/perf/cpu_memory_used_gb:np.float64(110.48550796508789) - actor/lr:np.float64(1e-06) - perf/mfu/actor:np.float64(0.02137508155778111) - training/global_step:127 - training/epoch:1 - critic/score/mean:0.970703125 - critic/score/max:1.0 - critic/score/min:0.0 - critic/rewards/mean:0.970703125 - critic/rewards/max:1.0 - critic/rewards/min:0.0 - critic/advantages/mean:-0.011629636399447918 - critic/advantages/max:1.6201815605163574 - critic/advantages/min:-2.4748666286468506 - critic/returns/mean:-0.011629636399447918 - critic/returns/max:1.6201815605163574 - critic/returns/min:-2.4748666286468506 - response_length/mean:336.40625 - response_length/max:1024.0 - response_length/min:103.0 - response_length/clip_ratio:0.01953125 - response_length_non_aborted/mean:336.40625 - response_length_non_aborted/max:1024.0 - response_length_non_aborted/min:103.0 - response_length_non_aborted/clip_ratio:0.01953125 - response/aborted_ratio:0.0 - prompt_length/mean:86.28125 - prompt_length/max:159.0 - prompt_length/min:49.0 - prompt_length/clip_ratio:0.0 - num_turns/min:np.int32(2) - num_turns/max:np.int32(2) - num_turns/mean:np.float64(2.0) - timing_s/start_profile:0.00010405853390693665 - timing_s/agent_loop/num_preempted/min:np.int64(-1) - timing_s/agent_loop/num_preempted/max:np.int64(-1) - timing_s/agent_loop/num_preempted/mean:np.float64(-1.0) - timing_s/agent_loop/generate_sequences/min:np.float64(2.5197085589170456) - timing_s/agent_loop/generate_sequences/max:np.float64(18.543374426662922) - timing_s/agent_loop/generate_sequences/mean:np.float64(7.849572404076753) - timing_s/agent_loop/tool_calls/min:np.float64(0.0) - timing_s/agent_loop/tool_calls/max:np.float64(0.0) - timing_s/agent_loop/tool_calls/mean:np.float64(0.0) - timing_s/agent_loop/compute_score/min:np.float64(0.006093010306358337) - timing_s/agent_loop/compute_score/max:np.float64(0.020877737551927567) - timing_s/agent_loop/compute_score/mean:np.float64(0.010237809059617575) - timing_s/agent_loop/slowest/generate_sequences:np.float64(18.543374426662922) - timing_s/agent_loop/slowest/tool_calls:np.float64(0.0) - timing_s/agent_loop/slowest/compute_score:np.float64(0.011137571185827255) - timing_s/agent_loop/slowest/num_preempted:np.int64(-1) - timing_s/agent_loop/slowest/prompt_length:78 - timing_s/agent_loop/slowest/response_length:1024 - timing_s/gen:19.577614583075047 - timing_s/reward:2.481788396835327e-05 - timing_s/old_log_prob:44.88737443462014 - timing_s/ref:63.846183735877275 - timing_s/adv:0.01810089498758316 - timing_s/update_actor:189.06808779388666 - timing_s/update_weights:4.562069978564978 - timing_s/step:322.1182962805033 - timing_s/stop_profile:0.0002156682312488556 - timing_per_token_ms/gen:0.11366473863838276 - timing_per_token_ms/update_actor:0.8736326694601446 - timing_per_token_ms/ref:0.2950160049898218 - timing_per_token_ms/adv:8.363935655211797e-05 - perf/total_num_tokens:216416 - perf/time_per_step:322.1182962805033 - perf/throughput:167.96313846415538
[36m(TaskRunner pid=2033431)[0m step:128 - global_seqlen/min:50938 - global_seqlen/max:57362 - global_seqlen/minmax_diff:6424 - global_seqlen/balanced_min:55065 - global_seqlen/balanced_max:55067 - global_seqlen/mean:55066.0 - actor/entropy:0.08354576677083969 - perf/mfu/actor_infer:0.030663629535341918 - actor/pg_clipfrac:np.float64(0.00016860962750797626) - actor/ppo_kl:np.float64(3.8551351282833934e-05) - actor/pg_clipfrac_lower:np.float64(0.0) - actor/pg_loss:np.float64(0.004651011025998741) - actor/kl_loss:np.float64(0.15773821869515814) - actor/kl_coef:np.float64(0.0010000000000000005) - actor/loss:np.float64(0.0048087481409311295) - actor/grad_norm:np.float64(0.19649219512939453) - actor/perf/max_memory_allocated_gb:np.float64(20.273035049438477) - actor/perf/max_memory_reserved_gb:np.float64(34.158203125) - actor/perf/cpu_memory_used_gb:np.float64(110.49555587768555) - actor/lr:np.float64(1e-06) - perf/mfu/actor:np.float64(0.021759916259168434) - training/global_step:128 - training/epoch:1 - critic/score/mean:0.9296875 - critic/score/max:1.0 - critic/score/min:0.0 - critic/rewards/mean:0.9296875 - critic/rewards/max:1.0 - critic/rewards/min:0.0 - critic/advantages/mean:-0.004837309010326862 - critic/advantages/max:0.7245674133300781 - critic/advantages/min:-2.4748666286468506 - critic/returns/mean:-0.004837309010326862 - critic/returns/max:0.7245674133300781 - critic/returns/min:-2.4748666286468506 - response_length/mean:344.890625 - response_length/max:1024.0 - response_length/min:145.0 - response_length/clip_ratio:0.021484375 - response_length_non_aborted/mean:344.890625 - response_length_non_aborted/max:1024.0 - response_length_non_aborted/min:145.0 - response_length_non_aborted/clip_ratio:0.021484375 - response/aborted_ratio:0.0 - prompt_length/mean:85.3125 - prompt_length/max:142.0 - prompt_length/min:41.0 - prompt_length/clip_ratio:0.0 - num_turns/min:np.int32(2) - num_turns/max:np.int32(2) - num_turns/mean:np.float64(2.0) - timing_s/start_profile:0.00015353038907051086 - timing_s/agent_loop/num_preempted/min:np.int64(-1) - timing_s/agent_loop/num_preempted/max:np.int64(-1) - timing_s/agent_loop/num_preempted/mean:np.float64(-1.0) - timing_s/agent_loop/generate_sequences/min:np.float64(3.5399417467415333) - timing_s/agent_loop/generate_sequences/max:np.float64(18.698478776961565) - timing_s/agent_loop/generate_sequences/mean:np.float64(8.10414881286124) - timing_s/agent_loop/tool_calls/min:np.float64(0.0) - timing_s/agent_loop/tool_calls/max:np.float64(0.0) - timing_s/agent_loop/tool_calls/mean:np.float64(0.0) - timing_s/agent_loop/compute_score/min:np.float64(0.007369693368673325) - timing_s/agent_loop/compute_score/max:np.float64(0.0274214968085289) - timing_s/agent_loop/compute_score/mean:np.float64(0.010818676208145916) - timing_s/agent_loop/slowest/generate_sequences:np.float64(18.698478776961565) - timing_s/agent_loop/slowest/tool_calls:np.float64(0.0) - timing_s/agent_loop/slowest/compute_score:np.float64(0.009717106819152832) - timing_s/agent_loop/slowest/num_preempted:np.int64(-1) - timing_s/agent_loop/slowest/prompt_length:142 - timing_s/agent_loop/slowest/response_length:1024 - timing_s/gen:19.678766924887896 - timing_s/reward:2.621859312057495e-05 - timing_s/old_log_prob:45.07749852538109 - timing_s/ref:63.94848436117172 - timing_s/adv:0.015006624162197113 - timing_s/update_actor:189.0439155101776 - timing_s/update_weights:4.54618039727211 - timing_s/step:322.46166713535786 - timing_s/stop_profile:0.00017221644520759583 - timing_per_token_ms/gen:0.11144139290585725 - timing_per_token_ms/update_actor:0.8582606123114881 - timing_per_token_ms/ref:0.290326537069933 - timing_per_token_ms/adv:6.81301718038223e-05 - perf/total_num_tokens:220264 - perf/time_per_step:322.46166713535786 - perf/throughput:170.7675845293117
[36m(TaskRunner pid=2033431)[0m step:129 - global_seqlen/min:54319 - global_seqlen/max:60968 - global_seqlen/minmax_diff:6649 - global_seqlen/balanced_min:56855 - global_seqlen/balanced_max:56858 - global_seqlen/mean:56856.5 - actor/entropy:0.08898729830980301 - perf/mfu/actor_infer:0.03168757819138615 - actor/pg_clipfrac:np.float64(0.0002464198619236413) - actor/ppo_kl:np.float64(-6.569726659222397e-05) - actor/pg_clipfrac_lower:np.float64(0.0) - actor/pg_loss:np.float64(0.004837038199184462) - actor/kl_loss:np.float64(0.1569925234070979) - actor/kl_coef:np.float64(0.0010000000000000005) - actor/loss:np.float64(0.004994030110538006) - actor/grad_norm:np.float64(0.3063548803329468) - actor/perf/max_memory_allocated_gb:np.float64(20.273035049438477) - actor/perf/max_memory_reserved_gb:np.float64(34.158203125) - actor/perf/cpu_memory_used_gb:np.float64(106.96973609924316) - actor/lr:np.float64(1e-06) - perf/mfu/actor:np.float64(0.022541633720708203) - training/global_step:129 - training/epoch:1 - critic/score/mean:0.931640625 - critic/score/max:1.0 - critic/score/min:0.0 - critic/rewards/mean:0.931640625 - critic/rewards/max:1.0 - critic/rewards/min:0.0 - critic/advantages/mean:-0.004537272732704878 - critic/advantages/max:2.4748666286468506 - critic/advantages/min:-1.6201815605163574 - critic/returns/mean:-0.004537272732704878 - critic/returns/max:2.4748666286468506 - critic/returns/min:-1.6201815605163574 - response_length/mean:360.00390625 - response_length/max:1024.0 - response_length/min:129.0 - response_length/clip_ratio:0.017578125 - response_length_non_aborted/mean:360.00390625 - response_length_non_aborted/max:1024.0 - response_length_non_aborted/min:129.0 - response_length_non_aborted/clip_ratio:0.017578125 - response/aborted_ratio:0.0 - prompt_length/mean:84.1875 - prompt_length/max:136.0 - prompt_length/min:51.0 - prompt_length/clip_ratio:0.0 - num_turns/min:np.int32(2) - num_turns/max:np.int32(2) - num_turns/mean:np.float64(2.0) - timing_s/start_profile:0.00010001659393310547 - timing_s/agent_loop/num_preempted/min:np.int64(-1) - timing_s/agent_loop/num_preempted/max:np.int64(-1) - timing_s/agent_loop/num_preempted/mean:np.float64(-1.0) - timing_s/agent_loop/generate_sequences/min:np.float64(3.18922096863389) - timing_s/agent_loop/generate_sequences/max:np.float64(19.12660289928317) - timing_s/agent_loop/generate_sequences/mean:np.float64(8.3337794602121) - timing_s/agent_loop/tool_calls/min:np.float64(0.0) - timing_s/agent_loop/tool_calls/max:np.float64(0.0) - timing_s/agent_loop/tool_calls/mean:np.float64(0.0) - timing_s/agent_loop/compute_score/min:np.float64(0.00598791241645813) - timing_s/agent_loop/compute_score/max:np.float64(0.027892976999282837) - timing_s/agent_loop/compute_score/mean:np.float64(0.010259890281304251) - timing_s/agent_loop/slowest/generate_sequences:np.float64(19.12660289928317) - timing_s/agent_loop/slowest/tool_calls:np.float64(0.0) - timing_s/agent_loop/slowest/compute_score:np.float64(0.009168125689029694) - timing_s/agent_loop/slowest/num_preempted:np.int64(-1) - timing_s/agent_loop/slowest/prompt_length:97 - timing_s/agent_loop/slowest/response_length:1024 - timing_s/gen:20.143997736275196 - timing_s/reward:2.516806125640869e-05 - timing_s/old_log_prob:45.012102741748095 - timing_s/ref:64.10005286708474 - timing_s/adv:0.017171666026115417 - timing_s/update_actor:188.63125947862864 - timing_s/update_weights:4.572505462914705 - timing_s/step:322.62605594843626 - timing_s/stop_profile:0.00013935565948486328 - timing_per_token_ms/gen:0.10928699632314752 - timing_per_token_ms/update_actor:0.8294181820839686 - timing_per_token_ms/ref:0.28185015287207593 - timing_per_token_ms/adv:7.550441034057416e-05 - perf/total_num_tokens:227426 - perf/time_per_step:322.62605594843626 - perf/throughput:176.23034144857505
[36m(TaskRunner pid=2033431)[0m test_gen_batch meta info: {'eos_token_id': 151645, 'pad_token_id': 151643, 'recompute_log_prob': False, 'do_sample': False, 'validate': True, 'global_steps': 130}
[36m(TaskRunner pid=2033431)[0m validation generation end
[36m(TaskRunner pid=2033431)[0m step:130 - global_seqlen/min:49454 - global_seqlen/max:52621 - global_seqlen/minmax_diff:3167 - global_seqlen/balanced_min:51472 - global_seqlen/balanced_max:51481 - global_seqlen/mean:51478.5 - actor/entropy:0.0742328017950058 - perf/mfu/actor_infer:0.028801627949524903 - actor/pg_clipfrac:np.float64(8.518545246261056e-05) - actor/ppo_kl:np.float64(7.466106247733251e-05) - actor/pg_clipfrac_lower:np.float64(0.0) - actor/pg_loss:np.float64(0.0036001134430989623) - actor/kl_loss:np.float64(0.17449173651402816) - actor/kl_coef:np.float64(0.0010000000000000005) - actor/loss:np.float64(0.003774607554078102) - actor/grad_norm:np.float64(0.2265757918357849) - actor/perf/max_memory_allocated_gb:np.float64(20.273035049438477) - actor/perf/max_memory_reserved_gb:np.float64(34.158203125) - actor/perf/cpu_memory_used_gb:np.float64(107.00428009033203) - actor/lr:np.float64(1e-06) - perf/mfu/actor:np.float64(0.020280276663515097) - val-aux/openai/gsm8k/reward/mean@1:np.float64(0.9385898407884761) - val-core/openai/gsm8k/acc/mean@1:np.float64(0.9385898407884761) - val-aux/num_turns/min:np.int32(2) - val-aux/num_turns/max:np.int32(2) - val-aux/num_turns/mean:np.float64(2.0) - training/global_step:130 - training/epoch:1 - critic/score/mean:0.947265625 - critic/score/max:1.0 - critic/score/min:0.0 - critic/rewards/mean:0.947265625 - critic/rewards/max:1.0 - critic/rewards/min:0.0 - critic/advantages/mean:-0.003935991320759058 - critic/advantages/max:0.5400605201721191 - critic/advantages/min:-2.4748666286468506 - critic/returns/mean:-0.003935991320759058 - critic/returns/max:0.5400605201721191 - critic/returns/min:-2.4748666286468506 - response_length/mean:320.78515625 - response_length/max:1024.0 - response_length/min:116.0 - response_length/clip_ratio:0.001953125 - response_length_non_aborted/mean:320.78515625 - response_length_non_aborted/max:1024.0 - response_length_non_aborted/min:116.0 - response_length_non_aborted/clip_ratio:0.001953125 - response/aborted_ratio:0.0 - prompt_length/mean:81.390625 - prompt_length/max:169.0 - prompt_length/min:47.0 - prompt_length/clip_ratio:0.0 - num_turns/min:np.int32(2) - num_turns/max:np.int32(2) - num_turns/mean:np.float64(2.0) - timing_s/start_profile:0.00011258572340011597 - timing_s/agent_loop/num_preempted/min:np.int64(-1) - timing_s/agent_loop/num_preempted/max:np.int64(-1) - timing_s/agent_loop/num_preempted/mean:np.float64(-1.0) - timing_s/agent_loop/generate_sequences/min:np.float64(2.895470030605793) - timing_s/agent_loop/generate_sequences/max:np.float64(17.78953478485346) - timing_s/agent_loop/generate_sequences/mean:np.float64(7.565970156807452) - timing_s/agent_loop/tool_calls/min:np.float64(0.0) - timing_s/agent_loop/tool_calls/max:np.float64(0.0) - timing_s/agent_loop/tool_calls/mean:np.float64(0.0) - timing_s/agent_loop/compute_score/min:np.float64(0.006399631500244141) - timing_s/agent_loop/compute_score/max:np.float64(0.025997109711170197) - timing_s/agent_loop/compute_score/mean:np.float64(0.010675084158719983) - timing_s/agent_loop/slowest/generate_sequences:np.float64(17.78953478485346) - timing_s/agent_loop/slowest/tool_calls:np.float64(0.0) - timing_s/agent_loop/slowest/compute_score:np.float64(0.01131163164973259) - timing_s/agent_loop/slowest/num_preempted:np.int64(-1) - timing_s/agent_loop/slowest/prompt_length:82 - timing_s/agent_loop/slowest/response_length:1024 - timing_s/gen:18.81906307861209 - timing_s/reward:2.1439045667648315e-05 - timing_s/old_log_prob:44.751710157841444 - timing_s/ref:63.788072891533375 - timing_s/adv:0.016719304025173187 - timing_s/update_actor:189.10096656903625 - timing_s/update_weights:4.569655664265156 - timing_s/step:321.19363594800234 - timing_s/testing:29.357481755316257 - timing_s/stop_profile:0.00011538341641426086 - timing_per_token_ms/gen:0.11458130733071985 - timing_per_token_ms/update_actor:0.9183492456512731 - timing_per_token_ms/ref:0.309780164979231 - timing_per_token_ms/adv:8.119556720365389e-05 - perf/total_num_tokens:205914 - perf/time_per_step:321.19363594800234 - perf/throughput:160.27247815188278
[36m(TaskRunner pid=2033431)[0m step:131 - global_seqlen/min:48748 - global_seqlen/max:55304 - global_seqlen/minmax_diff:6556 - global_seqlen/balanced_min:51795 - global_seqlen/balanced_max:51798 - global_seqlen/mean:51796.75 - actor/entropy:0.07469453662633896 - perf/mfu/actor_infer:0.028978879284440682 - actor/pg_clipfrac:np.float64(0.00012485704064602032) - actor/ppo_kl:np.float64(8.123964093442737e-05) - actor/pg_clipfrac_lower:np.float64(0.0) - actor/pg_loss:np.float64(0.014954074984416366) - actor/kl_loss:np.float64(0.16191977844573557) - actor/kl_coef:np.float64(0.0010000000000000005) - actor/loss:np.float64(0.01511599263176322) - actor/grad_norm:np.float64(0.27093321084976196) - actor/perf/max_memory_allocated_gb:np.float64(20.273035049438477) - actor/perf/max_memory_reserved_gb:np.float64(34.158203125) - actor/perf/cpu_memory_used_gb:np.float64(106.96531677246094) - actor/lr:np.float64(1e-06) - perf/mfu/actor:np.float64(0.02042817641786885) - training/global_step:131 - training/epoch:1 - critic/score/mean:0.951171875 - critic/score/max:1.0 - critic/score/min:0.0 - critic/rewards/mean:0.951171875 - critic/rewards/max:1.0 - critic/rewards/min:0.0 - critic/advantages/mean:-0.01520238071680069 - critic/advantages/max:1.20761239528656 - critic/advantages/min:-1.6201815605163574 - critic/returns/mean:-0.01520238071680069 - critic/returns/max:1.20761239528656 - critic/returns/min:-1.6201815605163574 - response_length/mean:324.958984375 - response_length/max:1024.0 - response_length/min:97.0 - response_length/clip_ratio:0.0078125 - response_length_non_aborted/mean:324.958984375 - response_length_non_aborted/max:1024.0 - response_length_non_aborted/min:97.0 - response_length_non_aborted/clip_ratio:0.0078125 - response/aborted_ratio:0.0 - prompt_length/mean:79.703125 - prompt_length/max:114.0 - prompt_length/min:44.0 - prompt_length/clip_ratio:0.0 - num_turns/min:np.int32(2) - num_turns/max:np.int32(2) - num_turns/mean:np.float64(2.0) - timing_s/start_profile:6.525591015815735e-05 - timing_s/agent_loop/num_preempted/min:np.int64(-1) - timing_s/agent_loop/num_preempted/max:np.int64(-1) - timing_s/agent_loop/num_preempted/mean:np.float64(-1.0) - timing_s/agent_loop/generate_sequences/min:np.float64(2.408311765640974) - timing_s/agent_loop/generate_sequences/max:np.float64(18.216648802161217) - timing_s/agent_loop/generate_sequences/mean:np.float64(7.573609208608104) - timing_s/agent_loop/tool_calls/min:np.float64(0.0) - timing_s/agent_loop/tool_calls/max:np.float64(0.0) - timing_s/agent_loop/tool_calls/mean:np.float64(0.0) - timing_s/agent_loop/compute_score/min:np.float64(0.006517473608255386) - timing_s/agent_loop/compute_score/max:np.float64(0.025507662445306778) - timing_s/agent_loop/compute_score/mean:np.float64(0.010515213522012345) - timing_s/agent_loop/slowest/generate_sequences:np.float64(18.216648802161217) - timing_s/agent_loop/slowest/tool_calls:np.float64(0.0) - timing_s/agent_loop/slowest/compute_score:np.float64(0.011057280004024506) - timing_s/agent_loop/slowest/num_preempted:np.int64(-1) - timing_s/agent_loop/slowest/prompt_length:92 - timing_s/agent_loop/slowest/response_length:1024 - timing_s/gen:19.260060001164675 - timing_s/reward:2.2783875465393066e-05 - timing_s/old_log_prob:45.22960915416479 - timing_s/ref:63.89670726284385 - timing_s/adv:0.020573634654283524 - timing_s/update_actor:188.95601312071085 - timing_s/update_weights:4.583926327526569 - timing_s/step:322.0948336906731 - timing_s/stop_profile:0.00017684325575828552 - timing_per_token_ms/gen:0.11576016204668062 - timing_per_token_ms/update_actor:0.9120070907958069 - timing_per_token_ms/ref:0.3084011413015481 - timing_per_token_ms/adv:9.92998337457636e-05 - perf/total_num_tokens:207187 - perf/time_per_step:322.0948336906731 - perf/throughput:160.81211054053574
[36m(TaskRunner pid=2033431)[0m step:132 - global_seqlen/min:49378 - global_seqlen/max:57479 - global_seqlen/minmax_diff:8101 - global_seqlen/balanced_min:53457 - global_seqlen/balanced_max:53460 - global_seqlen/mean:53458.75 - actor/entropy:0.07949470728635788 - perf/mfu/actor_infer:0.029852240179126212 - actor/pg_clipfrac:np.float64(0.00014347118985824636) - actor/ppo_kl:np.float64(-6.278610466381451e-05) - actor/pg_clipfrac_lower:np.float64(0.0) - actor/pg_loss:np.float64(0.003257298783864826) - actor/kl_loss:np.float64(0.15262500994140282) - actor/kl_coef:np.float64(0.0010000000000000005) - actor/loss:np.float64(0.0034099258482456207) - actor/grad_norm:np.float64(0.2918017506599426) - actor/perf/max_memory_allocated_gb:np.float64(20.273035049438477) - actor/perf/max_memory_reserved_gb:np.float64(34.158203125) - actor/perf/cpu_memory_used_gb:np.float64(107.03572845458984) - actor/lr:np.float64(1e-06) - perf/mfu/actor:np.float64(0.02113260862569463) - training/global_step:132 - training/epoch:1 - critic/score/mean:0.958984375 - critic/score/max:1.0 - critic/score/min:0.0 - critic/rewards/mean:0.958984375 - critic/rewards/max:1.0 - critic/rewards/min:0.0 - critic/advantages/mean:-0.0037401386070996523 - critic/advantages/max:2.4748666286468506 - critic/advantages/min:-2.4748666286468506 - critic/returns/mean:-0.0037401386070996523 - critic/returns/max:2.4748666286468506 - critic/returns/min:-2.4748666286468506 - response_length/mean:338.193359375 - response_length/max:1024.0 - response_length/min:121.0 - response_length/clip_ratio:0.021484375 - response_length_non_aborted/mean:338.193359375 - response_length_non_aborted/max:1024.0 - response_length_non_aborted/min:121.0 - response_length_non_aborted/clip_ratio:0.021484375 - response/aborted_ratio:0.0 - prompt_length/mean:79.453125 - prompt_length/max:139.0 - prompt_length/min:45.0 - prompt_length/clip_ratio:0.0 - num_turns/min:np.int32(2) - num_turns/max:np.int32(2) - num_turns/mean:np.float64(2.0) - timing_s/start_profile:0.00010527297854423523 - timing_s/agent_loop/num_preempted/min:np.int64(-1) - timing_s/agent_loop/num_preempted/max:np.int64(-1) - timing_s/agent_loop/num_preempted/mean:np.float64(-1.0) - timing_s/agent_loop/generate_sequences/min:np.float64(2.995272610336542) - timing_s/agent_loop/generate_sequences/max:np.float64(18.563579987734556) - timing_s/agent_loop/generate_sequences/mean:np.float64(7.81310021704121) - timing_s/agent_loop/tool_calls/min:np.float64(0.0) - timing_s/agent_loop/tool_calls/max:np.float64(0.0) - timing_s/agent_loop/tool_calls/mean:np.float64(0.0) - timing_s/agent_loop/compute_score/min:np.float64(0.005908910185098648) - timing_s/agent_loop/compute_score/max:np.float64(0.03294897451996803) - timing_s/agent_loop/compute_score/mean:np.float64(0.010162644306547008) - timing_s/agent_loop/slowest/generate_sequences:np.float64(18.563579987734556) - timing_s/agent_loop/slowest/tool_calls:np.float64(0.0) - timing_s/agent_loop/slowest/compute_score:np.float64(0.007513873279094696) - timing_s/agent_loop/slowest/num_preempted:np.int64(-1) - timing_s/agent_loop/slowest/prompt_length:87 - timing_s/agent_loop/slowest/response_length:1024 - timing_s/gen:19.58713223040104 - timing_s/reward:3.026425838470459e-05 - timing_s/old_log_prob:45.28775731101632 - timing_s/ref:63.879669047892094 - timing_s/adv:0.017316915094852448 - timing_s/update_actor:188.67392511293292 - timing_s/update_weights:4.538013268262148 - timing_s/step:322.1332943402231 - timing_s/stop_profile:7.332116365432739e-05 - timing_per_token_ms/gen:0.11311906806272437 - timing_per_token_ms/update_actor:0.8823341600436454 - timing_per_token_ms/ref:0.2987334582640451 - timing_per_token_ms/adv:8.098260385274837e-05 - perf/total_num_tokens:213835 - perf/time_per_step:322.1332943402231 - perf/throughput:165.9522655349596
[36m(TaskRunner pid=2033431)[0m step:133 - global_seqlen/min:47419 - global_seqlen/max:58639 - global_seqlen/minmax_diff:11220 - global_seqlen/balanced_min:53305 - global_seqlen/balanced_max:53309 - global_seqlen/mean:53307.5 - actor/entropy:0.07939974963665009 - perf/mfu/actor_infer:0.02939060408188322 - actor/pg_clipfrac:np.float64(0.00040938503570941975) - actor/ppo_kl:np.float64(7.575162064910046e-05) - actor/pg_clipfrac_lower:np.float64(0.0) - actor/pg_loss:np.float64(0.014393325982382521) - actor/kl_loss:np.float64(0.15361930726794526) - actor/kl_coef:np.float64(0.0010000000000000005) - actor/loss:np.float64(0.014546943828463554) - actor/grad_norm:np.float64(0.31850898265838623) - actor/perf/max_memory_allocated_gb:np.float64(20.273035049438477) - actor/perf/max_memory_reserved_gb:np.float64(34.158203125) - actor/perf/cpu_memory_used_gb:np.float64(106.94169616699219) - actor/lr:np.float64(1e-06) - perf/mfu/actor:np.float64(0.02106367277524623) - training/global_step:133 - training/epoch:1 - critic/score/mean:0.962890625 - critic/score/max:1.0 - critic/score/min:0.0 - critic/rewards/mean:0.962890625 - critic/rewards/max:1.0 - critic/rewards/min:0.0 - critic/advantages/mean:-0.014383979141712189 - critic/advantages/max:0.935412585735321 - critic/advantages/min:-2.4748666286468506 - critic/returns/mean:-0.014383979141712189 - critic/returns/max:0.935412585735321 - critic/returns/min:-2.4748666286468506 - response_length/mean:332.33984375 - response_length/max:1024.0 - response_length/min:145.0 - response_length/clip_ratio:0.013671875 - response_length_non_aborted/mean:332.33984375 - response_length_non_aborted/max:1024.0 - response_length_non_aborted/min:145.0 - response_length_non_aborted/clip_ratio:0.013671875 - response/aborted_ratio:0.0 - prompt_length/mean:84.125 - prompt_length/max:150.0 - prompt_length/min:52.0 - prompt_length/clip_ratio:0.0 - num_turns/min:np.int32(2) - num_turns/max:np.int32(2) - num_turns/mean:np.float64(2.0) - timing_s/start_profile:9.138137102127075e-05 - timing_s/agent_loop/num_preempted/min:np.int64(-1) - timing_s/agent_loop/num_preempted/max:np.int64(-1) - timing_s/agent_loop/num_preempted/mean:np.float64(-1.0) - timing_s/agent_loop/generate_sequences/min:np.float64(3.683953057974577) - timing_s/agent_loop/generate_sequences/max:np.float64(18.638315469026566) - timing_s/agent_loop/generate_sequences/mean:np.float64(7.8923826271202415) - timing_s/agent_loop/tool_calls/min:np.float64(0.0) - timing_s/agent_loop/tool_calls/max:np.float64(0.0) - timing_s/agent_loop/tool_calls/mean:np.float64(0.0) - timing_s/agent_loop/compute_score/min:np.float64(0.006803933531045914) - timing_s/agent_loop/compute_score/max:np.float64(0.02533670887351036) - timing_s/agent_loop/compute_score/mean:np.float64(0.010262776369927451) - timing_s/agent_loop/slowest/generate_sequences:np.float64(18.638315469026566) - timing_s/agent_loop/slowest/tool_calls:np.float64(0.0) - timing_s/agent_loop/slowest/compute_score:np.float64(0.01135113462805748) - timing_s/agent_loop/slowest/num_preempted:np.int64(-1) - timing_s/agent_loop/slowest/prompt_length:115 - timing_s/agent_loop/slowest/response_length:1024 - timing_s/gen:19.69881620258093 - timing_s/reward:1.893565058708191e-05 - timing_s/old_log_prob:45.46031813696027 - timing_s/ref:64.29305217042565 - timing_s/adv:0.01688220724463463 - timing_s/update_actor:188.5709783770144 - timing_s/update_weights:4.562827318906784 - timing_s/step:322.75562162697315 - timing_s/stop_profile:0.00013262033462524414 - timing_per_token_ms/gen:0.11576779347771442 - timing_per_token_ms/update_actor:0.8843548205084387 - timing_per_token_ms/ref:0.30151973066841276 - timing_per_token_ms/adv:7.917369621833057e-05 - perf/total_num_tokens:213230 - perf/time_per_step:322.75562162697315 - perf/throughput:165.16366076377898
[36m(TaskRunner pid=2033431)[0m step:134 - global_seqlen/min:47910 - global_seqlen/max:57444 - global_seqlen/minmax_diff:9534 - global_seqlen/balanced_min:53128 - global_seqlen/balanced_max:53130 - global_seqlen/mean:53129.25 - actor/entropy:0.07866395264863968 - perf/mfu/actor_infer:0.029666650294201596 - actor/pg_clipfrac:np.float64(0.00024398253094659594) - actor/ppo_kl:np.float64(9.420818498995231e-05) - actor/pg_clipfrac_lower:np.float64(2.1871501303394325e-06) - actor/pg_loss:np.float64(0.017964082886464894) - actor/kl_loss:np.float64(0.15753325386322103) - actor/kl_coef:np.float64(0.0010000000000000005) - actor/loss:np.float64(0.018121616449207067) - actor/grad_norm:np.float64(0.28537626564502716) - actor/perf/max_memory_allocated_gb:np.float64(20.273035049438477) - actor/perf/max_memory_reserved_gb:np.float64(34.158203125) - actor/perf/cpu_memory_used_gb:np.float64(107.66547203063965) - actor/lr:np.float64(1e-06) - perf/mfu/actor:np.float64(0.02104634013521578) - training/global_step:134 - training/epoch:1 - critic/score/mean:0.974609375 - critic/score/max:1.0 - critic/score/min:0.0 - critic/rewards/mean:0.974609375 - critic/rewards/max:1.0 - critic/rewards/min:0.0 - critic/advantages/mean:-0.01800868660211563 - critic/advantages/max:1.6201815605163574 - critic/advantages/min:-2.4748666286468506 - critic/returns/mean:-0.01800868660211563 - critic/returns/max:1.6201815605163574 - critic/returns/min:-2.4748666286468506 - response_length/mean:332.072265625 - response_length/max:1024.0 - response_length/min:136.0 - response_length/clip_ratio:0.013671875 - response_length_non_aborted/mean:332.072265625 - response_length_non_aborted/max:1024.0 - response_length_non_aborted/min:136.0 - response_length_non_aborted/clip_ratio:0.013671875 - response/aborted_ratio:0.0 - prompt_length/mean:83.0 - prompt_length/max:148.0 - prompt_length/min:49.0 - prompt_length/clip_ratio:0.0 - num_turns/min:np.int32(2) - num_turns/max:np.int32(2) - num_turns/mean:np.float64(2.0) - timing_s/start_profile:8.704885840415955e-05 - timing_s/agent_loop/num_preempted/min:np.int64(-1) - timing_s/agent_loop/num_preempted/max:np.int64(-1) - timing_s/agent_loop/num_preempted/mean:np.float64(-1.0) - timing_s/agent_loop/generate_sequences/min:np.float64(3.3183108530938625) - timing_s/agent_loop/generate_sequences/max:np.float64(18.505617640912533) - timing_s/agent_loop/generate_sequences/mean:np.float64(7.759502563494607) - timing_s/agent_loop/tool_calls/min:np.float64(0.0) - timing_s/agent_loop/tool_calls/max:np.float64(0.0) - timing_s/agent_loop/tool_calls/mean:np.float64(0.0) - timing_s/agent_loop/compute_score/min:np.float64(0.005947943776845932) - timing_s/agent_loop/compute_score/max:np.float64(0.02555670589208603) - timing_s/agent_loop/compute_score/mean:np.float64(0.010408210298919585) - timing_s/agent_loop/slowest/generate_sequences:np.float64(18.505617640912533) - timing_s/agent_loop/slowest/tool_calls:np.float64(0.0) - timing_s/agent_loop/slowest/compute_score:np.float64(0.010619226843118668) - timing_s/agent_loop/slowest/num_preempted:np.int64(-1) - timing_s/agent_loop/slowest/prompt_length:87 - timing_s/agent_loop/slowest/response_length:1024 - timing_s/gen:20.348686814308167 - timing_s/reward:2.2891908884048462e-05 - timing_s/old_log_prob:44.91332361847162 - timing_s/ref:64.32452533394098 - timing_s/adv:0.016648132354021072 - timing_s/update_actor:188.15325935557485 - timing_s/update_weights:5.353017333894968 - timing_s/step:323.2657786384225 - timing_s/stop_profile:0.00017447397112846375 - timing_per_token_ms/gen:0.11968337331452095 - timing_per_token_ms/update_actor:0.8853562743478162 - timing_per_token_ms/ref:0.3026794342755685 - timing_per_token_ms/adv:7.833788522339894e-05 - perf/total_num_tokens:212517 - perf/time_per_step:323.2657786384225 - perf/throughput:164.35160635863608
[36m(TaskRunner pid=2033431)[0m step:135 - global_seqlen/min:47791 - global_seqlen/max:54208 - global_seqlen/minmax_diff:6417 - global_seqlen/balanced_min:50798 - global_seqlen/balanced_max:50804 - global_seqlen/mean:50802.0 - actor/entropy:0.07282567024230957 - perf/mfu/actor_infer:0.028443713961904926 - actor/pg_clipfrac:np.float64(0.0002026979445872712) - actor/ppo_kl:np.float64(1.9827611867029304e-05) - actor/pg_clipfrac_lower:np.float64(0.0) - actor/pg_loss:np.float64(0.005082056333776563) - actor/kl_loss:np.float64(0.1629444677673746) - actor/kl_coef:np.float64(0.0010000000000000005) - actor/loss:np.float64(0.005245001520961523) - actor/grad_norm:np.float64(0.20971214771270752) - actor/perf/max_memory_allocated_gb:np.float64(20.273035049438477) - actor/perf/max_memory_reserved_gb:np.float64(34.158203125) - actor/perf/cpu_memory_used_gb:np.float64(106.86235427856445) - actor/lr:np.float64(1e-06) - perf/mfu/actor:np.float64(0.020049064195089603) - training/global_step:135 - training/epoch:1 - critic/score/mean:0.943359375 - critic/score/max:1.0 - critic/score/min:0.0 - critic/rewards/mean:0.943359375 - critic/rewards/max:1.0 - critic/rewards/min:0.0 - critic/advantages/mean:-0.005099963396787643 - critic/advantages/max:0.7245674133300781 - critic/advantages/min:-2.4748666286468506 - critic/returns/mean:-0.005099963396787643 - critic/returns/max:0.7245674133300781 - critic/returns/min:-2.4748666286468506 - response_length/mean:317.5625 - response_length/max:1024.0 - response_length/min:105.0 - response_length/clip_ratio:0.001953125 - response_length_non_aborted/mean:317.5625 - response_length_non_aborted/max:1024.0 - response_length_non_aborted/min:105.0 - response_length_non_aborted/clip_ratio:0.001953125 - response/aborted_ratio:0.0 - prompt_length/mean:79.328125 - prompt_length/max:132.0 - prompt_length/min:51.0 - prompt_length/clip_ratio:0.0 - num_turns/min:np.int32(2) - num_turns/max:np.int32(2) - num_turns/mean:np.float64(2.0) - timing_s/start_profile:8.562952280044556e-05 - timing_s/agent_loop/num_preempted/min:np.int64(-1) - timing_s/agent_loop/num_preempted/max:np.int64(-1) - timing_s/agent_loop/num_preempted/mean:np.float64(-1.0) - timing_s/agent_loop/generate_sequences/min:np.float64(2.578920964151621) - timing_s/agent_loop/generate_sequences/max:np.float64(17.50926437601447) - timing_s/agent_loop/generate_sequences/mean:np.float64(7.429434110075817) - timing_s/agent_loop/tool_calls/min:np.float64(0.0) - timing_s/agent_loop/tool_calls/max:np.float64(0.0) - timing_s/agent_loop/tool_calls/mean:np.float64(0.0) - timing_s/agent_loop/compute_score/min:np.float64(0.00676780566573143) - timing_s/agent_loop/compute_score/max:np.float64(0.02540845051407814) - timing_s/agent_loop/compute_score/mean:np.float64(0.010557681693171617) - timing_s/agent_loop/slowest/generate_sequences:np.float64(17.50926437601447) - timing_s/agent_loop/slowest/tool_calls:np.float64(0.0) - timing_s/agent_loop/slowest/compute_score:np.float64(0.00966668501496315) - timing_s/agent_loop/slowest/num_preempted:np.int64(-1) - timing_s/agent_loop/slowest/prompt_length:132 - timing_s/agent_loop/slowest/response_length:1024 - timing_s/gen:18.50001847743988 - timing_s/reward:3.0409544706344604e-05 - timing_s/old_log_prob:44.71520295366645 - timing_s/ref:64.34705800190568 - timing_s/adv:0.017323940992355347 - timing_s/update_actor:188.67634323611856 - timing_s/update_weights:4.566755551844835 - timing_s/step:320.9685124345124 - timing_s/stop_profile:0.00018370524048805237 - timing_per_token_ms/gen:0.11378184952174696 - timing_per_token_ms/update_actor:0.9284887565259171 - timing_per_token_ms/ref:0.31665612575245894 - timing_per_token_ms/adv:8.525225873171994e-05 - perf/total_num_tokens:203208 - perf/time_per_step:320.9685124345124 - perf/throughput:158.27720798738846
[36m(TaskRunner pid=2033431)[0m step:136 - global_seqlen/min:46363 - global_seqlen/max:58035 - global_seqlen/minmax_diff:11672 - global_seqlen/balanced_min:51788 - global_seqlen/balanced_max:51790 - global_seqlen/mean:51789.25 - actor/entropy:0.07481822371482849 - perf/mfu/actor_infer:0.02894824771857663 - actor/pg_clipfrac:np.float64(0.00016097959951366647) - actor/ppo_kl:np.float64(4.123062443017744e-05) - actor/pg_clipfrac_lower:np.float64(0.0) - actor/pg_loss:np.float64(-0.0006421885336749256) - actor/kl_loss:np.float64(0.16908908996265382) - actor/kl_coef:np.float64(0.0010000000000000005) - actor/loss:np.float64(-0.00047309882938861847) - actor/grad_norm:np.float64(0.21023882925510406) - actor/perf/max_memory_allocated_gb:np.float64(20.273035049438477) - actor/perf/max_memory_reserved_gb:np.float64(34.158203125) - actor/perf/cpu_memory_used_gb:np.float64(106.91169738769531) - actor/lr:np.float64(1e-06) - perf/mfu/actor:np.float64(0.020419974878434177) - training/global_step:136 - training/epoch:1 - critic/score/mean:0.96484375 - critic/score/max:1.0 - critic/score/min:0.0 - critic/rewards/mean:0.96484375 - critic/rewards/max:1.0 - critic/rewards/min:0.0 - critic/advantages/mean:0.0007563082035630941 - critic/advantages/max:1.6201815605163574 - critic/advantages/min:-1.6201815605163574 - critic/returns/mean:0.0007563082035630941 - critic/returns/max:1.6201815605163574 - critic/returns/min:-1.6201815605163574 - response_length/mean:320.775390625 - response_length/max:976.0 - response_length/min:108.0 - response_length/clip_ratio:0.0 - response_length_non_aborted/mean:320.775390625 - response_length_non_aborted/max:976.0 - response_length_non_aborted/min:108.0 - response_length_non_aborted/clip_ratio:0.0 - response/aborted_ratio:0.0 - prompt_length/mean:83.828125 - prompt_length/max:152.0 - prompt_length/min:51.0 - prompt_length/clip_ratio:0.0 - num_turns/min:np.int32(2) - num_turns/max:np.int32(2) - num_turns/mean:np.float64(2.0) - timing_s/start_profile:9.456649422645569e-05 - timing_s/agent_loop/num_preempted/min:np.int64(-1) - timing_s/agent_loop/num_preempted/max:np.int64(-1) - timing_s/agent_loop/num_preempted/mean:np.float64(-1.0) - timing_s/agent_loop/generate_sequences/min:np.float64(2.644136816263199) - timing_s/agent_loop/generate_sequences/max:np.float64(17.544790737330914) - timing_s/agent_loop/generate_sequences/mean:np.float64(7.451373955962481) - timing_s/agent_loop/tool_calls/min:np.float64(0.0) - timing_s/agent_loop/tool_calls/max:np.float64(0.0) - timing_s/agent_loop/tool_calls/mean:np.float64(0.0) - timing_s/agent_loop/compute_score/min:np.float64(0.006306491792201996) - timing_s/agent_loop/compute_score/max:np.float64(0.026547376066446304) - timing_s/agent_loop/compute_score/mean:np.float64(0.010829434882907663) - timing_s/agent_loop/slowest/generate_sequences:np.float64(17.544790737330914) - timing_s/agent_loop/slowest/tool_calls:np.float64(0.0) - timing_s/agent_loop/slowest/compute_score:np.float64(0.011470109224319458) - timing_s/agent_loop/slowest/num_preempted:np.int64(-1) - timing_s/agent_loop/slowest/prompt_length:81 - timing_s/agent_loop/slowest/response_length:976 - timing_s/gen:18.54766084998846 - timing_s/reward:2.6524066925048828e-05 - timing_s/old_log_prob:44.80073979124427 - timing_s/ref:63.944758743047714 - timing_s/adv:0.01690620929002762 - timing_s/update_actor:189.26051664352417 - timing_s/update_weights:4.58929205685854 - timing_s/step:321.3072777800262 - timing_s/stop_profile:0.00017544999718666077 - timing_per_token_ms/gen:0.11293229205348648 - timing_per_token_ms/update_actor:0.9136090822107106 - timing_per_token_ms/ref:0.30867776007109443 - timing_per_token_ms/adv:8.161061074464111e-05 - perf/total_num_tokens:207157 - perf/time_per_step:321.3072777800262 - perf/throughput:161.1829347838676
[36m(TaskRunner pid=2033431)[0m step:137 - global_seqlen/min:51024 - global_seqlen/max:57300 - global_seqlen/minmax_diff:6276 - global_seqlen/balanced_min:54114 - global_seqlen/balanced_max:54120 - global_seqlen/mean:54117.0 - actor/entropy:0.08587498217821121 - perf/mfu/actor_infer:0.030266057998298724 - actor/pg_clipfrac:np.float64(0.0002061892778328911) - actor/ppo_kl:np.float64(8.822056995327898e-05) - actor/pg_clipfrac_lower:np.float64(0.0) - actor/pg_loss:np.float64(0.01195654267212376) - actor/kl_loss:np.float64(0.16476323021925054) - actor/kl_coef:np.float64(0.0010000000000000005) - actor/loss:np.float64(0.012121306266635656) - actor/grad_norm:np.float64(0.2535342499613762) - actor/perf/max_memory_allocated_gb:np.float64(20.273035049438477) - actor/perf/max_memory_reserved_gb:np.float64(34.158203125) - actor/perf/cpu_memory_used_gb:np.float64(107.17196464538574) - actor/lr:np.float64(1e-06) - perf/mfu/actor:np.float64(0.021406124350501238) - training/global_step:137 - training/epoch:1 - critic/score/mean:0.96875 - critic/score/max:1.0 - critic/score/min:0.0 - critic/rewards/mean:0.96875 - critic/rewards/max:1.0 - critic/rewards/min:0.0 - critic/advantages/mean:-0.012027592398226261 - critic/advantages/max:0.935412585735321 - critic/advantages/min:-2.4748666286468506 - critic/returns/mean:-0.012027592398226261 - critic/returns/max:0.935412585735321 - critic/returns/min:-2.4748666286468506 - response_length/mean:342.4140625 - response_length/max:1024.0 - response_length/min:133.0 - response_length/clip_ratio:0.00390625 - response_length_non_aborted/mean:342.4140625 - response_length_non_aborted/max:1024.0 - response_length_non_aborted/min:133.0 - response_length_non_aborted/clip_ratio:0.00390625 - response/aborted_ratio:0.0 - prompt_length/mean:80.375 - prompt_length/max:130.0 - prompt_length/min:49.0 - prompt_length/clip_ratio:0.0 - num_turns/min:np.int32(2) - num_turns/max:np.int32(2) - num_turns/mean:np.float64(2.0) - timing_s/start_profile:7.468834519386292e-05 - timing_s/agent_loop/num_preempted/min:np.int64(-1) - timing_s/agent_loop/num_preempted/max:np.int64(-1) - timing_s/agent_loop/num_preempted/mean:np.float64(-1.0) - timing_s/agent_loop/generate_sequences/min:np.float64(3.253657106310129) - timing_s/agent_loop/generate_sequences/max:np.float64(18.211279347538948) - timing_s/agent_loop/generate_sequences/mean:np.float64(8.02337554913538) - timing_s/agent_loop/tool_calls/min:np.float64(0.0) - timing_s/agent_loop/tool_calls/max:np.float64(0.0) - timing_s/agent_loop/tool_calls/mean:np.float64(0.0) - timing_s/agent_loop/compute_score/min:np.float64(0.006430171430110931) - timing_s/agent_loop/compute_score/max:np.float64(0.019390352070331573) - timing_s/agent_loop/compute_score/mean:np.float64(0.01060235766635742) - timing_s/agent_loop/slowest/generate_sequences:np.float64(18.211279347538948) - timing_s/agent_loop/slowest/tool_calls:np.float64(0.0) - timing_s/agent_loop/slowest/compute_score:np.float64(0.011422373354434967) - timing_s/agent_loop/slowest/num_preempted:np.int64(-1) - timing_s/agent_loop/slowest/prompt_length:55 - timing_s/agent_loop/slowest/response_length:1024 - timing_s/gen:19.237910248339176 - timing_s/reward:2.5354325771331787e-05 - timing_s/old_log_prob:44.85950607061386 - timing_s/ref:63.90787736698985 - timing_s/adv:0.019914723932743073 - timing_s/update_actor:188.86974292993546 - timing_s/update_weights:4.46350009739399 - timing_s/step:321.51440646871924 - timing_s/stop_profile:0.0001859329640865326 - timing_per_token_ms/gen:0.10973276967498218 - timing_per_token_ms/update_actor:0.8725065272000271 - timing_per_token_ms/ref:0.29523013732741027 - timing_per_token_ms/adv:9.199846597530846e-05 - perf/total_num_tokens:216468 - perf/time_per_step:321.51440646871924 - perf/throughput:168.31905168537182
[36m(TaskRunner pid=2033431)[0m step:138 - global_seqlen/min:52964 - global_seqlen/max:58859 - global_seqlen/minmax_diff:5895 - global_seqlen/balanced_min:55304 - global_seqlen/balanced_max:55307 - global_seqlen/mean:55305.75 - actor/entropy:0.08242491632699966 - perf/mfu/actor_infer:0.030814764278824094 - actor/pg_clipfrac:np.float64(9.396528594152187e-05) - actor/ppo_kl:np.float64(2.947811445608295e-06) - actor/pg_clipfrac_lower:np.float64(0.0) - actor/pg_loss:np.float64(0.01452543371124193) - actor/kl_loss:np.float64(0.1630131067649927) - actor/kl_coef:np.float64(0.0010000000000000005) - actor/loss:np.float64(0.014688448049128056) - actor/grad_norm:np.float64(0.1951880119740963) - actor/perf/max_memory_allocated_gb:np.float64(20.273035049438477) - actor/perf/max_memory_reserved_gb:np.float64(34.158203125) - actor/perf/cpu_memory_used_gb:np.float64(106.95849418640137) - actor/lr:np.float64(1e-06) - perf/mfu/actor:np.float64(0.021844869671759637) - training/global_step:138 - training/epoch:1 - critic/score/mean:0.962890625 - critic/score/max:1.0 - critic/score/min:0.0 - critic/rewards/mean:0.962890625 - critic/rewards/max:1.0 - critic/rewards/min:0.0 - critic/advantages/mean:-0.01512796338647604 - critic/advantages/max:0.35355237126350403 - critic/advantages/min:-2.4748666286468506 - critic/returns/mean:-0.01512796338647604 - critic/returns/max:0.35355237126350403 - critic/returns/min:-2.4748666286468506 - response_length/mean:346.544921875 - response_length/max:1024.0 - response_length/min:157.0 - response_length/clip_ratio:0.00390625 - response_length_non_aborted/mean:346.544921875 - response_length_non_aborted/max:1024.0 - response_length_non_aborted/min:157.0 - response_length_non_aborted/clip_ratio:0.00390625 - response/aborted_ratio:0.0 - prompt_length/mean:85.53125 - prompt_length/max:135.0 - prompt_length/min:54.0 - prompt_length/clip_ratio:0.0 - num_turns/min:np.int32(2) - num_turns/max:np.int32(2) - num_turns/mean:np.float64(2.0) - timing_s/start_profile:8.331611752510071e-05 - timing_s/agent_loop/num_preempted/min:np.int64(-1) - timing_s/agent_loop/num_preempted/max:np.int64(-1) - timing_s/agent_loop/num_preempted/mean:np.float64(-1.0) - timing_s/agent_loop/generate_sequences/min:np.float64(3.809664808213711) - timing_s/agent_loop/generate_sequences/max:np.float64(18.332114934921265) - timing_s/agent_loop/generate_sequences/mean:np.float64(8.327713842183584) - timing_s/agent_loop/tool_calls/min:np.float64(0.0) - timing_s/agent_loop/tool_calls/max:np.float64(0.0) - timing_s/agent_loop/tool_calls/mean:np.float64(0.0) - timing_s/agent_loop/compute_score/min:np.float64(0.007142193615436554) - timing_s/agent_loop/compute_score/max:np.float64(0.026773367077112198) - timing_s/agent_loop/compute_score/mean:np.float64(0.010623590984323528) - timing_s/agent_loop/slowest/generate_sequences:np.float64(18.332114934921265) - timing_s/agent_loop/slowest/tool_calls:np.float64(0.0) - timing_s/agent_loop/slowest/compute_score:np.float64(0.012509915977716446) - timing_s/agent_loop/slowest/num_preempted:np.int64(-1) - timing_s/agent_loop/slowest/prompt_length:99 - timing_s/agent_loop/slowest/response_length:1024 - timing_s/gen:19.406848657876253 - timing_s/reward:2.660229802131653e-05 - timing_s/old_log_prob:45.02905263006687 - timing_s/ref:63.8201767206192 - timing_s/adv:0.01705494523048401 - timing_s/update_actor:188.6791396290064 - timing_s/update_weights:4.546286683529615 - timing_s/step:321.6547210998833 - timing_s/stop_profile:0.0001643560826778412 - timing_per_token_ms/gen:0.10937687697119586 - timing_per_token_ms/update_actor:0.8528911534017999 - timing_per_token_ms/ref:0.28848798145138255 - timing_per_token_ms/adv:7.709390628679661e-05 - perf/total_num_tokens:221223 - perf/time_per_step:321.6547210998833 - perf/throughput:171.9413593896106
[36m(TaskRunner pid=2033431)[0m step:139 - global_seqlen/min:45175 - global_seqlen/max:50253 - global_seqlen/minmax_diff:5078 - global_seqlen/balanced_min:47942 - global_seqlen/balanced_max:47944 - global_seqlen/mean:47943.0 - actor/entropy:0.0796014815568924 - perf/mfu/actor_infer:0.026835949294818685 - actor/pg_clipfrac:np.float64(5.9772828990389826e-05) - actor/ppo_kl:np.float64(-6.675644650044887e-05) - actor/pg_clipfrac_lower:np.float64(0.0) - actor/pg_loss:np.float64(0.01727289066184312) - actor/kl_loss:np.float64(0.1804179830942303) - actor/kl_coef:np.float64(0.0010000000000000005) - actor/loss:np.float64(0.01745330891571939) - actor/grad_norm:np.float64(0.20479552447795868) - actor/perf/max_memory_allocated_gb:np.float64(20.273035049438477) - actor/perf/max_memory_reserved_gb:np.float64(34.158203125) - actor/perf/cpu_memory_used_gb:np.float64(106.80361938476562) - actor/lr:np.float64(1e-06) - perf/mfu/actor:np.float64(0.018908549380974506) - training/global_step:139 - training/epoch:1 - critic/score/mean:0.98046875 - critic/score/max:1.0 - critic/score/min:0.0 - critic/rewards/mean:0.98046875 - critic/rewards/max:1.0 - critic/rewards/min:0.0 - critic/advantages/mean:-0.01746557466685772 - critic/advantages/max:2.4748666286468506 - critic/advantages/min:-1.20761239528656 - critic/returns/mean:-0.01746557466685772 - critic/returns/max:2.4748666286468506 - critic/returns/min:-1.20761239528656 - response_length/mean:294.1484375 - response_length/max:1024.0 - response_length/min:103.0 - response_length/clip_ratio:0.005859375 - response_length_non_aborted/mean:294.1484375 - response_length_non_aborted/max:1024.0 - response_length_non_aborted/min:103.0 - response_length_non_aborted/clip_ratio:0.005859375 - response/aborted_ratio:0.0 - prompt_length/mean:80.40625 - prompt_length/max:157.0 - prompt_length/min:47.0 - prompt_length/clip_ratio:0.0 - num_turns/min:np.int32(2) - num_turns/max:np.int32(2) - num_turns/mean:np.float64(2.0) - timing_s/start_profile:8.54693353176117e-05 - timing_s/agent_loop/num_preempted/min:np.int64(-1) - timing_s/agent_loop/num_preempted/max:np.int64(-1) - timing_s/agent_loop/num_preempted/mean:np.float64(-1.0) - timing_s/agent_loop/generate_sequences/min:np.float64(2.5621933601796627) - timing_s/agent_loop/generate_sequences/max:np.float64(17.417742628604174) - timing_s/agent_loop/generate_sequences/mean:np.float64(6.8989951471521636) - timing_s/agent_loop/tool_calls/min:np.float64(0.0) - timing_s/agent_loop/tool_calls/max:np.float64(0.0) - timing_s/agent_loop/tool_calls/mean:np.float64(0.0) - timing_s/agent_loop/compute_score/min:np.float64(0.005501318722963333) - timing_s/agent_loop/compute_score/max:np.float64(0.022592082619667053) - timing_s/agent_loop/compute_score/mean:np.float64(0.010207666891801637) - timing_s/agent_loop/slowest/generate_sequences:np.float64(17.417742628604174) - timing_s/agent_loop/slowest/tool_calls:np.float64(0.0) - timing_s/agent_loop/slowest/compute_score:np.float64(0.011264454573392868) - timing_s/agent_loop/slowest/num_preempted:np.int64(-1) - timing_s/agent_loop/slowest/prompt_length:69 - timing_s/agent_loop/slowest/response_length:1024 - timing_s/gen:18.449511758983135 - timing_s/reward:3.1676143407821655e-05 - timing_s/old_log_prob:45.076483469456434 - timing_s/ref:63.71813426539302 - timing_s/adv:0.017486970871686935 - timing_s/update_actor:188.64228401333094 - timing_s/update_weights:4.55427934974432 - timing_s/step:320.6088563427329 - timing_s/stop_profile:0.00015066936612129211 - timing_per_token_ms/gen:0.1225034644430635 - timing_per_token_ms/update_actor:0.9836800159216723 - timing_per_token_ms/ref:0.3322598411936728 - timing_per_token_ms/adv:9.118625697018822e-05 - perf/total_num_tokens:191772 - perf/time_per_step:320.6088563427329 - perf/throughput:149.53735385509322
[36m(TaskRunner pid=2033431)[0m local_global_step_folder: checkpoints/grpo_rlvr_math/qwen3_4b_gsm8k/global_step_140
[36m(TaskRunner pid=2033431)[0m test_gen_batch meta info: {'eos_token_id': 151645, 'pad_token_id': 151643, 'recompute_log_prob': False, 'do_sample': False, 'validate': True, 'global_steps': 140}
[36m(TaskRunner pid=2033431)[0m validation generation end
[36m(TaskRunner pid=2033431)[0m step:140 - global_seqlen/min:54494 - global_seqlen/max:57875 - global_seqlen/minmax_diff:3381 - global_seqlen/balanced_min:56351 - global_seqlen/balanced_max:56353 - global_seqlen/mean:56352.25 - actor/entropy:0.08854533731937408 - perf/mfu/actor_infer:0.031418149178630915 - actor/pg_clipfrac:np.float64(0.0001173951027340081) - actor/ppo_kl:np.float64(0.00013626406756728215) - actor/pg_clipfrac_lower:np.float64(0.0) - actor/pg_loss:np.float64(0.013606613094452769) - actor/kl_loss:np.float64(0.1605031353828963) - actor/kl_coef:np.float64(0.0010000000000000005) - actor/loss:np.float64(0.013767116703093052) - actor/grad_norm:np.float64(0.23531627655029297) - actor/perf/max_memory_allocated_gb:np.float64(20.273035049438477) - actor/perf/max_memory_reserved_gb:np.float64(34.158203125) - actor/perf/cpu_memory_used_gb:np.float64(106.87091255187988) - actor/lr:np.float64(1e-06) - perf/mfu/actor:np.float64(0.02220600424950206) - val-aux/openai/gsm8k/reward/mean@1:np.float64(0.9393479909021987) - val-core/openai/gsm8k/acc/mean@1:np.float64(0.9393479909021987) - val-aux/num_turns/min:np.int32(2) - val-aux/num_turns/max:np.int32(2) - val-aux/num_turns/mean:np.float64(2.0) - training/global_step:140 - training/epoch:1 - critic/score/mean:0.96875 - critic/score/max:1.0 - critic/score/min:0.0 - critic/rewards/mean:0.96875 - critic/rewards/max:1.0 - critic/rewards/min:0.0 - critic/advantages/mean:-0.013997075147926807 - critic/advantages/max:1.20761239528656 - critic/advantages/min:-2.4748666286468506 - critic/returns/mean:-0.013997075147926807 - critic/returns/max:1.20761239528656 - critic/returns/min:-2.4748666286468506 - response_length/mean:356.595703125 - response_length/max:1024.0 - response_length/min:140.0 - response_length/clip_ratio:0.00390625 - response_length_non_aborted/mean:356.595703125 - response_length_non_aborted/max:1024.0 - response_length_non_aborted/min:140.0 - response_length_non_aborted/clip_ratio:0.00390625 - response/aborted_ratio:0.0 - prompt_length/mean:83.65625 - prompt_length/max:173.0 - prompt_length/min:49.0 - prompt_length/clip_ratio:0.0 - num_turns/min:np.int32(2) - num_turns/max:np.int32(2) - num_turns/mean:np.float64(2.0) - timing_s/start_profile:0.00013432279229164124 - timing_s/agent_loop/num_preempted/min:np.int64(-1) - timing_s/agent_loop/num_preempted/max:np.int64(-1) - timing_s/agent_loop/num_preempted/mean:np.float64(-1.0) - timing_s/agent_loop/generate_sequences/min:np.float64(3.4683646969497204) - timing_s/agent_loop/generate_sequences/max:np.float64(18.354731000959873) - timing_s/agent_loop/generate_sequences/mean:np.float64(8.47692341086804) - timing_s/agent_loop/tool_calls/min:np.float64(0.0) - timing_s/agent_loop/tool_calls/max:np.float64(0.0) - timing_s/agent_loop/tool_calls/mean:np.float64(0.0) - timing_s/agent_loop/compute_score/min:np.float64(0.006580721586942673) - timing_s/agent_loop/compute_score/max:np.float64(0.023369334638118744) - timing_s/agent_loop/compute_score/mean:np.float64(0.010637561201292556) - timing_s/agent_loop/slowest/generate_sequences:np.float64(18.354731000959873) - timing_s/agent_loop/slowest/tool_calls:np.float64(0.0) - timing_s/agent_loop/slowest/compute_score:np.float64(0.011834371834993362) - timing_s/agent_loop/slowest/num_preempted:np.int64(-1) - timing_s/agent_loop/slowest/prompt_length:66 - timing_s/agent_loop/slowest/response_length:1024 - timing_s/gen:19.413367435336113 - timing_s/reward:2.5112181901931763e-05 - timing_s/old_log_prob:45.2873808555305 - timing_s/ref:63.88001463934779 - timing_s/adv:0.01705380156636238 - timing_s/update_actor:189.22790942713618 - timing_s/save_checkpoint:142.62068840116262 - timing_s/update_weights:4.781560897827148 - timing_s/step:465.37324426695704 - timing_s/testing:28.20992784947157 - timing_s/stop_profile:0.00012787804007530212 - timing_per_token_ms/gen:0.10632975366741765 - timing_per_token_ms/update_actor:0.8394869301009994 - timing_per_token_ms/ref:0.28339602517799994 - timing_per_token_ms/adv:7.56571457500028e-05 - perf/total_num_tokens:225409 - perf/time_per_step:465.37324426695704 - perf/throughput:121.0904380391797
[36m(TaskRunner pid=2033431)[0m step:141 - global_seqlen/min:43988 - global_seqlen/max:54163 - global_seqlen/minmax_diff:10175 - global_seqlen/balanced_min:49639 - global_seqlen/balanced_max:49641 - global_seqlen/mean:49639.75 - actor/entropy:0.0742892473936081 - perf/mfu/actor_infer:0.02777672272412206 - actor/pg_clipfrac:np.float64(0.00018049813161269412) - actor/ppo_kl:np.float64(1.2021584055332823e-05) - actor/pg_clipfrac_lower:np.float64(0.0) - actor/pg_loss:np.float64(-0.0036135324626229703) - actor/kl_loss:np.float64(0.1661385277111549) - actor/kl_coef:np.float64(0.0010000000000000005) - actor/loss:np.float64(-0.003447393886744976) - actor/grad_norm:np.float64(0.2209104672074318) - actor/perf/max_memory_allocated_gb:np.float64(20.273035049438477) - actor/perf/max_memory_reserved_gb:np.float64(34.158203125) - actor/perf/cpu_memory_used_gb:np.float64(111.60491943359375) - actor/lr:np.float64(1e-06) - perf/mfu/actor:np.float64(0.019545159102836416) - training/global_step:141 - training/epoch:1 - critic/score/mean:0.986328125 - critic/score/max:1.0 - critic/score/min:0.0 - critic/rewards/mean:0.986328125 - critic/rewards/max:1.0 - critic/rewards/min:0.0 - critic/advantages/mean:0.003748222254216671 - critic/advantages/max:0.935412585735321 - critic/advantages/min:-2.4748666286468506 - critic/returns/mean:0.003748222254216671 - critic/returns/max:0.935412585735321 - critic/returns/min:-2.4748666286468506 - response_length/mean:307.904296875 - response_length/max:774.0 - response_length/min:106.0 - response_length/clip_ratio:0.0 - response_length_non_aborted/mean:307.904296875 - response_length_non_aborted/max:774.0 - response_length_non_aborted/min:106.0 - response_length_non_aborted/clip_ratio:0.0 - response/aborted_ratio:0.0 - prompt_length/mean:79.90625 - prompt_length/max:138.0 - prompt_length/min:46.0 - prompt_length/clip_ratio:0.0 - num_turns/min:np.int32(2) - num_turns/max:np.int32(2) - num_turns/mean:np.float64(2.0) - timing_s/start_profile:0.00015347078442573547 - timing_s/agent_loop/num_preempted/min:np.int64(-1) - timing_s/agent_loop/num_preempted/max:np.int64(-1) - timing_s/agent_loop/num_preempted/mean:np.float64(-1.0) - timing_s/agent_loop/generate_sequences/min:np.float64(2.581933718174696) - timing_s/agent_loop/generate_sequences/max:np.float64(14.210432182997465) - timing_s/agent_loop/generate_sequences/mean:np.float64(7.22611593487818) - timing_s/agent_loop/tool_calls/min:np.float64(0.0) - timing_s/agent_loop/tool_calls/max:np.float64(0.0) - timing_s/agent_loop/tool_calls/mean:np.float64(0.0) - timing_s/agent_loop/compute_score/min:np.float64(0.0066656917333602905) - timing_s/agent_loop/compute_score/max:np.float64(0.032174237072467804) - timing_s/agent_loop/compute_score/mean:np.float64(0.010380932093539741) - timing_s/agent_loop/slowest/generate_sequences:np.float64(14.210432182997465) - timing_s/agent_loop/slowest/tool_calls:np.float64(0.0) - timing_s/agent_loop/slowest/compute_score:np.float64(0.011465329676866531) - timing_s/agent_loop/slowest/num_preempted:np.int64(-1) - timing_s/agent_loop/slowest/prompt_length:97 - timing_s/agent_loop/slowest/response_length:774 - timing_s/gen:15.232669800519943 - timing_s/reward:2.0273029804229736e-05 - timing_s/old_log_prob:44.771405935287476 - timing_s/ref:63.73514577746391 - timing_s/adv:0.017470918595790863 - timing_s/update_actor:189.11734083667397 - timing_s/update_weights:4.55388855561614 - timing_s/step:317.57485162466764 - timing_s/stop_profile:0.00017540156841278076 - timing_per_token_ms/gen:0.09662518031120125 - timing_per_token_ms/update_actor:0.9524490999484988 - timing_per_token_ms/ref:0.3209884506744288 - timing_per_token_ms/adv:8.798855048520019e-05 - perf/total_num_tokens:198559 - perf/time_per_step:317.57485162466764 - perf/throughput:156.30881899511286
[36m(TaskRunner pid=2033431)[0m step:142 - global_seqlen/min:47571 - global_seqlen/max:58672 - global_seqlen/minmax_diff:11101 - global_seqlen/balanced_min:53412 - global_seqlen/balanced_max:53415 - global_seqlen/mean:53413.25 - actor/entropy:0.07559078931808472 - perf/mfu/actor_infer:0.029785856940314864 - actor/pg_clipfrac:np.float64(2.7228332783124642e-05) - actor/ppo_kl:np.float64(-4.14722001558232e-05) - actor/pg_clipfrac_lower:np.float64(0.0) - actor/pg_loss:np.float64(-0.00010929856216534972) - actor/kl_loss:np.float64(0.17306509011541493) - actor/kl_coef:np.float64(0.0010000000000000005) - actor/loss:np.float64(6.37667253613472e-05) - actor/grad_norm:np.float64(0.10019983537495136) - actor/perf/max_memory_allocated_gb:np.float64(20.273035049438477) - actor/perf/max_memory_reserved_gb:np.float64(34.158203125) - actor/perf/cpu_memory_used_gb:np.float64(110.0761489868164) - actor/lr:np.float64(1e-06) - perf/mfu/actor:np.float64(0.021093766382495154) - training/global_step:142 - training/epoch:1 - critic/score/mean:0.970703125 - critic/score/max:1.0 - critic/score/min:0.0 - critic/rewards/mean:0.970703125 - critic/rewards/max:1.0 - critic/rewards/min:0.0 - critic/advantages/mean:0.00017642666352912784 - critic/advantages/max:2.4748666286468506 - critic/advantages/min:-0.35355237126350403 - critic/returns/mean:0.00017642666352912784 - critic/returns/max:2.4748666286468506 - critic/returns/min:-0.35355237126350403 - response_length/mean:328.775390625 - response_length/max:823.0 - response_length/min:119.0 - response_length/clip_ratio:0.0 - response_length_non_aborted/mean:328.775390625 - response_length_non_aborted/max:823.0 - response_length_non_aborted/min:119.0 - response_length_non_aborted/clip_ratio:0.0 - response/aborted_ratio:0.0 - prompt_length/mean:88.515625 - prompt_length/max:149.0 - prompt_length/min:52.0 - prompt_length/clip_ratio:0.0 - num_turns/min:np.int32(2) - num_turns/max:np.int32(2) - num_turns/mean:np.float64(2.0) - timing_s/start_profile:0.000110626220703125 - timing_s/agent_loop/num_preempted/min:np.int64(-1) - timing_s/agent_loop/num_preempted/max:np.int64(-1) - timing_s/agent_loop/num_preempted/mean:np.float64(-1.0) - timing_s/agent_loop/generate_sequences/min:np.float64(2.9312197379767895) - timing_s/agent_loop/generate_sequences/max:np.float64(15.334031645208597) - timing_s/agent_loop/generate_sequences/mean:np.float64(7.851611796460929) - timing_s/agent_loop/tool_calls/min:np.float64(0.0) - timing_s/agent_loop/tool_calls/max:np.float64(0.0) - timing_s/agent_loop/tool_calls/mean:np.float64(0.0) - timing_s/agent_loop/compute_score/min:np.float64(0.006796550005674362) - timing_s/agent_loop/compute_score/max:np.float64(0.028928112238645554) - timing_s/agent_loop/compute_score/mean:np.float64(0.010707660818297882) - timing_s/agent_loop/slowest/generate_sequences:np.float64(15.334031645208597) - timing_s/agent_loop/slowest/tool_calls:np.float64(0.0) - timing_s/agent_loop/slowest/compute_score:np.float64(0.01132788136601448) - timing_s/agent_loop/slowest/num_preempted:np.int64(-1) - timing_s/agent_loop/slowest/prompt_length:133 - timing_s/agent_loop/slowest/response_length:823 - timing_s/gen:16.333138771355152 - timing_s/reward:2.240389585494995e-05 - timing_s/old_log_prob:45.17985416948795 - timing_s/ref:63.84575070440769 - timing_s/adv:0.01739860698580742 - timing_s/update_actor:188.64304088056087 - timing_s/update_weights:4.53797721862793 - timing_s/step:318.7243332862854 - timing_s/stop_profile:0.00013608112931251526 - timing_per_token_ms/gen:0.09702873929268267 - timing_per_token_ms/update_actor:0.8829412218904527 - timing_per_token_ms/ref:0.2988291795781369 - timing_per_token_ms/adv:8.143394656666379e-05 - perf/total_num_tokens:213653 - perf/time_per_step:318.7243332862854 - perf/throughput:167.5844748007458
[36m(TaskRunner pid=2033431)[0m step:143 - global_seqlen/min:47301 - global_seqlen/max:55670 - global_seqlen/minmax_diff:8369 - global_seqlen/balanced_min:50953 - global_seqlen/balanced_max:50964 - global_seqlen/mean:50961.0 - actor/entropy:0.08086371421813965 - perf/mfu/actor_infer:0.028442784377562952 - actor/pg_clipfrac:np.float64(0.00015218332737276796) - actor/ppo_kl:np.float64(6.379575901860335e-05) - actor/pg_clipfrac_lower:np.float64(0.0) - actor/pg_loss:np.float64(0.0055435444810427725) - actor/kl_loss:np.float64(0.17086019742419012) - actor/kl_coef:np.float64(0.0010000000000000005) - actor/loss:np.float64(0.005714405328035355) - actor/grad_norm:np.float64(0.2878924012184143) - actor/perf/max_memory_allocated_gb:np.float64(20.273035049438477) - actor/perf/max_memory_reserved_gb:np.float64(34.158203125) - actor/perf/cpu_memory_used_gb:np.float64(111.22847938537598) - actor/lr:np.float64(1e-06) - perf/mfu/actor:np.float64(0.020141232419317215) - training/global_step:143 - training/epoch:1 - critic/score/mean:0.970703125 - critic/score/max:1.0 - critic/score/min:0.0 - critic/rewards/mean:0.970703125 - critic/rewards/max:1.0 - critic/rewards/min:0.0 - critic/advantages/mean:-0.00575897004455328 - critic/advantages/max:1.20761239528656 - critic/advantages/min:-2.4748666286468506 - critic/returns/mean:-0.00575897004455328 - critic/returns/max:1.20761239528656 - critic/returns/min:-2.4748666286468506 - response_length/mean:317.3203125 - response_length/max:1024.0 - response_length/min:125.0 - response_length/clip_ratio:0.001953125 - response_length_non_aborted/mean:317.3203125 - response_length_non_aborted/max:1024.0 - response_length_non_aborted/min:125.0 - response_length_non_aborted/clip_ratio:0.001953125 - response/aborted_ratio:0.0 - prompt_length/mean:80.8125 - prompt_length/max:180.0 - prompt_length/min:54.0 - prompt_length/clip_ratio:0.0 - num_turns/min:np.int32(2) - num_turns/max:np.int32(2) - num_turns/mean:np.float64(2.0) - timing_s/start_profile:8.33459198474884e-05 - timing_s/agent_loop/num_preempted/min:np.int64(-1) - timing_s/agent_loop/num_preempted/max:np.int64(-1) - timing_s/agent_loop/num_preempted/mean:np.float64(-1.0) - timing_s/agent_loop/generate_sequences/min:np.float64(3.099788326770067) - timing_s/agent_loop/generate_sequences/max:np.float64(17.88923642039299) - timing_s/agent_loop/generate_sequences/mean:np.float64(7.473605839666561) - timing_s/agent_loop/tool_calls/min:np.float64(0.0) - timing_s/agent_loop/tool_calls/max:np.float64(0.0) - timing_s/agent_loop/tool_calls/mean:np.float64(0.0) - timing_s/agent_loop/compute_score/min:np.float64(0.00669320672750473) - timing_s/agent_loop/compute_score/max:np.float64(0.025822896510362625) - timing_s/agent_loop/compute_score/mean:np.float64(0.010450609384861309) - timing_s/agent_loop/slowest/generate_sequences:np.float64(17.88923642039299) - timing_s/agent_loop/slowest/tool_calls:np.float64(0.0) - timing_s/agent_loop/slowest/compute_score:np.float64(0.011324703693389893) - timing_s/agent_loop/slowest/num_preempted:np.int64(-1) - timing_s/agent_loop/slowest/prompt_length:98 - timing_s/agent_loop/slowest/response_length:1024 - timing_s/gen:19.051406800746918 - timing_s/reward:2.45608389377594e-05 - timing_s/old_log_prob:45.14548961445689 - timing_s/ref:63.896808598190546 - timing_s/adv:0.017403386533260345 - timing_s/update_actor:188.42107125744224 - timing_s/update_weights:4.588163495063782 - timing_s/step:321.27716156467795 - timing_s/stop_profile:0.0001864694058895111 - timing_per_token_ms/gen:0.11726251816201909 - timing_per_token_ms/update_actor:0.9243395501336426 - timing_per_token_ms/ref:0.31345935420316784 - timing_per_token_ms/adv:8.5376005834169e-05 - perf/total_num_tokens:203844 - perf/time_per_step:321.27716156467795 - perf/throughput:158.62005177028675
[36m(TaskRunner pid=2033431)[0m step:144 - global_seqlen/min:50643 - global_seqlen/max:55287 - global_seqlen/minmax_diff:4644 - global_seqlen/balanced_min:52935 - global_seqlen/balanced_max:52937 - global_seqlen/mean:52936.25 - actor/entropy:0.08489346504211426 - perf/mfu/actor_infer:0.029591803571066097 - actor/pg_clipfrac:np.float64(0.00028468761456679204) - actor/ppo_kl:np.float64(-7.417137472021107e-05) - actor/pg_clipfrac_lower:np.float64(0.0) - actor/pg_loss:np.float64(-0.0005778202612418681) - actor/kl_loss:np.float64(0.17359484560438432) - actor/kl_coef:np.float64(0.0010000000000000005) - actor/loss:np.float64(-0.00040422379970550537) - actor/grad_norm:np.float64(0.3010929077863693) - actor/perf/max_memory_allocated_gb:np.float64(20.273035049438477) - actor/perf/max_memory_reserved_gb:np.float64(34.158203125) - actor/perf/cpu_memory_used_gb:np.float64(110.00027465820312) - actor/lr:np.float64(1e-06) - perf/mfu/actor:np.float64(0.02088063848663143) - training/global_step:144 - training/epoch:1 - critic/score/mean:0.935546875 - critic/score/max:1.0 - critic/score/min:0.0 - critic/rewards/mean:0.935546875 - critic/rewards/max:1.0 - critic/rewards/min:0.0 - critic/advantages/mean:0.0004258879635017365 - critic/advantages/max:0.7245674133300781 - critic/advantages/min:-2.4748666286468506 - critic/returns/mean:0.0004258879635017365 - critic/returns/max:0.7245674133300781 - critic/returns/min:-2.4748666286468506 - response_length/mean:330.611328125 - response_length/max:806.0 - response_length/min:142.0 - response_length/clip_ratio:0.0 - response_length_non_aborted/mean:330.611328125 - response_length_non_aborted/max:806.0 - response_length_non_aborted/min:142.0 - response_length_non_aborted/clip_ratio:0.0 - response/aborted_ratio:0.0 - prompt_length/mean:82.953125 - prompt_length/max:162.0 - prompt_length/min:52.0 - prompt_length/clip_ratio:0.0 - num_turns/min:np.int32(2) - num_turns/max:np.int32(2) - num_turns/mean:np.float64(2.0) - timing_s/start_profile:0.0001993514597415924 - timing_s/agent_loop/num_preempted/min:np.int64(-1) - timing_s/agent_loop/num_preempted/max:np.int64(-1) - timing_s/agent_loop/num_preempted/mean:np.float64(-1.0) - timing_s/agent_loop/generate_sequences/min:np.float64(3.6148571856319904) - timing_s/agent_loop/generate_sequences/max:np.float64(15.215547919273376) - timing_s/agent_loop/generate_sequences/mean:np.float64(7.935550101843546) - timing_s/agent_loop/tool_calls/min:np.float64(0.0) - timing_s/agent_loop/tool_calls/max:np.float64(0.0) - timing_s/agent_loop/tool_calls/mean:np.float64(0.0) - timing_s/agent_loop/compute_score/min:np.float64(0.00770806148648262) - timing_s/agent_loop/compute_score/max:np.float64(0.029580481350421906) - timing_s/agent_loop/compute_score/mean:np.float64(0.010659073814167641) - timing_s/agent_loop/slowest/generate_sequences:np.float64(15.215547919273376) - timing_s/agent_loop/slowest/tool_calls:np.float64(0.0) - timing_s/agent_loop/slowest/compute_score:np.float64(0.010778110474348068) - timing_s/agent_loop/slowest/num_preempted:np.int64(-1) - timing_s/agent_loop/slowest/prompt_length:92 - timing_s/agent_loop/slowest/response_length:789 - timing_s/gen:16.249263659119606 - timing_s/reward:2.5179237127304077e-05 - timing_s/old_log_prob:45.12191769853234 - timing_s/ref:63.88750310614705 - timing_s/adv:0.01790640503168106 - timing_s/update_actor:188.86386074498296 - timing_s/update_weights:4.552701473236084 - timing_s/step:318.83446668460965 - timing_s/stop_profile:0.0001461319625377655 - timing_per_token_ms/gen:0.09599442119605375 - timing_per_token_ms/update_actor:0.8919401201680462 - timing_per_token_ms/ref:0.3017190635252169 - timing_per_token_ms/adv:8.456589308687838e-05 - perf/total_num_tokens:211745 - perf/time_per_step:318.83446668460965 - perf/throughput:166.0305127938518
[36m(TaskRunner pid=2033431)[0m step:145 - global_seqlen/min:48326 - global_seqlen/max:56007 - global_seqlen/minmax_diff:7681 - global_seqlen/balanced_min:51794 - global_seqlen/balanced_max:51796 - global_seqlen/mean:51795.0 - actor/entropy:0.08348406106233597 - perf/mfu/actor_infer:0.028938953898808833 - actor/pg_clipfrac:np.float64(0.00020572219818859594) - actor/ppo_kl:np.float64(-9.486640719913453e-05) - actor/pg_clipfrac_lower:np.float64(2.194522494392004e-06) - actor/pg_loss:np.float64(0.01531977450940758) - actor/kl_loss:np.float64(0.16921570879640058) - actor/kl_coef:np.float64(0.0010000000000000005) - actor/loss:np.float64(0.015488993376493454) - actor/grad_norm:np.float64(0.3821124732494354) - actor/perf/max_memory_allocated_gb:np.float64(20.273035049438477) - actor/perf/max_memory_reserved_gb:np.float64(34.158203125) - actor/perf/cpu_memory_used_gb:np.float64(114.04810333251953) - actor/lr:np.float64(1e-06) - perf/mfu/actor:np.float64(0.020278354447895247) - training/global_step:145 - training/epoch:1 - critic/score/mean:0.93359375 - critic/score/max:1.0 - critic/score/min:0.0 - critic/rewards/mean:0.93359375 - critic/rewards/max:1.0 - critic/rewards/min:0.0 - critic/advantages/mean:-0.015932299196720123 - critic/advantages/max:2.4748666286468506 - critic/advantages/min:-1.6201815605163574 - critic/returns/mean:-0.015932299196720123 - critic/returns/max:2.4748666286468506 - critic/returns/min:-1.6201815605163574 - response_length/mean:322.1796875 - response_length/max:1024.0 - response_length/min:106.0 - response_length/clip_ratio:0.0078125 - response_length_non_aborted/mean:322.1796875 - response_length_non_aborted/max:1024.0 - response_length_non_aborted/min:106.0 - response_length_non_aborted/clip_ratio:0.0078125 - response/aborted_ratio:0.0 - prompt_length/mean:82.46875 - prompt_length/max:125.0 - prompt_length/min:51.0 - prompt_length/clip_ratio:0.0 - num_turns/min:np.int32(2) - num_turns/max:np.int32(2) - num_turns/mean:np.float64(2.0) - timing_s/start_profile:0.00015050917863845825 - timing_s/agent_loop/num_preempted/min:np.int64(-1) - timing_s/agent_loop/num_preempted/max:np.int64(-1) - timing_s/agent_loop/num_preempted/mean:np.float64(-1.0) - timing_s/agent_loop/generate_sequences/min:np.float64(2.646448064595461) - timing_s/agent_loop/generate_sequences/max:np.float64(18.117287892848253) - timing_s/agent_loop/generate_sequences/mean:np.float64(7.581463225353218) - timing_s/agent_loop/tool_calls/min:np.float64(0.0) - timing_s/agent_loop/tool_calls/max:np.float64(0.0) - timing_s/agent_loop/tool_calls/mean:np.float64(0.0) - timing_s/agent_loop/compute_score/min:np.float64(0.006253998726606369) - timing_s/agent_loop/compute_score/max:np.float64(0.023058753460645676) - timing_s/agent_loop/compute_score/mean:np.float64(0.01013110407802742) - timing_s/agent_loop/slowest/generate_sequences:np.float64(18.117287892848253) - timing_s/agent_loop/slowest/tool_calls:np.float64(0.0) - timing_s/agent_loop/slowest/compute_score:np.float64(0.012343920767307281) - timing_s/agent_loop/slowest/num_preempted:np.int64(-1) - timing_s/agent_loop/slowest/prompt_length:79 - timing_s/agent_loop/slowest/response_length:1024 - timing_s/gen:19.20992774888873 - timing_s/reward:2.006813883781433e-05 - timing_s/old_log_prob:44.85625979676843 - timing_s/ref:64.28519332781434 - timing_s/adv:0.013949602842330933 - timing_s/update_actor:190.24010460078716 - timing_s/update_weights:4.7312308475375175 - timing_s/step:323.48673214763403 - timing_s/stop_profile:0.00013478100299835205 - timing_per_token_ms/gen:0.116454859167831 - timing_per_token_ms/update_actor:0.9182358557813841 - timing_per_token_ms/ref:0.31028667500634394 - timing_per_token_ms/adv:6.733083715769346e-05 - perf/total_num_tokens:207180 - perf/time_per_step:323.48673214763403 - perf/throughput:160.1147585130682
[36m(TaskRunner pid=2033431)[0m step:146 - global_seqlen/min:46629 - global_seqlen/max:55001 - global_seqlen/minmax_diff:8372 - global_seqlen/balanced_min:49340 - global_seqlen/balanced_max:49351 - global_seqlen/mean:49348.0 - actor/entropy:0.08076278120279312 - perf/mfu/actor_infer:0.027387188385357957 - actor/pg_clipfrac:np.float64(0.00020288516952859936) - actor/ppo_kl:np.float64(7.199891227216426e-05) - actor/pg_clipfrac_lower:np.float64(0.0) - actor/pg_loss:np.float64(0.006522618932649493) - actor/kl_loss:np.float64(0.1868653996498324) - actor/kl_coef:np.float64(0.0010000000000000005) - actor/loss:np.float64(0.006709486711770296) - actor/grad_norm:np.float64(0.38162875175476074) - actor/perf/max_memory_allocated_gb:np.float64(20.273035049438477) - actor/perf/max_memory_reserved_gb:np.float64(34.158203125) - actor/perf/cpu_memory_used_gb:np.float64(116.02303314208984) - actor/lr:np.float64(1e-06) - perf/mfu/actor:np.float64(0.019385832174300954) - training/global_step:146 - training/epoch:1 - critic/score/mean:0.96875 - critic/score/max:1.0 - critic/score/min:0.0 - critic/rewards/mean:0.96875 - critic/rewards/max:1.0 - critic/rewards/min:0.0 - critic/advantages/mean:-0.006473843473941088 - critic/advantages/max:1.6201815605163574 - critic/advantages/min:-2.4748666286468506 - critic/returns/mean:-0.006473843473941088 - critic/returns/max:1.6201815605163574 - critic/returns/min:-2.4748666286468506 - response_length/mean:305.296875 - response_length/max:1024.0 - response_length/min:108.0 - response_length/clip_ratio:0.001953125 - response_length_non_aborted/mean:305.296875 - response_length_non_aborted/max:1024.0 - response_length_non_aborted/min:108.0 - response_length_non_aborted/clip_ratio:0.001953125 - response/aborted_ratio:0.0 - prompt_length/mean:80.234375 - prompt_length/max:168.0 - prompt_length/min:46.0 - prompt_length/clip_ratio:0.0 - num_turns/min:np.int32(2) - num_turns/max:np.int32(2) - num_turns/mean:np.float64(2.0) - timing_s/start_profile:8.34241509437561e-05 - timing_s/agent_loop/num_preempted/min:np.int64(-1) - timing_s/agent_loop/num_preempted/max:np.int64(-1) - timing_s/agent_loop/num_preempted/mean:np.float64(-1.0) - timing_s/agent_loop/generate_sequences/min:np.float64(2.651323202997446) - timing_s/agent_loop/generate_sequences/max:np.float64(17.749715603888035) - timing_s/agent_loop/generate_sequences/mean:np.float64(7.219457499588316) - timing_s/agent_loop/tool_calls/min:np.float64(0.0) - timing_s/agent_loop/tool_calls/max:np.float64(0.0) - timing_s/agent_loop/tool_calls/mean:np.float64(0.0) - timing_s/agent_loop/compute_score/min:np.float64(0.006391078233718872) - timing_s/agent_loop/compute_score/max:np.float64(0.023940518498420715) - timing_s/agent_loop/compute_score/mean:np.float64(0.010678864047804382) - timing_s/agent_loop/slowest/generate_sequences:np.float64(17.749715603888035) - timing_s/agent_loop/slowest/tool_calls:np.float64(0.0) - timing_s/agent_loop/slowest/compute_score:np.float64(0.018414895981550217) - timing_s/agent_loop/slowest/num_preempted:np.int64(-1) - timing_s/agent_loop/slowest/prompt_length:111 - timing_s/agent_loop/slowest/response_length:1024 - timing_s/gen:18.8917049318552 - timing_s/reward:3.384426236152649e-05 - timing_s/old_log_prob:45.17173680663109 - timing_s/ref:64.5999797731638 - timing_s/adv:0.018543511629104614 - timing_s/update_actor:189.46550023183227 - timing_s/update_weights:4.57252399995923 - timing_s/step:322.87560341879725 - timing_s/stop_profile:0.00021563097834587097 - timing_per_token_ms/gen:0.12085895473063618 - timing_per_token_ms/update_actor:0.959843865160859 - timing_per_token_ms/ref:0.32726746663068307 - timing_per_token_ms/adv:9.394256924852382e-05 - perf/total_num_tokens:197392 - perf/time_per_step:322.87560341879725 - perf/throughput:152.83904846781323
[36m(TaskRunner pid=2033431)[0m step:147 - global_seqlen/min:48381 - global_seqlen/max:51916 - global_seqlen/minmax_diff:3535 - global_seqlen/balanced_min:50053 - global_seqlen/balanced_max:50062 - global_seqlen/mean:50059.75 - actor/entropy:0.07537762820720673 - perf/mfu/actor_infer:0.02769295686217908 - actor/pg_clipfrac:np.float64(0.00018214110650660587) - actor/ppo_kl:np.float64(5.79593137217671e-06) - actor/pg_clipfrac_lower:np.float64(0.0) - actor/pg_loss:np.float64(0.003749291878193617) - actor/kl_loss:np.float64(0.17077359047834761) - actor/kl_coef:np.float64(0.0010000000000000005) - actor/loss:np.float64(0.003920065239071846) - actor/grad_norm:np.float64(0.2678820490837097) - actor/perf/max_memory_allocated_gb:np.float64(20.273035049438477) - actor/perf/max_memory_reserved_gb:np.float64(34.158203125) - actor/perf/cpu_memory_used_gb:np.float64(116.06854820251465) - actor/lr:np.float64(1e-06) - perf/mfu/actor:np.float64(0.019560325226843474) - training/global_step:147 - training/epoch:1 - critic/score/mean:0.9765625 - critic/score/max:1.0 - critic/score/min:0.0 - critic/rewards/mean:0.9765625 - critic/rewards/max:1.0 - critic/rewards/min:0.0 - critic/advantages/mean:-0.0037976079620420933 - critic/advantages/max:2.4748666286468506 - critic/advantages/min:-1.6201815605163574 - critic/returns/mean:-0.0037976079620420933 - critic/returns/max:2.4748666286468506 - critic/returns/min:-1.6201815605163574 - response_length/mean:310.154296875 - response_length/max:1024.0 - response_length/min:108.0 - response_length/clip_ratio:0.001953125 - response_length_non_aborted/mean:310.154296875 - response_length_non_aborted/max:1024.0 - response_length_non_aborted/min:108.0 - response_length_non_aborted/clip_ratio:0.001953125 - response/aborted_ratio:0.0 - prompt_length/mean:80.9375 - prompt_length/max:165.0 - prompt_length/min:50.0 - prompt_length/clip_ratio:0.0 - num_turns/min:np.int32(2) - num_turns/max:np.int32(2) - num_turns/mean:np.float64(2.0) - timing_s/start_profile:7.82310962677002e-05 - timing_s/agent_loop/num_preempted/min:np.int64(-1) - timing_s/agent_loop/num_preempted/max:np.int64(-1) - timing_s/agent_loop/num_preempted/mean:np.float64(-1.0) - timing_s/agent_loop/generate_sequences/min:np.float64(2.6745499707758427) - timing_s/agent_loop/generate_sequences/max:np.float64(17.86261235922575) - timing_s/agent_loop/generate_sequences/mean:np.float64(7.3240221557352925) - timing_s/agent_loop/tool_calls/min:np.float64(0.0) - timing_s/agent_loop/tool_calls/max:np.float64(0.0) - timing_s/agent_loop/tool_calls/mean:np.float64(0.0) - timing_s/agent_loop/compute_score/min:np.float64(0.006335325539112091) - timing_s/agent_loop/compute_score/max:np.float64(0.04177248850464821) - timing_s/agent_loop/compute_score/mean:np.float64(0.011243311506405007) - timing_s/agent_loop/slowest/generate_sequences:np.float64(17.86261235922575) - timing_s/agent_loop/slowest/tool_calls:np.float64(0.0) - timing_s/agent_loop/slowest/compute_score:np.float64(0.011183410882949829) - timing_s/agent_loop/slowest/num_preempted:np.int64(-1) - timing_s/agent_loop/slowest/prompt_length:90 - timing_s/agent_loop/slowest/response_length:1024 - timing_s/gen:18.948692459613085 - timing_s/reward:2.5179237127304077e-05 - timing_s/old_log_prob:45.24629781022668 - timing_s/ref:63.83177526295185 - timing_s/adv:0.018198147416114807 - timing_s/update_actor:190.87821128219366 - timing_s/update_weights:4.560302775353193 - timing_s/step:323.6379350051284 - timing_s/stop_profile:8.808821439743042e-05 - timing_per_token_ms/gen:0.11932501123818844 - timing_per_token_ms/update_actor:0.9532519203661308 - timing_per_token_ms/ref:0.31877793668042614 - timing_per_token_ms/adv:9.088213293172063e-05 - perf/total_num_tokens:200239 - perf/time_per_step:323.6379350051284 - perf/throughput:154.67825179148653
[36m(TaskRunner pid=2033431)[0m step:148 - global_seqlen/min:47138 - global_seqlen/max:51738 - global_seqlen/minmax_diff:4600 - global_seqlen/balanced_min:50160 - global_seqlen/balanced_max:50162 - global_seqlen/mean:50161.25 - actor/entropy:0.07776530086994171 - perf/mfu/actor_infer:0.027833161025373126 - actor/pg_clipfrac:np.float64(0.0) - actor/ppo_kl:np.float64(-1.9195450485121057e-05) - actor/pg_clipfrac_lower:np.float64(0.0) - actor/pg_loss:np.float64(0.0) - actor/kl_loss:np.float64(0.16837844272959046) - actor/kl_coef:np.float64(0.0010000000000000005) - actor/loss:np.float64(0.0001683784503256902) - actor/grad_norm:np.float64(0.005785593995824456) - actor/perf/max_memory_allocated_gb:np.float64(20.273035049438477) - actor/perf/max_memory_reserved_gb:np.float64(34.158203125) - actor/perf/cpu_memory_used_gb:np.float64(115.40144729614258) - actor/lr:np.float64(1e-06) - perf/mfu/actor:np.float64(0.019690751623538102) - training/global_step:148 - training/epoch:1 - critic/score/mean:0.984375 - critic/score/max:1.0 - critic/score/min:0.0 - critic/rewards/mean:0.984375 - critic/rewards/max:1.0 - critic/rewards/min:0.0 - critic/advantages/mean:0.0 - critic/advantages/max:0.0 - critic/advantages/min:0.0 - critic/returns/mean:0.0 - critic/returns/max:0.0 - critic/returns/min:0.0 - response_length/mean:312.400390625 - response_length/max:1024.0 - response_length/min:114.0 - response_length/clip_ratio:0.001953125 - response_length_non_aborted/mean:312.400390625 - response_length_non_aborted/max:1024.0 - response_length_non_aborted/min:114.0 - response_length_non_aborted/clip_ratio:0.001953125 - response/aborted_ratio:0.0 - prompt_length/mean:79.484375 - prompt_length/max:151.0 - prompt_length/min:49.0 - prompt_length/clip_ratio:0.0 - num_turns/min:np.int32(2) - num_turns/max:np.int32(2) - num_turns/mean:np.float64(2.0) - timing_s/start_profile:0.00015315040946006775 - timing_s/agent_loop/num_preempted/min:np.int64(-1) - timing_s/agent_loop/num_preempted/max:np.int64(-1) - timing_s/agent_loop/num_preempted/mean:np.float64(-1.0) - timing_s/agent_loop/generate_sequences/min:np.float64(2.8106191642582417) - timing_s/agent_loop/generate_sequences/max:np.float64(18.25566043704748) - timing_s/agent_loop/generate_sequences/mean:np.float64(7.294954943055927) - timing_s/agent_loop/tool_calls/min:np.float64(0.0) - timing_s/agent_loop/tool_calls/max:np.float64(0.0) - timing_s/agent_loop/tool_calls/mean:np.float64(0.0) - timing_s/agent_loop/compute_score/min:np.float64(0.006769698113203049) - timing_s/agent_loop/compute_score/max:np.float64(0.03243245929479599) - timing_s/agent_loop/compute_score/mean:np.float64(0.010579514419077896) - timing_s/agent_loop/slowest/generate_sequences:np.float64(18.25566043704748) - timing_s/agent_loop/slowest/tool_calls:np.float64(0.0) - timing_s/agent_loop/slowest/compute_score:np.float64(0.011333048343658447) - timing_s/agent_loop/slowest/num_preempted:np.int64(-1) - timing_s/agent_loop/slowest/prompt_length:98 - timing_s/agent_loop/slowest/response_length:1024 - timing_s/gen:19.28859293833375 - timing_s/reward:2.9392540454864502e-05 - timing_s/old_log_prob:45.153617054224014 - timing_s/ref:63.768203765153885 - timing_s/adv:0.01793859899044037 - timing_s/update_actor:190.02918204292655 - timing_s/update_weights:4.572042070329189 - timing_s/step:322.98050936311483 - timing_s/stop_profile:0.00013514980673789978 - timing_per_token_ms/gen:0.12059214461068059 - timing_per_token_ms/update_actor:0.9470915399981388 - timing_per_token_ms/ref:0.3178160620257364 - timing_per_token_ms/adv:8.940466490787394e-05 - perf/total_num_tokens:200645 - perf/time_per_step:322.98050936311483 - perf/throughput:155.30735925493755
[36m(TaskRunner pid=2033431)[0m step:149 - global_seqlen/min:45747 - global_seqlen/max:60821 - global_seqlen/minmax_diff:15074 - global_seqlen/balanced_min:51483 - global_seqlen/balanced_max:51491 - global_seqlen/mean:51488.5 - actor/entropy:0.09109135717153549 - perf/mfu/actor_infer:0.028733168530443953 - actor/pg_clipfrac:np.float64(0.00035775861852016533) - actor/ppo_kl:np.float64(9.905899020168363e-06) - actor/pg_clipfrac_lower:np.float64(0.0) - actor/pg_loss:np.float64(0.010608280572341755) - actor/kl_loss:np.float64(0.16351626288087573) - actor/kl_coef:np.float64(0.0010000000000000005) - actor/loss:np.float64(0.010771797504276037) - actor/grad_norm:np.float64(0.39116090536117554) - actor/perf/max_memory_allocated_gb:np.float64(20.273035049438477) - actor/perf/max_memory_reserved_gb:np.float64(34.158203125) - actor/perf/cpu_memory_used_gb:np.float64(115.14553451538086) - actor/lr:np.float64(1e-06) - perf/mfu/actor:np.float64(0.02020500381721687) - training/global_step:149 - training/epoch:1 - critic/score/mean:0.923828125 - critic/score/max:1.0 - critic/score/min:0.0 - critic/rewards/mean:0.923828125 - critic/rewards/max:1.0 - critic/rewards/min:0.0 - critic/advantages/mean:-0.010544558055698872 - critic/advantages/max:1.6201815605163574 - critic/advantages/min:-2.4748666286468506 - critic/returns/mean:-0.010544558055698872 - critic/returns/max:1.6201815605163574 - critic/returns/min:-2.4748666286468506 - response_length/mean:317.98828125 - response_length/max:1024.0 - response_length/min:110.0 - response_length/clip_ratio:0.03125 - response_length_non_aborted/mean:317.98828125 - response_length_non_aborted/max:1024.0 - response_length_non_aborted/min:110.0 - response_length_non_aborted/clip_ratio:0.03125 - response/aborted_ratio:0.0 - prompt_length/mean:84.265625 - prompt_length/max:154.0 - prompt_length/min:52.0 - prompt_length/clip_ratio:0.0 - num_turns/min:np.int32(2) - num_turns/max:np.int32(2) - num_turns/mean:np.float64(2.0) - timing_s/start_profile:0.000128135085105896 - timing_s/agent_loop/num_preempted/min:np.int64(-1) - timing_s/agent_loop/num_preempted/max:np.int64(-1) - timing_s/agent_loop/num_preempted/mean:np.float64(-1.0) - timing_s/agent_loop/generate_sequences/min:np.float64(2.7439871691167355) - timing_s/agent_loop/generate_sequences/max:np.float64(18.486689910292625) - timing_s/agent_loop/generate_sequences/mean:np.float64(7.301495178384357) - timing_s/agent_loop/tool_calls/min:np.float64(0.0) - timing_s/agent_loop/tool_calls/max:np.float64(0.0) - timing_s/agent_loop/tool_calls/mean:np.float64(0.0) - timing_s/agent_loop/compute_score/min:np.float64(0.006505798548460007) - timing_s/agent_loop/compute_score/max:np.float64(0.024452388286590576) - timing_s/agent_loop/compute_score/mean:np.float64(0.01092960737150861) - timing_s/agent_loop/slowest/generate_sequences:np.float64(18.486689910292625) - timing_s/agent_loop/slowest/tool_calls:np.float64(0.0) - timing_s/agent_loop/slowest/compute_score:np.float64(0.010968431830406189) - timing_s/agent_loop/slowest/num_preempted:np.int64(-1) - timing_s/agent_loop/slowest/prompt_length:118 - timing_s/agent_loop/slowest/response_length:1024 - timing_s/gen:19.506367843598127 - timing_s/reward:2.0965933799743652e-05 - timing_s/old_log_prob:44.93001052737236 - timing_s/ref:64.34592405706644 - timing_s/adv:0.017047271132469177 - timing_s/update_actor:189.98802165314555 - timing_s/update_weights:4.5797883830964565 - timing_s/step:323.52319629490376 - timing_s/stop_profile:0.0001685693860054016 - timing_per_token_ms/gen:0.11981062492229057 - timing_per_token_ms/update_actor:0.9224779399921611 - timing_per_token_ms/ref:0.3124286202601865 - timing_per_token_ms/adv:8.277222648003523e-05 - perf/total_num_tokens:205954 - perf/time_per_step:323.52319629490376 - perf/throughput:159.14933021700944
[36m(TaskRunner pid=2033431)[0m test_gen_batch meta info: {'eos_token_id': 151645, 'pad_token_id': 151643, 'recompute_log_prob': False, 'do_sample': False, 'validate': True, 'global_steps': 150}
[36m(TaskRunner pid=2033431)[0m validation generation end
[36m(TaskRunner pid=2033431)[0m step:150 - global_seqlen/min:52297 - global_seqlen/max:58580 - global_seqlen/minmax_diff:6283 - global_seqlen/balanced_min:56113 - global_seqlen/balanced_max:56115 - global_seqlen/mean:56114.25 - actor/entropy:0.08304429054260254 - perf/mfu/actor_infer:0.031235899994203845 - actor/pg_clipfrac:np.float64(0.00023724080824649718) - actor/ppo_kl:np.float64(-2.103168003486644e-05) - actor/pg_clipfrac_lower:np.float64(0.0) - actor/pg_loss:np.float64(0.015222110087051988) - actor/kl_loss:np.float64(0.1588056497857906) - actor/kl_coef:np.float64(0.0010000000000000005) - actor/loss:np.float64(0.015380917116999626) - actor/grad_norm:np.float64(0.25667779333889484) - actor/perf/max_memory_allocated_gb:np.float64(20.273035049438477) - actor/perf/max_memory_reserved_gb:np.float64(34.158203125) - actor/perf/cpu_memory_used_gb:np.float64(115.19873809814453) - actor/lr:np.float64(1e-06) - perf/mfu/actor:np.float64(0.022147501096368625) - val-aux/openai/gsm8k/reward/mean@1:np.float64(0.9431387414708112) - val-core/openai/gsm8k/acc/mean@1:np.float64(0.9431387414708112) - val-aux/num_turns/min:np.int32(2) - val-aux/num_turns/max:np.int32(2) - val-aux/num_turns/mean:np.float64(2.0) - training/global_step:150 - training/epoch:1 - critic/score/mean:0.9921875 - critic/score/max:1.0 - critic/score/min:0.0 - critic/rewards/mean:0.9921875 - critic/rewards/max:1.0 - critic/rewards/min:0.0 - critic/advantages/mean:-0.015391346998512745 - critic/advantages/max:0.5400605201721191 - critic/advantages/min:-2.4748666286468506 - critic/returns/mean:-0.015391346998512745 - critic/returns/max:0.5400605201721191 - critic/returns/min:-2.4748666286468506 - response_length/mean:353.767578125 - response_length/max:1024.0 - response_length/min:158.0 - response_length/clip_ratio:0.00390625 - response_length_non_aborted/mean:353.767578125 - response_length_non_aborted/max:1024.0 - response_length_non_aborted/min:158.0 - response_length_non_aborted/clip_ratio:0.00390625 - response/aborted_ratio:0.0 - prompt_length/mean:84.625 - prompt_length/max:158.0 - prompt_length/min:57.0 - prompt_length/clip_ratio:0.0 - num_turns/min:np.int32(2) - num_turns/max:np.int32(2) - num_turns/mean:np.float64(2.0) - timing_s/start_profile:0.00015083327889442444 - timing_s/agent_loop/num_preempted/min:np.int64(-1) - timing_s/agent_loop/num_preempted/max:np.int64(-1) - timing_s/agent_loop/num_preempted/mean:np.float64(-1.0) - timing_s/agent_loop/generate_sequences/min:np.float64(3.9179220125079155) - timing_s/agent_loop/generate_sequences/max:np.float64(18.72720332816243) - timing_s/agent_loop/generate_sequences/mean:np.float64(8.42083176268352) - timing_s/agent_loop/tool_calls/min:np.float64(0.0) - timing_s/agent_loop/tool_calls/max:np.float64(0.0) - timing_s/agent_loop/tool_calls/mean:np.float64(0.0) - timing_s/agent_loop/compute_score/min:np.float64(0.0061486586928367615) - timing_s/agent_loop/compute_score/max:np.float64(0.026163913309574127) - timing_s/agent_loop/compute_score/mean:np.float64(0.010585973948764149) - timing_s/agent_loop/slowest/generate_sequences:np.float64(18.72720332816243) - timing_s/agent_loop/slowest/tool_calls:np.float64(0.0) - timing_s/agent_loop/slowest/compute_score:np.float64(0.01160195842385292) - timing_s/agent_loop/slowest/num_preempted:np.int64(-1) - timing_s/agent_loop/slowest/prompt_length:87 - timing_s/agent_loop/slowest/response_length:1024 - timing_s/gen:19.74575299024582 - timing_s/reward:2.742558717727661e-05 - timing_s/old_log_prob:45.44387976452708 - timing_s/ref:64.3353340215981 - timing_s/adv:0.017454490065574646 - timing_s/update_actor:188.94485729932785 - timing_s/update_weights:4.541008815169334 - timing_s/step:323.1809646822512 - timing_s/testing:28.782742746174335 - timing_s/stop_profile:0.00014078617095947266 - timing_per_token_ms/gen:0.10901486228183128 - timing_per_token_ms/update_actor:0.8417864325876575 - timing_per_token_ms/ref:0.2866265432648485 - timing_per_token_ms/adv:7.776317987665632e-05 - perf/total_num_tokens:224457 - perf/time_per_step:323.1809646822512 - perf/throughput:173.6310492642135
[36m(TaskRunner pid=2033431)[0m step:151 - global_seqlen/min:47456 - global_seqlen/max:53727 - global_seqlen/minmax_diff:6271 - global_seqlen/balanced_min:49710 - global_seqlen/balanced_max:49711 - global_seqlen/mean:49710.5 - actor/entropy:0.07742834836244583 - perf/mfu/actor_infer:0.02771782182780433 - actor/pg_clipfrac:np.float64(0.00021137259523129615) - actor/ppo_kl:np.float64(7.823761684022656e-05) - actor/pg_clipfrac_lower:np.float64(0.0) - actor/pg_loss:np.float64(0.009600709949154407) - actor/kl_loss:np.float64(0.16502955937176012) - actor/kl_coef:np.float64(0.0010000000000000005) - actor/loss:np.float64(0.009765739785507321) - actor/grad_norm:np.float64(0.30302025377750397) - actor/perf/max_memory_allocated_gb:np.float64(20.273035049438477) - actor/perf/max_memory_reserved_gb:np.float64(34.158203125) - actor/perf/cpu_memory_used_gb:np.float64(114.92391967773438) - actor/lr:np.float64(1e-06) - perf/mfu/actor:np.float64(0.019539096740050117) - training/global_step:151 - training/epoch:1 - critic/score/mean:0.978515625 - critic/score/max:1.0 - critic/score/min:0.0 - critic/rewards/mean:0.978515625 - critic/rewards/max:1.0 - critic/rewards/min:0.0 - critic/advantages/mean:-0.0097050117328763 - critic/advantages/max:2.4748666286468506 - critic/advantages/min:-2.4748666286468506 - critic/returns/mean:-0.0097050117328763 - critic/returns/max:2.4748666286468506 - critic/returns/min:-2.4748666286468506 - response_length/mean:311.50390625 - response_length/max:1024.0 - response_length/min:118.0 - response_length/clip_ratio:0.00390625 - response_length_non_aborted/mean:311.50390625 - response_length_non_aborted/max:1024.0 - response_length_non_aborted/min:118.0 - response_length_non_aborted/clip_ratio:0.00390625 - response/aborted_ratio:0.0 - prompt_length/mean:76.859375 - prompt_length/max:129.0 - prompt_length/min:44.0 - prompt_length/clip_ratio:0.0 - num_turns/min:np.int32(2) - num_turns/max:np.int32(2) - num_turns/mean:np.float64(2.0) - timing_s/start_profile:6.472691893577576e-05 - timing_s/agent_loop/num_preempted/min:np.int64(-1) - timing_s/agent_loop/num_preempted/max:np.int64(-1) - timing_s/agent_loop/num_preempted/mean:np.float64(-1.0) - timing_s/agent_loop/generate_sequences/min:np.float64(2.879340685904026) - timing_s/agent_loop/generate_sequences/max:np.float64(17.873118814080954) - timing_s/agent_loop/generate_sequences/mean:np.float64(7.294138360928628) - timing_s/agent_loop/tool_calls/min:np.float64(0.0) - timing_s/agent_loop/tool_calls/max:np.float64(0.0) - timing_s/agent_loop/tool_calls/mean:np.float64(0.0) - timing_s/agent_loop/compute_score/min:np.float64(0.006302598863840103) - timing_s/agent_loop/compute_score/max:np.float64(0.029100265353918076) - timing_s/agent_loop/compute_score/mean:np.float64(0.010754471360996831) - timing_s/agent_loop/slowest/generate_sequences:np.float64(17.873118814080954) - timing_s/agent_loop/slowest/tool_calls:np.float64(0.0) - timing_s/agent_loop/slowest/compute_score:np.float64(0.008342888206243515) - timing_s/agent_loop/slowest/num_preempted:np.int64(-1) - timing_s/agent_loop/slowest/prompt_length:57 - timing_s/agent_loop/slowest/response_length:1024 - timing_s/gen:18.9462848380208 - timing_s/reward:2.300739288330078e-05 - timing_s/old_log_prob:45.33993178978562 - timing_s/ref:63.89396846666932 - timing_s/adv:0.019788961857557297 - timing_s/update_actor:189.39298884943128 - timing_s/update_weights:4.553274795413017 - timing_s/step:322.2800756730139 - timing_s/stop_profile:0.0001368299126625061 - timing_per_token_ms/gen:0.11879293271064519 - timing_per_token_ms/update_actor:0.9524798023024877 - timing_per_token_ms/ref:0.32133034503107655 - timing_per_token_ms/adv:9.952103608672864e-05 - perf/total_num_tokens:198842 - perf/time_per_step:322.2800756730139 - perf/throughput:154.2462713408209
[36m(TaskRunner pid=2033431)[0m step:152 - global_seqlen/min:48340 - global_seqlen/max:54129 - global_seqlen/minmax_diff:5789 - global_seqlen/balanced_min:50773 - global_seqlen/balanced_max:50787 - global_seqlen/mean:50780.0 - actor/entropy:0.07214584201574326 - perf/mfu/actor_infer:0.02842180581979055 - actor/pg_clipfrac:np.float64(0.00010566123955868534) - actor/ppo_kl:np.float64(-1.5975015847047302e-05) - actor/pg_clipfrac_lower:np.float64(0.0) - actor/pg_loss:np.float64(0.008846308890497312) - actor/kl_loss:np.float64(0.16314037106349133) - actor/kl_coef:np.float64(0.0010000000000000005) - actor/loss:np.float64(0.009009450557641685) - actor/grad_norm:np.float64(0.2661444805562496) - actor/perf/max_memory_allocated_gb:np.float64(20.273035049438477) - actor/perf/max_memory_reserved_gb:np.float64(34.158203125) - actor/perf/cpu_memory_used_gb:np.float64(114.75068473815918) - actor/lr:np.float64(1e-06) - perf/mfu/actor:np.float64(0.019955997062157133) - training/global_step:152 - training/epoch:1 - critic/score/mean:0.921875 - critic/score/max:1.0 - critic/score/min:0.0 - critic/rewards/mean:0.921875 - critic/rewards/max:1.0 - critic/rewards/min:0.0 - critic/advantages/mean:-0.00890288595110178 - critic/advantages/max:2.4748666286468506 - critic/advantages/min:-1.6201815605163574 - critic/returns/mean:-0.00890288595110178 - critic/returns/max:2.4748666286468506 - critic/returns/min:-1.6201815605163574 - response_length/mean:316.828125 - response_length/max:1024.0 - response_length/min:116.0 - response_length/clip_ratio:0.001953125 - response_length_non_aborted/mean:316.828125 - response_length_non_aborted/max:1024.0 - response_length_non_aborted/min:116.0 - response_length_non_aborted/clip_ratio:0.001953125 - response/aborted_ratio:0.0 - prompt_length/mean:79.890625 - prompt_length/max:134.0 - prompt_length/min:52.0 - prompt_length/clip_ratio:0.0 - num_turns/min:np.int32(2) - num_turns/max:np.int32(2) - num_turns/mean:np.float64(2.0) - timing_s/start_profile:0.00011485815048217773 - timing_s/agent_loop/num_preempted/min:np.int64(-1) - timing_s/agent_loop/num_preempted/max:np.int64(-1) - timing_s/agent_loop/num_preempted/mean:np.float64(-1.0) - timing_s/agent_loop/generate_sequences/min:np.float64(2.875594548881054) - timing_s/agent_loop/generate_sequences/max:np.float64(17.816917587071657) - timing_s/agent_loop/generate_sequences/mean:np.float64(7.47269831331505) - timing_s/agent_loop/tool_calls/min:np.float64(0.0) - timing_s/agent_loop/tool_calls/max:np.float64(0.0) - timing_s/agent_loop/tool_calls/mean:np.float64(0.0) - timing_s/agent_loop/compute_score/min:np.float64(0.0067361705005168915) - timing_s/agent_loop/compute_score/max:np.float64(0.029206153005361557) - timing_s/agent_loop/compute_score/mean:np.float64(0.010458795964950696) - timing_s/agent_loop/slowest/generate_sequences:np.float64(17.816917587071657) - timing_s/agent_loop/slowest/tool_calls:np.float64(0.0) - timing_s/agent_loop/slowest/compute_score:np.float64(0.012009497731924057) - timing_s/agent_loop/slowest/num_preempted:np.int64(-1) - timing_s/agent_loop/slowest/prompt_length:120 - timing_s/agent_loop/slowest/response_length:1024 - timing_s/gen:18.823459893465042 - timing_s/reward:2.1237879991531372e-05 - timing_s/old_log_prob:45.10593142360449 - timing_s/ref:64.30160887166858 - timing_s/adv:0.017281431704759598 - timing_s/update_actor:189.4538792297244 - timing_s/update_weights:4.5709456987679005 - timing_s/step:322.4208921119571 - timing_s/stop_profile:0.0002057291567325592 - timing_per_token_ms/gen:0.11603947756981459 - timing_per_token_ms/update_actor:0.9327189800596909 - timing_per_token_ms/ref:0.316569559234288 - timing_per_token_ms/adv:8.507991189818628e-05 - perf/total_num_tokens:203120 - perf/time_per_step:322.4208921119571 - perf/throughput:157.4959974441334
[36m(TaskRunner pid=2033431)[0m step:153 - global_seqlen/min:48858 - global_seqlen/max:54047 - global_seqlen/minmax_diff:5189 - global_seqlen/balanced_min:51067 - global_seqlen/balanced_max:51070 - global_seqlen/mean:51067.75 - actor/entropy:0.08000122755765915 - perf/mfu/actor_infer:0.028554126459178236 - actor/pg_clipfrac:np.float64(0.0003674803997455456) - actor/ppo_kl:np.float64(6.0891383355965445e-05) - actor/pg_clipfrac_lower:np.float64(0.0) - actor/pg_loss:np.float64(0.022488570539280772) - actor/kl_loss:np.float64(0.16546372845186852) - actor/kl_coef:np.float64(0.0010000000000000005) - actor/loss:np.float64(0.02265403652563691) - actor/grad_norm:np.float64(0.3130701407790184) - actor/perf/max_memory_allocated_gb:np.float64(20.273035049438477) - actor/perf/max_memory_reserved_gb:np.float64(34.158203125) - actor/perf/cpu_memory_used_gb:np.float64(114.82021522521973) - actor/lr:np.float64(1e-06) - perf/mfu/actor:np.float64(0.019984344609855667) - training/global_step:153 - training/epoch:1 - critic/score/mean:0.98046875 - critic/score/max:1.0 - critic/score/min:0.0 - critic/rewards/mean:0.98046875 - critic/rewards/max:1.0 - critic/rewards/min:0.0 - critic/advantages/mean:-0.02253422513604164 - critic/advantages/max:1.20761239528656 - critic/advantages/min:-2.4748666286468506 - critic/returns/mean:-0.02253422513604164 - critic/returns/max:1.20761239528656 - critic/returns/min:-2.4748666286468506 - response_length/mean:318.763671875 - response_length/max:1024.0 - response_length/min:108.0 - response_length/clip_ratio:0.013671875 - response_length_non_aborted/mean:318.763671875 - response_length_non_aborted/max:1024.0 - response_length_non_aborted/min:108.0 - response_length_non_aborted/clip_ratio:0.013671875 - response/aborted_ratio:0.0 - prompt_length/mean:80.203125 - prompt_length/max:130.0 - prompt_length/min:44.0 - prompt_length/clip_ratio:0.0 - num_turns/min:np.int32(2) - num_turns/max:np.int32(2) - num_turns/mean:np.float64(2.0) - timing_s/start_profile:9.337440133094788e-05 - timing_s/agent_loop/num_preempted/min:np.int64(-1) - timing_s/agent_loop/num_preempted/max:np.int64(-1) - timing_s/agent_loop/num_preempted/mean:np.float64(-1.0) - timing_s/agent_loop/generate_sequences/min:np.float64(2.6431131586432457) - timing_s/agent_loop/generate_sequences/max:np.float64(18.046538457274437) - timing_s/agent_loop/generate_sequences/mean:np.float64(7.38715536397649) - timing_s/agent_loop/tool_calls/min:np.float64(0.0) - timing_s/agent_loop/tool_calls/max:np.float64(0.0) - timing_s/agent_loop/tool_calls/mean:np.float64(0.0) - timing_s/agent_loop/compute_score/min:np.float64(0.007166855037212372) - timing_s/agent_loop/compute_score/max:np.float64(0.02382780984044075) - timing_s/agent_loop/compute_score/mean:np.float64(0.010527823971642647) - timing_s/agent_loop/slowest/generate_sequences:np.float64(18.046538457274437) - timing_s/agent_loop/slowest/tool_calls:np.float64(0.0) - timing_s/agent_loop/slowest/compute_score:np.float64(0.010690242052078247) - timing_s/agent_loop/slowest/num_preempted:np.int64(-1) - timing_s/agent_loop/slowest/prompt_length:81 - timing_s/agent_loop/slowest/response_length:1024 - timing_s/gen:18.98811425641179 - timing_s/reward:2.8245151042938232e-05 - timing_s/old_log_prob:44.77604141831398 - timing_s/ref:64.76853122934699 - timing_s/adv:0.018447760492563248 - timing_s/update_actor:190.47889651730657 - timing_s/update_weights:4.569206357002258 - timing_s/step:323.74387733638287 - timing_s/stop_profile:0.00021712854504585266 - timing_per_token_ms/gen:0.1163437490819131 - timing_per_token_ms/update_actor:0.9324813434961721 - timing_per_token_ms/ref:0.3170715922933113 - timing_per_token_ms/adv:9.03102275534131e-05 - perf/total_num_tokens:204271 - perf/time_per_step:323.74387733638287 - perf/throughput:157.7412070929717
[36m(TaskRunner pid=2033431)[0m step:154 - global_seqlen/min:48733 - global_seqlen/max:58617 - global_seqlen/minmax_diff:9884 - global_seqlen/balanced_min:54445 - global_seqlen/balanced_max:54446 - global_seqlen/mean:54445.5 - actor/entropy:0.07999388128519058 - perf/mfu/actor_infer:0.030400638176448083 - actor/pg_clipfrac:np.float64(0.00018602819409352378) - actor/ppo_kl:np.float64(7.230797927348931e-05) - actor/pg_clipfrac_lower:np.float64(0.0) - actor/pg_loss:np.float64(0.008301501628011465) - actor/kl_loss:np.float64(0.1563562355877366) - actor/kl_coef:np.float64(0.0010000000000000005) - actor/loss:np.float64(0.008457859046757221) - actor/grad_norm:np.float64(0.22332952171564102) - actor/perf/max_memory_allocated_gb:np.float64(20.273035049438477) - actor/perf/max_memory_reserved_gb:np.float64(34.158203125) - actor/perf/cpu_memory_used_gb:np.float64(114.93803596496582) - actor/lr:np.float64(1e-06) - perf/mfu/actor:np.float64(0.0214301042363258) - training/global_step:154 - training/epoch:1 - critic/score/mean:0.94140625 - critic/score/max:1.0 - critic/score/min:0.0 - critic/rewards/mean:0.94140625 - critic/rewards/max:1.0 - critic/rewards/min:0.0 - critic/advantages/mean:-0.008340415544807911 - critic/advantages/max:2.4748666286468506 - critic/advantages/min:-1.6201815605163574 - critic/returns/mean:-0.008340415544807911 - critic/returns/max:2.4748666286468506 - critic/returns/min:-1.6201815605163574 - response_length/mean:343.01171875 - response_length/max:1024.0 - response_length/min:117.0 - response_length/clip_ratio:0.00390625 - response_length_non_aborted/mean:343.01171875 - response_length_non_aborted/max:1024.0 - response_length_non_aborted/min:117.0 - response_length_non_aborted/clip_ratio:0.00390625 - response/aborted_ratio:0.0 - prompt_length/mean:82.34375 - prompt_length/max:168.0 - prompt_length/min:54.0 - prompt_length/clip_ratio:0.0 - num_turns/min:np.int32(2) - num_turns/max:np.int32(2) - num_turns/mean:np.float64(2.0) - timing_s/start_profile:0.00011567771434783936 - timing_s/agent_loop/num_preempted/min:np.int64(-1) - timing_s/agent_loop/num_preempted/max:np.int64(-1) - timing_s/agent_loop/num_preempted/mean:np.float64(-1.0) - timing_s/agent_loop/generate_sequences/min:np.float64(2.933581233024597) - timing_s/agent_loop/generate_sequences/max:np.float64(18.58198080584407) - timing_s/agent_loop/generate_sequences/mean:np.float64(8.1189033233386) - timing_s/agent_loop/tool_calls/min:np.float64(0.0) - timing_s/agent_loop/tool_calls/max:np.float64(0.0) - timing_s/agent_loop/tool_calls/mean:np.float64(0.0) - timing_s/agent_loop/compute_score/min:np.float64(0.006280247122049332) - timing_s/agent_loop/compute_score/max:np.float64(0.030005380511283875) - timing_s/agent_loop/compute_score/mean:np.float64(0.010566484568698797) - timing_s/agent_loop/slowest/generate_sequences:np.float64(18.58198080584407) - timing_s/agent_loop/slowest/tool_calls:np.float64(0.0) - timing_s/agent_loop/slowest/compute_score:np.float64(0.009494591504335403) - timing_s/agent_loop/slowest/num_preempted:np.int64(-1) - timing_s/agent_loop/slowest/prompt_length:57 - timing_s/agent_loop/slowest/response_length:1018 - timing_s/gen:19.61372073367238 - timing_s/reward:2.4966895580291748e-05 - timing_s/old_log_prob:44.86685881763697 - timing_s/ref:64.17637386545539 - timing_s/adv:0.01955200731754303 - timing_s/update_actor:189.51058131083846 - timing_s/update_weights:4.605885732918978 - timing_s/step:322.9459775686264 - timing_s/stop_profile:0.0001402348279953003 - timing_per_token_ms/gen:0.11168145638742516 - timing_per_token_ms/update_actor:0.8701847779469307 - timing_per_token_ms/ref:0.29468171779786845 - timing_per_token_ms/adv:8.977788484605261e-05 - perf/total_num_tokens:217782 - perf/time_per_step:322.9459775686264 - perf/throughput:168.59011655728168
[36m(TaskRunner pid=2033431)[0m step:155 - global_seqlen/min:48112 - global_seqlen/max:57315 - global_seqlen/minmax_diff:9203 - global_seqlen/balanced_min:54149 - global_seqlen/balanced_max:54151 - global_seqlen/mean:54150.25 - actor/entropy:0.0826694667339325 - perf/mfu/actor_infer:0.02992515008742525 - actor/pg_clipfrac:np.float64(6.749334215783165e-05) - actor/ppo_kl:np.float64(8.600043575235361e-05) - actor/pg_clipfrac_lower:np.float64(0.0) - actor/pg_loss:np.float64(0.00659652438480407) - actor/kl_loss:np.float64(0.1528581639577169) - actor/kl_coef:np.float64(0.0010000000000000005) - actor/loss:np.float64(0.006749381311237812) - actor/grad_norm:np.float64(0.23842528462409973) - actor/perf/max_memory_allocated_gb:np.float64(20.273035049438477) - actor/perf/max_memory_reserved_gb:np.float64(34.158203125) - actor/perf/cpu_memory_used_gb:np.float64(114.6155834197998) - actor/lr:np.float64(1e-06) - perf/mfu/actor:np.float64(0.02129651576221111) - training/global_step:155 - training/epoch:1 - critic/score/mean:0.984375 - critic/score/max:1.0 - critic/score/min:0.0 - critic/rewards/mean:0.984375 - critic/rewards/max:1.0 - critic/rewards/min:0.0 - critic/advantages/mean:-0.006828985642641783 - critic/advantages/max:1.20761239528656 - critic/advantages/min:-1.20761239528656 - critic/returns/mean:-0.006828985642641783 - critic/returns/max:1.20761239528656 - critic/returns/min:-1.20761239528656 - response_length/mean:340.064453125 - response_length/max:1024.0 - response_length/min:108.0 - response_length/clip_ratio:0.005859375 - response_length_non_aborted/mean:340.064453125 - response_length_non_aborted/max:1024.0 - response_length_non_aborted/min:108.0 - response_length_non_aborted/clip_ratio:0.005859375 - response/aborted_ratio:0.0 - prompt_length/mean:82.984375 - prompt_length/max:161.0 - prompt_length/min:45.0 - prompt_length/clip_ratio:0.0 - num_turns/min:np.int32(2) - num_turns/max:np.int32(2) - num_turns/mean:np.float64(2.0) - timing_s/start_profile:0.00011543929576873779 - timing_s/agent_loop/num_preempted/min:np.int64(-1) - timing_s/agent_loop/num_preempted/max:np.int64(-1) - timing_s/agent_loop/num_preempted/mean:np.float64(-1.0) - timing_s/agent_loop/generate_sequences/min:np.float64(2.7009777687489986) - timing_s/agent_loop/generate_sequences/max:np.float64(18.63040452823043) - timing_s/agent_loop/generate_sequences/mean:np.float64(8.04368403704575) - timing_s/agent_loop/tool_calls/min:np.float64(0.0) - timing_s/agent_loop/tool_calls/max:np.float64(0.0) - timing_s/agent_loop/tool_calls/mean:np.float64(0.0) - timing_s/agent_loop/compute_score/min:np.float64(0.007352042943239212) - timing_s/agent_loop/compute_score/max:np.float64(0.026294831186532974) - timing_s/agent_loop/compute_score/mean:np.float64(0.01086336313164793) - timing_s/agent_loop/slowest/generate_sequences:np.float64(18.63040452823043) - timing_s/agent_loop/slowest/tool_calls:np.float64(0.0) - timing_s/agent_loop/slowest/compute_score:np.float64(0.010024387389421463) - timing_s/agent_loop/slowest/num_preempted:np.int64(-1) - timing_s/agent_loop/slowest/prompt_length:98 - timing_s/agent_loop/slowest/response_length:1024 - timing_s/gen:19.64540708810091 - timing_s/reward:2.9109418392181396e-05 - timing_s/old_log_prob:45.33437982574105 - timing_s/ref:64.74844512715936 - timing_s/adv:0.01721331477165222 - timing_s/update_actor:189.53773667663336 - timing_s/update_weights:4.58138532564044 - timing_s/step:324.0124605409801 - timing_s/stop_profile:0.00013746321201324463 - timing_per_token_ms/gen:0.11283136289708931 - timing_per_token_ms/update_actor:0.8750547627971863 - timing_per_token_ms/ref:0.29892957616612736 - timing_per_token_ms/adv:7.947015374653036e-05 - perf/total_num_tokens:216601 - perf/time_per_step:324.0124605409801 - perf/throughput:167.12397390393338
[36m(TaskRunner pid=2033431)[0m step:156 - global_seqlen/min:52088 - global_seqlen/max:57808 - global_seqlen/minmax_diff:5720 - global_seqlen/balanced_min:54879 - global_seqlen/balanced_max:54884 - global_seqlen/mean:54882.5 - actor/entropy:0.0776371881365776 - perf/mfu/actor_infer:0.030625594122926248 - actor/pg_clipfrac:np.float64(0.00022563260927199735) - actor/ppo_kl:np.float64(-5.405062789520798e-05) - actor/pg_clipfrac_lower:np.float64(0.0) - actor/pg_loss:np.float64(0.002639210841152817) - actor/kl_loss:np.float64(0.1508458822790999) - actor/kl_coef:np.float64(0.0010000000000000005) - actor/loss:np.float64(0.0027900589630007744) - actor/grad_norm:np.float64(0.28537432849407196) - actor/perf/max_memory_allocated_gb:np.float64(20.273035049438477) - actor/perf/max_memory_reserved_gb:np.float64(34.158203125) - actor/perf/cpu_memory_used_gb:np.float64(116.54899406433105) - actor/lr:np.float64(1e-06) - perf/mfu/actor:np.float64(0.02150741731888002) - training/global_step:156 - training/epoch:1 - critic/score/mean:0.93359375 - critic/score/max:1.0 - critic/score/min:0.0 - critic/rewards/mean:0.93359375 - critic/rewards/max:1.0 - critic/rewards/min:0.0 - critic/advantages/mean:-0.0028340916614979506 - critic/advantages/max:1.20761239528656 - critic/advantages/min:-2.4748666286468506 - critic/returns/mean:-0.0028340916614979506 - critic/returns/max:1.20761239528656 - critic/returns/min:-2.4748666286468506 - response_length/mean:346.89453125 - response_length/max:1024.0 - response_length/min:131.0 - response_length/clip_ratio:0.001953125 - response_length_non_aborted/mean:346.89453125 - response_length_non_aborted/max:1024.0 - response_length_non_aborted/min:131.0 - response_length_non_aborted/clip_ratio:0.001953125 - response/aborted_ratio:0.0 - prompt_length/mean:81.875 - prompt_length/max:172.0 - prompt_length/min:52.0 - prompt_length/clip_ratio:0.0 - num_turns/min:np.int32(2) - num_turns/max:np.int32(2) - num_turns/mean:np.float64(2.0) - timing_s/start_profile:0.0001313425600528717 - timing_s/agent_loop/num_preempted/min:np.int64(-1) - timing_s/agent_loop/num_preempted/max:np.int64(-1) - timing_s/agent_loop/num_preempted/mean:np.float64(-1.0) - timing_s/agent_loop/generate_sequences/min:np.float64(3.2852291502058506) - timing_s/agent_loop/generate_sequences/max:np.float64(18.54622421786189) - timing_s/agent_loop/generate_sequences/mean:np.float64(8.222532894658798) - timing_s/agent_loop/tool_calls/min:np.float64(0.0) - timing_s/agent_loop/tool_calls/max:np.float64(0.0) - timing_s/agent_loop/tool_calls/mean:np.float64(0.0) - timing_s/agent_loop/compute_score/min:np.float64(0.007122736424207687) - timing_s/agent_loop/compute_score/max:np.float64(0.02248484268784523) - timing_s/agent_loop/compute_score/mean:np.float64(0.010302123235305771) - timing_s/agent_loop/slowest/generate_sequences:np.float64(18.54622421786189) - timing_s/agent_loop/slowest/tool_calls:np.float64(0.0) - timing_s/agent_loop/slowest/compute_score:np.float64(0.01021798700094223) - timing_s/agent_loop/slowest/num_preempted:np.int64(-1) - timing_s/agent_loop/slowest/prompt_length:107 - timing_s/agent_loop/slowest/response_length:1024 - timing_s/gen:19.553805090487003 - timing_s/reward:2.3778527975082397e-05 - timing_s/old_log_prob:44.9567259773612 - timing_s/ref:64.30150366947055 - timing_s/adv:0.017006419599056244 - timing_s/update_actor:190.5717294625938 - timing_s/update_weights:4.545205425471067 - timing_s/step:324.09897462651134 - timing_s/stop_profile:0.0001482926309108734 - timing_per_token_ms/gen:0.11009405489829967 - timing_per_token_ms/update_actor:0.8680896891659171 - timing_per_token_ms/ref:0.29290531439653145 - timing_per_token_ms/adv:7.746740581722883e-05 - perf/total_num_tokens:219530 - perf/time_per_step:324.09897462651134 - perf/throughput:169.3387029787616
[36m(TaskRunner pid=2033431)[0m step:157 - global_seqlen/min:51497 - global_seqlen/max:52913 - global_seqlen/minmax_diff:1416 - global_seqlen/balanced_min:52332 - global_seqlen/balanced_max:52334 - global_seqlen/mean:52332.75 - actor/entropy:0.08048893511295319 - perf/mfu/actor_infer:0.028912463191356666 - actor/pg_clipfrac:np.float64(0.00014537315610141377) - actor/ppo_kl:np.float64(7.014124132176391e-05) - actor/pg_clipfrac_lower:np.float64(0.0) - actor/pg_loss:np.float64(0.019582210370572284) - actor/kl_loss:np.float64(0.1534594202239532) - actor/kl_coef:np.float64(0.0010000000000000005) - actor/loss:np.float64(0.01973566971719265) - actor/grad_norm:np.float64(0.21795464679598808) - actor/perf/max_memory_allocated_gb:np.float64(20.273035049438477) - actor/perf/max_memory_reserved_gb:np.float64(34.158203125) - actor/perf/cpu_memory_used_gb:np.float64(116.36250877380371) - actor/lr:np.float64(1e-06) - perf/mfu/actor:np.float64(0.020526033804366607) - training/global_step:157 - training/epoch:1 - critic/score/mean:0.9765625 - critic/score/max:1.0 - critic/score/min:0.0 - critic/rewards/mean:0.9765625 - critic/rewards/max:1.0 - critic/rewards/min:0.0 - critic/advantages/mean:-0.019877687096595764 - critic/advantages/max:0.5400605201721191 - critic/advantages/min:-2.4748666286468506 - critic/returns/mean:-0.019877687096595764 - critic/returns/max:0.5400605201721191 - critic/returns/min:-2.4748666286468506 - response_length/mean:328.990234375 - response_length/max:1024.0 - response_length/min:120.0 - response_length/clip_ratio:0.00390625 - response_length_non_aborted/mean:328.990234375 - response_length_non_aborted/max:1024.0 - response_length_non_aborted/min:120.0 - response_length_non_aborted/clip_ratio:0.00390625 - response/aborted_ratio:0.0 - prompt_length/mean:79.859375 - prompt_length/max:156.0 - prompt_length/min:52.0 - prompt_length/clip_ratio:0.0 - num_turns/min:np.int32(2) - num_turns/max:np.int32(2) - num_turns/mean:np.float64(2.0) - timing_s/start_profile:0.0001008547842502594 - timing_s/agent_loop/num_preempted/min:np.int64(-1) - timing_s/agent_loop/num_preempted/max:np.int64(-1) - timing_s/agent_loop/num_preempted/mean:np.float64(-1.0) - timing_s/agent_loop/generate_sequences/min:np.float64(2.976819571107626) - timing_s/agent_loop/generate_sequences/max:np.float64(18.223234489560127) - timing_s/agent_loop/generate_sequences/mean:np.float64(7.755763615859905) - timing_s/agent_loop/tool_calls/min:np.float64(0.0) - timing_s/agent_loop/tool_calls/max:np.float64(0.0) - timing_s/agent_loop/tool_calls/mean:np.float64(0.0) - timing_s/agent_loop/compute_score/min:np.float64(0.006216514855623245) - timing_s/agent_loop/compute_score/max:np.float64(0.020565848797559738) - timing_s/agent_loop/compute_score/mean:np.float64(0.01050392984325299) - timing_s/agent_loop/slowest/generate_sequences:np.float64(18.223234489560127) - timing_s/agent_loop/slowest/tool_calls:np.float64(0.0) - timing_s/agent_loop/slowest/compute_score:np.float64(0.010263476520776749) - timing_s/agent_loop/slowest/num_preempted:np.int64(-1) - timing_s/agent_loop/slowest/prompt_length:75 - timing_s/agent_loop/slowest/response_length:1024 - timing_s/gen:19.187284529209137 - timing_s/reward:2.0559877157211304e-05 - timing_s/old_log_prob:45.33684719726443 - timing_s/ref:63.85809390246868 - timing_s/adv:0.019040387123823166 - timing_s/update_actor:190.0274843275547 - timing_s/update_weights:4.561422944068909 - timing_s/step:323.13761856406927 - timing_s/stop_profile:0.00018924474716186523 - timing_per_token_ms/gen:0.11390965803986593 - timing_per_token_ms/update_actor:0.9077847252798424 - timing_per_token_ms/ref:0.3050579890339638 - timing_per_token_ms/adv:9.095827719651253e-05 - perf/total_num_tokens:209331 - perf/time_per_step:323.13761856406927 - perf/throughput:161.95189601431025
[36m(TaskRunner pid=2033431)[0m step:158 - global_seqlen/min:51931 - global_seqlen/max:58926 - global_seqlen/minmax_diff:6995 - global_seqlen/balanced_min:55561 - global_seqlen/balanced_max:55564 - global_seqlen/mean:55562.5 - actor/entropy:0.07754355669021606 - perf/mfu/actor_infer:0.030685880933366452 - actor/pg_clipfrac:np.float64(0.0) - actor/ppo_kl:np.float64(4.0457786327330325e-05) - actor/pg_clipfrac_lower:np.float64(0.0) - actor/pg_loss:np.float64(0.0) - actor/kl_loss:np.float64(0.1494035825598985) - actor/kl_coef:np.float64(0.0010000000000000005) - actor/loss:np.float64(0.00014940358232706785) - actor/grad_norm:np.float64(0.005023059900850058) - actor/perf/max_memory_allocated_gb:np.float64(20.273035049438477) - actor/perf/max_memory_reserved_gb:np.float64(34.158203125) - actor/perf/cpu_memory_used_gb:np.float64(113.78171348571777) - actor/lr:np.float64(1e-06) - perf/mfu/actor:np.float64(0.021856818258336616) - training/global_step:158 - training/epoch:1 - critic/score/mean:0.96875 - critic/score/max:1.0 - critic/score/min:0.0 - critic/rewards/mean:0.96875 - critic/rewards/max:1.0 - critic/rewards/min:0.0 - critic/advantages/mean:0.0 - critic/advantages/max:0.0 - critic/advantages/min:0.0 - critic/returns/mean:0.0 - critic/returns/max:0.0 - critic/returns/min:0.0 - response_length/mean:353.66015625 - response_length/max:966.0 - response_length/min:122.0 - response_length/clip_ratio:0.0 - response_length_non_aborted/mean:353.66015625 - response_length_non_aborted/max:966.0 - response_length_non_aborted/min:122.0 - response_length_non_aborted/clip_ratio:0.0 - response/aborted_ratio:0.0 - prompt_length/mean:80.421875 - prompt_length/max:131.0 - prompt_length/min:44.0 - prompt_length/clip_ratio:0.0 - num_turns/min:np.int32(2) - num_turns/max:np.int32(2) - num_turns/mean:np.float64(2.0) - timing_s/start_profile:9.00067389011383e-05 - timing_s/agent_loop/num_preempted/min:np.int64(-1) - timing_s/agent_loop/num_preempted/max:np.int64(-1) - timing_s/agent_loop/num_preempted/mean:np.float64(-1.0) - timing_s/agent_loop/generate_sequences/min:np.float64(3.069473698735237) - timing_s/agent_loop/generate_sequences/max:np.float64(17.710374779999256) - timing_s/agent_loop/generate_sequences/mean:np.float64(8.444575548608555) - timing_s/agent_loop/tool_calls/min:np.float64(0.0) - timing_s/agent_loop/tool_calls/max:np.float64(0.0) - timing_s/agent_loop/tool_calls/mean:np.float64(0.0) - timing_s/agent_loop/compute_score/min:np.float64(0.005447942763566971) - timing_s/agent_loop/compute_score/max:np.float64(0.029384255409240723) - timing_s/agent_loop/compute_score/mean:np.float64(0.0104114069181378) - timing_s/agent_loop/slowest/generate_sequences:np.float64(17.710374779999256) - timing_s/agent_loop/slowest/tool_calls:np.float64(0.0) - timing_s/agent_loop/slowest/compute_score:np.float64(0.012677427381277084) - timing_s/agent_loop/slowest/num_preempted:np.int64(-1) - timing_s/agent_loop/slowest/prompt_length:105 - timing_s/agent_loop/slowest/response_length:966 - timing_s/gen:18.782647039741278 - timing_s/reward:3.379210829734802e-05 - timing_s/old_log_prob:45.750498566776514 - timing_s/ref:63.95714097470045 - timing_s/adv:0.017246514558792114 - timing_s/update_actor:189.5463493615389 - timing_s/update_weights:4.589783821254969 - timing_s/step:322.7977433502674 - timing_s/stop_profile:0.0001700855791568756 - timing_per_token_ms/gen:0.10372912201498435 - timing_per_token_ms/update_actor:0.8528519656312211 - timing_per_token_ms/ref:0.2877711629907782 - timing_per_token_ms/adv:7.759961556261919e-05 - perf/total_num_tokens:222250 - perf/time_per_step:322.7977433502674 - perf/throughput:172.12790716355536
[36m(TaskRunner pid=2033431)[0m step:159 - global_seqlen/min:50684 - global_seqlen/max:62564 - global_seqlen/minmax_diff:11880 - global_seqlen/balanced_min:55471 - global_seqlen/balanced_max:55475 - global_seqlen/mean:55473.0 - actor/entropy:0.08498453348875046 - perf/mfu/actor_infer:0.0308827139520514 - actor/pg_clipfrac:np.float64(0.00011776589917644742) - actor/ppo_kl:np.float64(-4.667043892858658e-05) - actor/pg_clipfrac_lower:np.float64(0.0) - actor/pg_loss:np.float64(0.0037040014285594225) - actor/kl_loss:np.float64(0.154474990995368) - actor/kl_coef:np.float64(0.0010000000000000005) - actor/loss:np.float64(0.003858475014567375) - actor/grad_norm:np.float64(0.21917255967855453) - actor/perf/max_memory_allocated_gb:np.float64(20.273035049438477) - actor/perf/max_memory_reserved_gb:np.float64(34.158203125) - actor/perf/cpu_memory_used_gb:np.float64(110.20170402526855) - actor/lr:np.float64(1e-06) - perf/mfu/actor:np.float64(0.021896389994576444) - training/global_step:159 - training/epoch:1 - critic/score/mean:0.97265625 - critic/score/max:1.0 - critic/score/min:0.0 - critic/rewards/mean:0.97265625 - critic/rewards/max:1.0 - critic/rewards/min:0.0 - critic/advantages/mean:-0.00403312873095274 - critic/advantages/max:0.7245674133300781 - critic/advantages/min:-2.4748666286468506 - critic/returns/mean:-0.00403312873095274 - critic/returns/max:0.7245674133300781 - critic/returns/min:-2.4748666286468506 - response_length/mean:351.3515625 - response_length/max:1024.0 - response_length/min:97.0 - response_length/clip_ratio:0.005859375 - response_length_non_aborted/mean:351.3515625 - response_length_non_aborted/max:1024.0 - response_length_non_aborted/min:97.0 - response_length_non_aborted/clip_ratio:0.005859375 - response/aborted_ratio:0.0 - prompt_length/mean:82.03125 - prompt_length/max:139.0 - prompt_length/min:48.0 - prompt_length/clip_ratio:0.0 - num_turns/min:np.int32(2) - num_turns/max:np.int32(2) - num_turns/mean:np.float64(2.0) - timing_s/start_profile:8.185207843780518e-05 - timing_s/agent_loop/num_preempted/min:np.int64(-1) - timing_s/agent_loop/num_preempted/max:np.int64(-1) - timing_s/agent_loop/num_preempted/mean:np.float64(-1.0) - timing_s/agent_loop/generate_sequences/min:np.float64(2.4528587237000465) - timing_s/agent_loop/generate_sequences/max:np.float64(18.652824334800243) - timing_s/agent_loop/generate_sequences/mean:np.float64(8.260570506405202) - timing_s/agent_loop/tool_calls/min:np.float64(0.0) - timing_s/agent_loop/tool_calls/max:np.float64(0.0) - timing_s/agent_loop/tool_calls/mean:np.float64(0.0) - timing_s/agent_loop/compute_score/min:np.float64(0.006854742765426636) - timing_s/agent_loop/compute_score/max:np.float64(0.02297830954194069) - timing_s/agent_loop/compute_score/mean:np.float64(0.010654772551788483) - timing_s/agent_loop/slowest/generate_sequences:np.float64(18.652824334800243) - timing_s/agent_loop/slowest/tool_calls:np.float64(0.0) - timing_s/agent_loop/slowest/compute_score:np.float64(0.011081796139478683) - timing_s/agent_loop/slowest/num_preempted:np.int64(-1) - timing_s/agent_loop/slowest/prompt_length:96 - timing_s/agent_loop/slowest/response_length:1024 - timing_s/gen:19.633410897105932 - timing_s/reward:3.026425838470459e-05 - timing_s/old_log_prob:45.38036634773016 - timing_s/ref:63.86777202039957 - timing_s/adv:0.017223674803972244 - timing_s/update_actor:189.01179457083344 - timing_s/update_weights:4.5264671593904495 - timing_s/step:322.5798917338252 - timing_s/stop_profile:0.00016795098781585693 - timing_per_token_ms/gen:0.10913998897730823 - timing_per_token_ms/update_actor:0.8518188784220857 - timing_per_token_ms/ref:0.2878326934743009 - timing_per_token_ms/adv:7.762188273562023e-05 - perf/total_num_tokens:221892 - perf/time_per_step:322.5798917338252 - perf/throughput:171.96670164975194
[36m(TaskRunner pid=2033431)[0m local_global_step_folder: checkpoints/grpo_rlvr_math/qwen3_4b_gsm8k/global_step_160
[36m(TaskRunner pid=2033431)[0m test_gen_batch meta info: {'eos_token_id': 151645, 'pad_token_id': 151643, 'recompute_log_prob': False, 'do_sample': False, 'validate': True, 'global_steps': 160}
[36m(TaskRunner pid=2033431)[0m validation generation end
[36m(TaskRunner pid=2033431)[0m step:160 - global_seqlen/min:48362 - global_seqlen/max:71812 - global_seqlen/minmax_diff:23450 - global_seqlen/balanced_min:57522 - global_seqlen/balanced_max:57524 - global_seqlen/mean:57523.0 - actor/entropy:0.0901225358247757 - perf/mfu/actor_infer:0.03203388188000696 - actor/pg_clipfrac:np.float64(0.00026088779691235686) - actor/ppo_kl:np.float64(9.362225778408728e-05) - actor/pg_clipfrac_lower:np.float64(0.0) - actor/pg_loss:np.float64(0.01406673263409175) - actor/kl_loss:np.float64(0.1514014404383488) - actor/kl_coef:np.float64(0.0010000000000000005) - actor/loss:np.float64(0.014218134805560112) - actor/grad_norm:np.float64(0.2612050473690033) - actor/perf/max_memory_allocated_gb:np.float64(20.273035049438477) - actor/perf/max_memory_reserved_gb:np.float64(34.158203125) - actor/perf/cpu_memory_used_gb:np.float64(110.23132133483887) - actor/lr:np.float64(1e-06) - perf/mfu/actor:np.float64(0.022748980951413228) - val-aux/openai/gsm8k/reward/mean@1:np.float64(0.9393479909021987) - val-core/openai/gsm8k/acc/mean@1:np.float64(0.9393479909021987) - val-aux/num_turns/min:np.int32(2) - val-aux/num_turns/max:np.int32(2) - val-aux/num_turns/mean:np.float64(2.0) - training/global_step:160 - training/epoch:1 - critic/score/mean:0.927734375 - critic/score/max:1.0 - critic/score/min:0.0 - critic/rewards/mean:0.927734375 - critic/rewards/max:1.0 - critic/rewards/min:0.0 - critic/advantages/mean:-0.014073370024561882 - critic/advantages/max:2.4748666286468506 - critic/advantages/min:-2.4748666286468506 - critic/returns/mean:-0.014073370024561882 - critic/returns/max:2.4748666286468506 - critic/returns/min:-2.4748666286468506 - response_length/mean:365.1796875 - response_length/max:1024.0 - response_length/min:140.0 - response_length/clip_ratio:0.03125 - response_length_non_aborted/mean:365.1796875 - response_length_non_aborted/max:1024.0 - response_length_non_aborted/min:140.0 - response_length_non_aborted/clip_ratio:0.03125 - response/aborted_ratio:0.0 - prompt_length/mean:84.21875 - prompt_length/max:165.0 - prompt_length/min:48.0 - prompt_length/clip_ratio:0.0 - num_turns/min:np.int32(2) - num_turns/max:np.int32(2) - num_turns/mean:np.float64(2.0) - timing_s/start_profile:0.000532589852809906 - timing_s/agent_loop/num_preempted/min:np.int64(-1) - timing_s/agent_loop/num_preempted/max:np.int64(-1) - timing_s/agent_loop/num_preempted/mean:np.float64(-1.0) - timing_s/agent_loop/generate_sequences/min:np.float64(3.4675426594913006) - timing_s/agent_loop/generate_sequences/max:np.float64(19.250306971371174) - timing_s/agent_loop/generate_sequences/mean:np.float64(8.546160030797182) - timing_s/agent_loop/tool_calls/min:np.float64(0.0) - timing_s/agent_loop/tool_calls/max:np.float64(0.0) - timing_s/agent_loop/tool_calls/mean:np.float64(0.0) - timing_s/agent_loop/compute_score/min:np.float64(0.0065521784126758575) - timing_s/agent_loop/compute_score/max:np.float64(0.0364178791642189) - timing_s/agent_loop/compute_score/mean:np.float64(0.010732112168625463) - timing_s/agent_loop/slowest/generate_sequences:np.float64(19.250306971371174) - timing_s/agent_loop/slowest/tool_calls:np.float64(0.0) - timing_s/agent_loop/slowest/compute_score:np.float64(0.009311661124229431) - timing_s/agent_loop/slowest/num_preempted:np.int64(-1) - timing_s/agent_loop/slowest/prompt_length:76 - timing_s/agent_loop/slowest/response_length:1024 - timing_s/gen:20.282711785286665 - timing_s/reward:2.929195761680603e-05 - timing_s/old_log_prob:45.12990686669946 - timing_s/ref:64.38663648813963 - timing_s/adv:0.017271485179662704 - timing_s/update_actor:188.78062882646918 - timing_s/save_checkpoint:163.52817162498832 - timing_s/update_weights:5.052819762378931 - timing_s/step:487.33116268739104 - timing_s/testing:29.305854715406895 - timing_s/stop_profile:0.00011954456567764282 - timing_per_token_ms/gen:0.1084799423725834 - timing_per_token_ms/update_actor:0.8204571598598351 - timing_per_token_ms/ref:0.27982996578820485 - timing_per_token_ms/adv:7.506338846923276e-05 - perf/total_num_tokens:230092 - perf/time_per_step:487.33116268739104 - perf/throughput:118.03677746111909
[36m(TaskRunner pid=2033431)[0m step:161 - global_seqlen/min:48566 - global_seqlen/max:54366 - global_seqlen/minmax_diff:5800 - global_seqlen/balanced_min:52349 - global_seqlen/balanced_max:52432 - global_seqlen/mean:52370.0 - actor/entropy:0.0777549147605896 - perf/mfu/actor_infer:0.029145061049284427 - actor/pg_clipfrac:np.float64(0.0001183851213681919) - actor/ppo_kl:np.float64(-9.35517041256162e-05) - actor/pg_clipfrac_lower:np.float64(0.0) - actor/pg_loss:np.float64(0.005928319762460887) - actor/kl_loss:np.float64(0.15846370204235427) - actor/kl_coef:np.float64(0.0010000000000000005) - actor/loss:np.float64(0.0060867840657010674) - actor/grad_norm:np.float64(0.17933541536331177) - actor/perf/max_memory_allocated_gb:np.float64(20.273035049438477) - actor/perf/max_memory_reserved_gb:np.float64(34.158203125) - actor/perf/cpu_memory_used_gb:np.float64(107.46402740478516) - actor/lr:np.float64(1e-06) - perf/mfu/actor:np.float64(0.02066133408492086) - training/global_step:161 - training/epoch:1 - critic/score/mean:0.95703125 - critic/score/max:1.0 - critic/score/min:0.0 - critic/rewards/mean:0.95703125 - critic/rewards/max:1.0 - critic/rewards/min:0.0 - critic/advantages/mean:-0.006007997784763575 - critic/advantages/max:1.20761239528656 - critic/advantages/min:-2.4748666286468506 - critic/returns/mean:-0.006007997784763575 - critic/returns/max:1.20761239528656 - critic/returns/min:-2.4748666286468506 - response_length/mean:328.5625 - response_length/max:1024.0 - response_length/min:140.0 - response_length/clip_ratio:0.001953125 - response_length_non_aborted/mean:328.5625 - response_length_non_aborted/max:1024.0 - response_length_non_aborted/min:140.0 - response_length_non_aborted/clip_ratio:0.001953125 - response/aborted_ratio:0.0 - prompt_length/mean:80.578125 - prompt_length/max:147.0 - prompt_length/min:47.0 - prompt_length/clip_ratio:0.0 - num_turns/min:np.int32(2) - num_turns/max:np.int32(2) - num_turns/mean:np.float64(2.0) - timing_s/start_profile:0.0001552179455757141 - timing_s/agent_loop/num_preempted/min:np.int64(-1) - timing_s/agent_loop/num_preempted/max:np.int64(-1) - timing_s/agent_loop/num_preempted/mean:np.float64(-1.0) - timing_s/agent_loop/generate_sequences/min:np.float64(3.3904884718358517) - timing_s/agent_loop/generate_sequences/max:np.float64(17.635234739631414) - timing_s/agent_loop/generate_sequences/mean:np.float64(7.745834191038739) - timing_s/agent_loop/tool_calls/min:np.float64(0.0) - timing_s/agent_loop/tool_calls/max:np.float64(0.0) - timing_s/agent_loop/tool_calls/mean:np.float64(0.0) - timing_s/agent_loop/compute_score/min:np.float64(0.006750188767910004) - timing_s/agent_loop/compute_score/max:np.float64(0.023286014795303345) - timing_s/agent_loop/compute_score/mean:np.float64(0.010278839836246334) - timing_s/agent_loop/slowest/generate_sequences:np.float64(17.635234739631414) - timing_s/agent_loop/slowest/tool_calls:np.float64(0.0) - timing_s/agent_loop/slowest/compute_score:np.float64(0.01142667606472969) - timing_s/agent_loop/slowest/num_preempted:np.int64(-1) - timing_s/agent_loop/slowest/prompt_length:74 - timing_s/agent_loop/slowest/response_length:1024 - timing_s/gen:18.67357937246561 - timing_s/reward:2.0895153284072876e-05 - timing_s/old_log_prob:45.08075612410903 - timing_s/ref:64.21380257606506 - timing_s/adv:0.018427468836307526 - timing_s/update_actor:188.7516943141818 - timing_s/update_weights:4.570832762867212 - timing_s/step:321.47305212542415 - timing_s/stop_profile:0.00018493831157684326 - timing_per_token_ms/gen:0.1110042524994389 - timing_per_token_ms/update_actor:0.9010487603312097 - timing_per_token_ms/ref:0.30653906137132453 - timing_per_token_ms/adv:8.796767632378999e-05 - perf/total_num_tokens:209480 - perf/time_per_step:321.47305212542415 - perf/throughput:162.90634519364818
[36m(TaskRunner pid=2033431)[0m step:162 - global_seqlen/min:53708 - global_seqlen/max:62534 - global_seqlen/minmax_diff:8826 - global_seqlen/balanced_min:56652 - global_seqlen/balanced_max:56656 - global_seqlen/mean:56653.75 - actor/entropy:0.09104417264461517 - perf/mfu/actor_infer:0.03158193664301841 - actor/pg_clipfrac:np.float64(0.00026651154439605307) - actor/ppo_kl:np.float64(-8.890645901260541e-06) - actor/pg_clipfrac_lower:np.float64(0.0) - actor/pg_loss:np.float64(0.009411607461515814) - actor/kl_loss:np.float64(0.15470880625071004) - actor/kl_coef:np.float64(0.0010000000000000005) - actor/loss:np.float64(0.00956631638109684) - actor/grad_norm:np.float64(0.2810356914997101) - actor/perf/max_memory_allocated_gb:np.float64(20.273035049438477) - actor/perf/max_memory_reserved_gb:np.float64(34.158203125) - actor/perf/cpu_memory_used_gb:np.float64(107.3844985961914) - actor/lr:np.float64(1e-06) - perf/mfu/actor:np.float64(0.02243560544954607) - training/global_step:162 - training/epoch:1 - critic/score/mean:0.94921875 - critic/score/max:1.0 - critic/score/min:0.0 - critic/rewards/mean:0.94921875 - critic/rewards/max:1.0 - critic/rewards/min:0.0 - critic/advantages/mean:-0.009657267481088638 - critic/advantages/max:0.935412585735321 - critic/advantages/min:-2.4748666286468506 - critic/returns/mean:-0.009657267481088638 - critic/returns/max:0.935412585735321 - critic/returns/min:-2.4748666286468506 - response_length/mean:359.951171875 - response_length/max:1024.0 - response_length/min:96.0 - response_length/clip_ratio:0.0078125 - response_length_non_aborted/mean:359.951171875 - response_length_non_aborted/max:1024.0 - response_length_non_aborted/min:96.0 - response_length_non_aborted/clip_ratio:0.0078125 - response/aborted_ratio:0.0 - prompt_length/mean:82.65625 - prompt_length/max:159.0 - prompt_length/min:55.0 - prompt_length/clip_ratio:0.0 - num_turns/min:np.int32(2) - num_turns/max:np.int32(2) - num_turns/mean:np.float64(2.0) - timing_s/start_profile:8.879229426383972e-05 - timing_s/agent_loop/num_preempted/min:np.int64(-1) - timing_s/agent_loop/num_preempted/max:np.int64(-1) - timing_s/agent_loop/num_preempted/mean:np.float64(-1.0) - timing_s/agent_loop/generate_sequences/min:np.float64(2.396899800747633) - timing_s/agent_loop/generate_sequences/max:np.float64(18.931328240782022) - timing_s/agent_loop/generate_sequences/mean:np.float64(8.433961303904653) - timing_s/agent_loop/tool_calls/min:np.float64(0.0) - timing_s/agent_loop/tool_calls/max:np.float64(0.0) - timing_s/agent_loop/tool_calls/mean:np.float64(0.0) - timing_s/agent_loop/compute_score/min:np.float64(0.005883924663066864) - timing_s/agent_loop/compute_score/max:np.float64(0.02489762008190155) - timing_s/agent_loop/compute_score/mean:np.float64(0.010255551380396355) - timing_s/agent_loop/slowest/generate_sequences:np.float64(18.931328240782022) - timing_s/agent_loop/slowest/tool_calls:np.float64(0.0) - timing_s/agent_loop/slowest/compute_score:np.float64(0.016086742281913757) - timing_s/agent_loop/slowest/num_preempted:np.int64(-1) - timing_s/agent_loop/slowest/prompt_length:77 - timing_s/agent_loop/slowest/response_length:1024 - timing_s/gen:20.009850695729256 - timing_s/reward:2.1595507860183716e-05 - timing_s/old_log_prob:44.98179617896676 - timing_s/ref:63.86622337624431 - timing_s/adv:0.017561722546815872 - timing_s/update_actor:188.78086559846997 - timing_s/update_weights:4.55544800311327 - timing_s/step:322.3445474617183 - timing_s/stop_profile:0.00013129040598869324 - timing_per_token_ms/gen:0.10857511433152964 - timing_per_token_ms/update_actor:0.8330466456257086 - timing_per_token_ms/ref:0.2818269901650125 - timing_per_token_ms/adv:7.749585220226319e-05 - perf/total_num_tokens:226615 - perf/time_per_step:322.3445474617183 - perf/throughput:175.75526077954896
[36m(TaskRunner pid=2033431)[0m step:163 - global_seqlen/min:52902 - global_seqlen/max:59911 - global_seqlen/minmax_diff:7009 - global_seqlen/balanced_min:57152 - global_seqlen/balanced_max:57154 - global_seqlen/mean:57153.0 - actor/entropy:0.09307245165109634 - perf/mfu/actor_infer:0.031862633648342076 - actor/pg_clipfrac:np.float64(0.00032325888560080784) - actor/ppo_kl:np.float64(0.00011621626900293336) - actor/pg_clipfrac_lower:np.float64(2.8533602289826376e-06) - actor/pg_loss:np.float64(0.008150167588610202) - actor/kl_loss:np.float64(0.15848516204277985) - actor/kl_coef:np.float64(0.0010000000000000005) - actor/loss:np.float64(0.008308653952553868) - actor/grad_norm:np.float64(0.3079812377691269) - actor/perf/max_memory_allocated_gb:np.float64(20.273035049438477) - actor/perf/max_memory_reserved_gb:np.float64(34.158203125) - actor/perf/cpu_memory_used_gb:np.float64(107.33605003356934) - actor/lr:np.float64(1e-06) - perf/mfu/actor:np.float64(0.02252415400634296) - training/global_step:163 - training/epoch:1 - critic/score/mean:0.927734375 - critic/score/max:1.0 - critic/score/min:0.0 - critic/rewards/mean:0.927734375 - critic/rewards/max:1.0 - critic/rewards/min:0.0 - critic/advantages/mean:-0.008025694638490677 - critic/advantages/max:2.4748666286468506 - critic/advantages/min:-2.4748666286468506 - critic/returns/mean:-0.008025694638490677 - critic/returns/max:2.4748666286468506 - critic/returns/min:-2.4748666286468506 - response_length/mean:360.0859375 - response_length/max:1024.0 - response_length/min:117.0 - response_length/clip_ratio:0.00390625 - response_length_non_aborted/mean:360.0859375 - response_length_non_aborted/max:1024.0 - response_length_non_aborted/min:117.0 - response_length_non_aborted/clip_ratio:0.00390625 - response/aborted_ratio:0.0 - prompt_length/mean:86.421875 - prompt_length/max:159.0 - prompt_length/min:49.0 - prompt_length/clip_ratio:0.0 - num_turns/min:np.int32(2) - num_turns/max:np.int32(2) - num_turns/mean:np.float64(2.0) - timing_s/start_profile:7.372349500656128e-05 - timing_s/agent_loop/num_preempted/min:np.int64(-1) - timing_s/agent_loop/num_preempted/max:np.int64(-1) - timing_s/agent_loop/num_preempted/mean:np.float64(-1.0) - timing_s/agent_loop/generate_sequences/min:np.float64(2.9416643232107162) - timing_s/agent_loop/generate_sequences/max:np.float64(18.53249244019389) - timing_s/agent_loop/generate_sequences/mean:np.float64(8.481073711147474) - timing_s/agent_loop/tool_calls/min:np.float64(0.0) - timing_s/agent_loop/tool_calls/max:np.float64(0.0) - timing_s/agent_loop/tool_calls/mean:np.float64(0.0) - timing_s/agent_loop/compute_score/min:np.float64(0.007054824382066727) - timing_s/agent_loop/compute_score/max:np.float64(0.025355786085128784) - timing_s/agent_loop/compute_score/mean:np.float64(0.01063065831840504) - timing_s/agent_loop/slowest/generate_sequences:np.float64(18.53249244019389) - timing_s/agent_loop/slowest/tool_calls:np.float64(0.0) - timing_s/agent_loop/slowest/compute_score:np.float64(0.012965191155672073) - timing_s/agent_loop/slowest/num_preempted:np.int64(-1) - timing_s/agent_loop/slowest/prompt_length:90 - timing_s/agent_loop/slowest/response_length:1024 - timing_s/gen:19.51317609846592 - timing_s/reward:2.2668391466140747e-05 - timing_s/old_log_prob:45.045630395412445 - timing_s/ref:63.99099890515208 - timing_s/adv:0.016968082636594772 - timing_s/update_actor:189.70528434589505 - timing_s/update_weights:4.547608315944672 - timing_s/step:322.97101586684585 - timing_s/stop_profile:0.00014881044626235962 - timing_per_token_ms/gen:0.10584049000057451 - timing_per_token_ms/update_actor:0.8298133271477222 - timing_per_token_ms/ref:0.279910936018897 - timing_per_token_ms/adv:7.422218709689243e-05 - perf/total_num_tokens:228612 - perf/time_per_step:322.97101586684585 - perf/throughput:176.96015181610903
[36m(TaskRunner pid=2033431)[0m step:164 - global_seqlen/min:50096 - global_seqlen/max:55541 - global_seqlen/minmax_diff:5445 - global_seqlen/balanced_min:53725 - global_seqlen/balanced_max:53727 - global_seqlen/mean:53726.25 - actor/entropy:0.0891953706741333 - perf/mfu/actor_infer:0.030069537284700968 - actor/pg_clipfrac:np.float64(0.00013589415812020889) - actor/ppo_kl:np.float64(7.950155618630106e-05) - actor/pg_clipfrac_lower:np.float64(0.0) - actor/pg_loss:np.float64(9.071000386029482e-05) - actor/kl_loss:np.float64(0.1570801151683554) - actor/kl_coef:np.float64(0.0010000000000000005) - actor/loss:np.float64(0.0002477876842021942) - actor/grad_norm:np.float64(0.2660137265920639) - actor/perf/max_memory_allocated_gb:np.float64(20.273035049438477) - actor/perf/max_memory_reserved_gb:np.float64(34.158203125) - actor/perf/cpu_memory_used_gb:np.float64(107.26228904724121) - actor/lr:np.float64(1e-06) - perf/mfu/actor:np.float64(0.021187527931532155) - training/global_step:164 - training/epoch:1 - critic/score/mean:0.97265625 - critic/score/max:1.0 - critic/score/min:0.0 - critic/rewards/mean:0.97265625 - critic/rewards/max:1.0 - critic/rewards/min:0.0 - critic/advantages/mean:-0.0005173588870093226 - critic/advantages/max:1.6201815605163574 - critic/advantages/min:-1.20761239528656 - critic/returns/mean:-0.0005173588870093226 - critic/returns/max:1.6201815605163574 - critic/returns/min:-1.20761239528656 - response_length/mean:340.345703125 - response_length/max:1024.0 - response_length/min:146.0 - response_length/clip_ratio:0.0078125 - response_length_non_aborted/mean:340.345703125 - response_length_non_aborted/max:1024.0 - response_length_non_aborted/min:146.0 - response_length_non_aborted/clip_ratio:0.0078125 - response/aborted_ratio:0.0 - prompt_length/mean:79.390625 - prompt_length/max:143.0 - prompt_length/min:47.0 - prompt_length/clip_ratio:0.0 - num_turns/min:np.int32(2) - num_turns/max:np.int32(2) - num_turns/mean:np.float64(2.0) - timing_s/start_profile:7.630884647369385e-05 - timing_s/agent_loop/num_preempted/min:np.int64(-1) - timing_s/agent_loop/num_preempted/max:np.int64(-1) - timing_s/agent_loop/num_preempted/mean:np.float64(-1.0) - timing_s/agent_loop/generate_sequences/min:np.float64(3.6257662437856197) - timing_s/agent_loop/generate_sequences/max:np.float64(18.588551063090563) - timing_s/agent_loop/generate_sequences/mean:np.float64(8.005101308990561) - timing_s/agent_loop/tool_calls/min:np.float64(0.0) - timing_s/agent_loop/tool_calls/max:np.float64(0.0) - timing_s/agent_loop/tool_calls/mean:np.float64(0.0) - timing_s/agent_loop/compute_score/min:np.float64(0.006613485515117645) - timing_s/agent_loop/compute_score/max:np.float64(0.03118247166275978) - timing_s/agent_loop/compute_score/mean:np.float64(0.010640039537975099) - timing_s/agent_loop/slowest/generate_sequences:np.float64(18.588551063090563) - timing_s/agent_loop/slowest/tool_calls:np.float64(0.0) - timing_s/agent_loop/slowest/compute_score:np.float64(0.00980309396982193) - timing_s/agent_loop/slowest/num_preempted:np.int64(-1) - timing_s/agent_loop/slowest/prompt_length:86 - timing_s/agent_loop/slowest/response_length:1024 - timing_s/gen:19.613400168716908 - timing_s/reward:2.6561319828033447e-05 - timing_s/old_log_prob:44.81623148918152 - timing_s/ref:63.94570613652468 - timing_s/adv:0.017494037747383118 - timing_s/update_actor:189.43656887486577 - timing_s/update_weights:4.514701642096043 - timing_s/step:322.49326423183084 - timing_s/stop_profile:0.00013452023267745972 - timing_per_token_ms/gen:0.11255444641372747 - timing_per_token_ms/update_actor:0.8814898158482388 - timing_per_token_ms/ref:0.2975533660758227 - timing_per_token_ms/adv:8.140358645626261e-05 - perf/total_num_tokens:214905 - perf/time_per_step:322.49326423183084 - perf/throughput:166.59650280750606
[36m(TaskRunner pid=2033431)[0m step:165 - global_seqlen/min:48925 - global_seqlen/max:60931 - global_seqlen/minmax_diff:12006 - global_seqlen/balanced_min:53108 - global_seqlen/balanced_max:53112 - global_seqlen/mean:53110.0 - actor/entropy:0.09211073070764542 - perf/mfu/actor_infer:0.02972029152699125 - actor/pg_clipfrac:np.float64(0.00040494423046766315) - actor/ppo_kl:np.float64(1.631832604331862e-05) - actor/pg_clipfrac_lower:np.float64(0.0) - actor/pg_loss:np.float64(0.01581647145212628) - actor/kl_loss:np.float64(0.163700280507328) - actor/kl_coef:np.float64(0.0010000000000000005) - actor/loss:np.float64(0.015980168245732784) - actor/grad_norm:np.float64(0.3622857630252838) - actor/perf/max_memory_allocated_gb:np.float64(20.273035049438477) - actor/perf/max_memory_reserved_gb:np.float64(34.158203125) - actor/perf/cpu_memory_used_gb:np.float64(107.70452308654785) - actor/lr:np.float64(1e-06) - perf/mfu/actor:np.float64(0.020974483279093004) - training/global_step:165 - training/epoch:1 - critic/score/mean:0.939453125 - critic/score/max:1.0 - critic/score/min:0.0 - critic/rewards/mean:0.939453125 - critic/rewards/max:1.0 - critic/rewards/min:0.0 - critic/advantages/mean:-0.015899445861577988 - critic/advantages/max:2.4748666286468506 - critic/advantages/min:-2.4748666286468506 - critic/returns/mean:-0.015899445861577988 - critic/returns/max:2.4748666286468506 - critic/returns/min:-2.4748666286468506 - response_length/mean:337.296875 - response_length/max:1024.0 - response_length/min:123.0 - response_length/clip_ratio:0.015625 - response_length_non_aborted/mean:337.296875 - response_length_non_aborted/max:1024.0 - response_length_non_aborted/min:123.0 - response_length_non_aborted/clip_ratio:0.015625 - response/aborted_ratio:0.0 - prompt_length/mean:77.625 - prompt_length/max:161.0 - prompt_length/min:47.0 - prompt_length/clip_ratio:0.0 - num_turns/min:np.int32(2) - num_turns/max:np.int32(2) - num_turns/mean:np.float64(2.0) - timing_s/start_profile:0.0001517757773399353 - timing_s/agent_loop/num_preempted/min:np.int64(-1) - timing_s/agent_loop/num_preempted/max:np.int64(-1) - timing_s/agent_loop/num_preempted/mean:np.float64(-1.0) - timing_s/agent_loop/generate_sequences/min:np.float64(3.052853509783745) - timing_s/agent_loop/generate_sequences/max:np.float64(18.377075780183077) - timing_s/agent_loop/generate_sequences/mean:np.float64(7.819858630064118) - timing_s/agent_loop/tool_calls/min:np.float64(0.0) - timing_s/agent_loop/tool_calls/max:np.float64(0.0) - timing_s/agent_loop/tool_calls/mean:np.float64(0.0) - timing_s/agent_loop/compute_score/min:np.float64(0.005596477538347244) - timing_s/agent_loop/compute_score/max:np.float64(0.020794909447431564) - timing_s/agent_loop/compute_score/mean:np.float64(0.010596232161333319) - timing_s/agent_loop/slowest/generate_sequences:np.float64(18.377075780183077) - timing_s/agent_loop/slowest/tool_calls:np.float64(0.0) - timing_s/agent_loop/slowest/compute_score:np.float64(0.00839584693312645) - timing_s/agent_loop/slowest/num_preempted:np.int64(-1) - timing_s/agent_loop/slowest/prompt_length:76 - timing_s/agent_loop/slowest/response_length:1024 - timing_s/gen:19.39835685864091 - timing_s/reward:2.6110559701919556e-05 - timing_s/old_log_prob:44.76340479403734 - timing_s/ref:63.81288356333971 - timing_s/adv:0.01690971478819847 - timing_s/update_actor:188.74643612653017 - timing_s/update_weights:4.577276796102524 - timing_s/step:321.4672416895628 - timing_s/stop_profile:8.50781798362732e-05 - timing_per_token_ms/gen:0.11232661357901115 - timing_per_token_ms/update_actor:0.8884693848923468 - timing_per_token_ms/ref:0.30038073603530274 - timing_per_token_ms/adv:7.959760303237842e-05 - perf/total_num_tokens:212440 - perf/time_per_step:321.4672416895628 - perf/throughput:165.21123496398963
[36m(TaskRunner pid=2033431)[0m step:166 - global_seqlen/min:48535 - global_seqlen/max:58190 - global_seqlen/minmax_diff:9655 - global_seqlen/balanced_min:54636 - global_seqlen/balanced_max:54638 - global_seqlen/mean:54637.0 - actor/entropy:0.08897396922111511 - perf/mfu/actor_infer:0.030465384424733986 - actor/pg_clipfrac:np.float64(0.00015234546890496858) - actor/ppo_kl:np.float64(8.478812803502933e-05) - actor/pg_clipfrac_lower:np.float64(2.233419081676402e-06) - actor/pg_loss:np.float64(0.006544258911162615) - actor/kl_loss:np.float64(0.14633824632619508) - actor/kl_coef:np.float64(0.0010000000000000005) - actor/loss:np.float64(0.006690597161650658) - actor/grad_norm:np.float64(0.2663646414875984) - actor/perf/max_memory_allocated_gb:np.float64(20.273035049438477) - actor/perf/max_memory_reserved_gb:np.float64(34.158203125) - actor/perf/cpu_memory_used_gb:np.float64(110.43633460998535) - actor/lr:np.float64(1e-06) - perf/mfu/actor:np.float64(0.021582699441325327) - training/global_step:166 - training/epoch:1 - critic/score/mean:0.935546875 - critic/score/max:1.0 - critic/score/min:0.0 - critic/rewards/mean:0.935546875 - critic/rewards/max:1.0 - critic/rewards/min:0.0 - critic/advantages/mean:-0.006876166444271803 - critic/advantages/max:1.6201815605163574 - critic/advantages/min:-2.4748666286468506 - critic/returns/mean:-0.006876166444271803 - critic/returns/max:1.6201815605163574 - critic/returns/min:-2.4748666286468506 - response_length/mean:348.1796875 - response_length/max:1024.0 - response_length/min:141.0 - response_length/clip_ratio:0.005859375 - response_length_non_aborted/mean:348.1796875 - response_length_non_aborted/max:1024.0 - response_length_non_aborted/min:141.0 - response_length_non_aborted/clip_ratio:0.005859375 - response/aborted_ratio:0.0 - prompt_length/mean:78.671875 - prompt_length/max:162.0 - prompt_length/min:48.0 - prompt_length/clip_ratio:0.0 - num_turns/min:np.int32(2) - num_turns/max:np.int32(2) - num_turns/mean:np.float64(2.0) - timing_s/start_profile:8.098408579826355e-05 - timing_s/agent_loop/num_preempted/min:np.int64(-1) - timing_s/agent_loop/num_preempted/max:np.int64(-1) - timing_s/agent_loop/num_preempted/mean:np.float64(-1.0) - timing_s/agent_loop/generate_sequences/min:np.float64(3.4982109628617764) - timing_s/agent_loop/generate_sequences/max:np.float64(18.43222665414214) - timing_s/agent_loop/generate_sequences/mean:np.float64(8.199698688324133) - timing_s/agent_loop/tool_calls/min:np.float64(0.0) - timing_s/agent_loop/tool_calls/max:np.float64(0.0) - timing_s/agent_loop/tool_calls/mean:np.float64(0.0) - timing_s/agent_loop/compute_score/min:np.float64(0.007415942847728729) - timing_s/agent_loop/compute_score/max:np.float64(0.02171698957681656) - timing_s/agent_loop/compute_score/mean:np.float64(0.010488815620192327) - timing_s/agent_loop/slowest/generate_sequences:np.float64(18.43222665414214) - timing_s/agent_loop/slowest/tool_calls:np.float64(0.0) - timing_s/agent_loop/slowest/compute_score:np.float64(0.011507723480463028) - timing_s/agent_loop/slowest/num_preempted:np.int64(-1) - timing_s/agent_loop/slowest/prompt_length:104 - timing_s/agent_loop/slowest/response_length:1024 - timing_s/gen:19.468202985823154 - timing_s/reward:2.3156404495239258e-05 - timing_s/old_log_prob:45.352472338825464 - timing_s/ref:63.83256662636995 - timing_s/adv:0.017369192093610764 - timing_s/update_actor:188.77007350698113 - timing_s/update_weights:4.915089637041092 - timing_s/step:322.5112607181072 - timing_s/stop_profile:0.00017433613538742065 - timing_per_token_ms/gen:0.1092075021081919 - timing_per_token_ms/update_actor:0.8637465156715282 - timing_per_token_ms/ref:0.2920757299374506 - timing_per_token_ms/adv:7.947541086448178e-05 - perf/total_num_tokens:218548 - perf/time_per_step:322.5112607181072 - perf/throughput:169.41113894238805
[36m(TaskRunner pid=2033431)[0m step:167 - global_seqlen/min:52997 - global_seqlen/max:58337 - global_seqlen/minmax_diff:5340 - global_seqlen/balanced_min:55906 - global_seqlen/balanced_max:55911 - global_seqlen/mean:55909.25 - actor/entropy:0.08104346692562103 - perf/mfu/actor_infer:0.030949063316709793 - actor/pg_clipfrac:np.float64(0.0001129280562963686) - actor/ppo_kl:np.float64(4.3478178003653056e-05) - actor/pg_clipfrac_lower:np.float64(2.4277501324831974e-06) - actor/pg_loss:np.float64(0.0050469725974835455) - actor/kl_loss:np.float64(0.1458664614474401) - actor/kl_coef:np.float64(0.0010000000000000005) - actor/loss:np.float64(0.005192838609218597) - actor/grad_norm:np.float64(0.23611591011285782) - actor/perf/max_memory_allocated_gb:np.float64(20.273035049438477) - actor/perf/max_memory_reserved_gb:np.float64(34.158203125) - actor/perf/cpu_memory_used_gb:np.float64(113.51483345031738) - actor/lr:np.float64(1e-06) - perf/mfu/actor:np.float64(0.021934562679288783) - training/global_step:167 - training/epoch:1 - critic/score/mean:0.978515625 - critic/score/max:1.0 - critic/score/min:0.0 - critic/rewards/mean:0.978515625 - critic/rewards/max:1.0 - critic/rewards/min:0.0 - critic/advantages/mean:-0.005568997003138065 - critic/advantages/max:1.6201815605163574 - critic/advantages/min:-2.4748666286468506 - critic/returns/mean:-0.005568997003138065 - critic/returns/max:1.6201815605163574 - critic/returns/min:-2.4748666286468506 - response_length/mean:353.041015625 - response_length/max:1012.0 - response_length/min:119.0 - response_length/clip_ratio:0.0 - response_length_non_aborted/mean:353.041015625 - response_length_non_aborted/max:1012.0 - response_length_non_aborted/min:119.0 - response_length_non_aborted/clip_ratio:0.0 - response/aborted_ratio:0.0 - prompt_length/mean:83.75 - prompt_length/max:149.0 - prompt_length/min:46.0 - prompt_length/clip_ratio:0.0 - num_turns/min:np.int32(2) - num_turns/max:np.int32(2) - num_turns/mean:np.float64(2.0) - timing_s/start_profile:8.597597479820251e-05 - timing_s/agent_loop/num_preempted/min:np.int64(-1) - timing_s/agent_loop/num_preempted/max:np.int64(-1) - timing_s/agent_loop/num_preempted/mean:np.float64(-1.0) - timing_s/agent_loop/generate_sequences/min:np.float64(2.9488822035491467) - timing_s/agent_loop/generate_sequences/max:np.float64(18.52216162905097) - timing_s/agent_loop/generate_sequences/mean:np.float64(8.472321376335458) - timing_s/agent_loop/tool_calls/min:np.float64(0.0) - timing_s/agent_loop/tool_calls/max:np.float64(0.0) - timing_s/agent_loop/tool_calls/mean:np.float64(0.0) - timing_s/agent_loop/compute_score/min:np.float64(0.007491592317819595) - timing_s/agent_loop/compute_score/max:np.float64(0.025380060076713562) - timing_s/agent_loop/compute_score/mean:np.float64(0.010949024275760166) - timing_s/agent_loop/slowest/generate_sequences:np.float64(18.52216162905097) - timing_s/agent_loop/slowest/tool_calls:np.float64(0.0) - timing_s/agent_loop/slowest/compute_score:np.float64(0.010377645492553711) - timing_s/agent_loop/slowest/num_preempted:np.int64(-1) - timing_s/agent_loop/slowest/prompt_length:111 - timing_s/agent_loop/slowest/response_length:1012 - timing_s/gen:19.507497664541006 - timing_s/reward:3.866851329803467e-05 - timing_s/old_log_prob:45.71271372959018 - timing_s/ref:64.00627088546753 - timing_s/adv:0.01792670413851738 - timing_s/update_actor:190.0594582296908 - timing_s/update_weights:4.59692682698369 - timing_s/step:324.0526277832687 - timing_s/stop_profile:0.00014082714915275574 - timing_per_token_ms/gen:0.10792111876464539 - timing_per_token_ms/update_actor:0.8498569477755953 - timing_per_token_ms/ref:0.28620608792582414 - timing_per_token_ms/adv:8.015983105889178e-05 - perf/total_num_tokens:223637 - perf/time_per_step:324.0526277832687 - perf/throughput:172.53138906002934
[36m(TaskRunner pid=2033431)[0m step:168 - global_seqlen/min:47486 - global_seqlen/max:63312 - global_seqlen/minmax_diff:15826 - global_seqlen/balanced_min:53976 - global_seqlen/balanced_max:53981 - global_seqlen/mean:53979.0 - actor/entropy:0.091701939702034 - perf/mfu/actor_infer:0.030120091755100636 - actor/pg_clipfrac:np.float64(0.00014890503598508076) - actor/ppo_kl:np.float64(9.28880557893308e-06) - actor/pg_clipfrac_lower:np.float64(0.0) - actor/pg_loss:np.float64(0.010479586897417903) - actor/kl_loss:np.float64(0.15292209573090076) - actor/kl_coef:np.float64(0.0010000000000000005) - actor/loss:np.float64(0.01063250983133912) - actor/grad_norm:np.float64(0.23814237117767334) - actor/perf/max_memory_allocated_gb:np.float64(20.273035049438477) - actor/perf/max_memory_reserved_gb:np.float64(34.158203125) - actor/perf/cpu_memory_used_gb:np.float64(113.12220001220703) - actor/lr:np.float64(1e-06) - perf/mfu/actor:np.float64(0.02118029413560306) - training/global_step:168 - training/epoch:1 - critic/score/mean:0.958984375 - critic/score/max:1.0 - critic/score/min:0.0 - critic/rewards/mean:0.958984375 - critic/rewards/max:1.0 - critic/rewards/min:0.0 - critic/advantages/mean:-0.010618113912642002 - critic/advantages/max:2.4748666286468506 - critic/advantages/min:-2.4748666286468506 - critic/returns/mean:-0.010618113912642002 - critic/returns/max:2.4748666286468506 - critic/returns/min:-2.4748666286468506 - response_length/mean:340.5078125 - response_length/max:1024.0 - response_length/min:141.0 - response_length/clip_ratio:0.01171875 - response_length_non_aborted/mean:340.5078125 - response_length_non_aborted/max:1024.0 - response_length_non_aborted/min:141.0 - response_length_non_aborted/clip_ratio:0.01171875 - response/aborted_ratio:0.0 - prompt_length/mean:81.203125 - prompt_length/max:169.0 - prompt_length/min:51.0 - prompt_length/clip_ratio:0.0 - num_turns/min:np.int32(2) - num_turns/max:np.int32(2) - num_turns/mean:np.float64(2.0) - timing_s/start_profile:0.0001553371548652649 - timing_s/agent_loop/num_preempted/min:np.int64(-1) - timing_s/agent_loop/num_preempted/max:np.int64(-1) - timing_s/agent_loop/num_preempted/mean:np.float64(-1.0) - timing_s/agent_loop/generate_sequences/min:np.float64(3.5285890698432922) - timing_s/agent_loop/generate_sequences/max:np.float64(18.69151321053505) - timing_s/agent_loop/generate_sequences/mean:np.float64(8.109106038886239) - timing_s/agent_loop/tool_calls/min:np.float64(0.0) - timing_s/agent_loop/tool_calls/max:np.float64(0.0) - timing_s/agent_loop/tool_calls/mean:np.float64(0.0) - timing_s/agent_loop/compute_score/min:np.float64(0.00602760910987854) - timing_s/agent_loop/compute_score/max:np.float64(0.0263705812394619) - timing_s/agent_loop/compute_score/mean:np.float64(0.010417493554996327) - timing_s/agent_loop/slowest/generate_sequences:np.float64(18.69151321053505) - timing_s/agent_loop/slowest/tool_calls:np.float64(0.0) - timing_s/agent_loop/slowest/compute_score:np.float64(0.010468177497386932) - timing_s/agent_loop/slowest/num_preempted:np.int64(-1) - timing_s/agent_loop/slowest/prompt_length:169 - timing_s/agent_loop/slowest/response_length:1024 - timing_s/gen:19.772657360881567 - timing_s/reward:3.0413269996643066e-05 - timing_s/old_log_prob:45.33428651839495 - timing_s/ref:64.41781802102923 - timing_s/adv:0.017765101045370102 - timing_s/update_actor:189.9924087971449 - timing_s/update_weights:4.599352989345789 - timing_s/step:324.29063492640853 - timing_s/stop_profile:0.00016205757856369019 - timing_per_token_ms/gen:0.11341434760170682 - timing_per_token_ms/update_actor:0.8799366827708224 - timing_per_token_ms/ref:0.29834666268840304 - timing_per_token_ms/adv:8.22778351088854e-05 - perf/total_num_tokens:215916 - perf/time_per_step:324.29063492640853 - perf/throughput:166.45254036475487
[36m(TaskRunner pid=2033431)[0m step:169 - global_seqlen/min:47783 - global_seqlen/max:59221 - global_seqlen/minmax_diff:11438 - global_seqlen/balanced_min:54818 - global_seqlen/balanced_max:54829 - global_seqlen/mean:54822.0 - actor/entropy:0.09222523868083954 - perf/mfu/actor_infer:0.029958339928311956 - actor/pg_clipfrac:np.float64(0.00010227285656583263) - actor/ppo_kl:np.float64(1.8693028373206744e-05) - actor/pg_clipfrac_lower:np.float64(0.0) - actor/pg_loss:np.float64(0.011800366861280054) - actor/kl_loss:np.float64(0.15159562992630526) - actor/kl_coef:np.float64(0.0010000000000000005) - actor/loss:np.float64(0.011951962485909462) - actor/grad_norm:np.float64(0.2851870283484459) - actor/perf/max_memory_allocated_gb:np.float64(20.273035049438477) - actor/perf/max_memory_reserved_gb:np.float64(34.158203125) - actor/perf/cpu_memory_used_gb:np.float64(111.54973983764648) - actor/lr:np.float64(1e-06) - perf/mfu/actor:np.float64(0.02160414889119998) - training/global_step:169 - training/epoch:1 - critic/score/mean:0.953125 - critic/score/max:1.0 - critic/score/min:0.0 - critic/rewards/mean:0.953125 - critic/rewards/max:1.0 - critic/rewards/min:0.0 - critic/advantages/mean:-0.01192054059356451 - critic/advantages/max:1.6201815605163574 - critic/advantages/min:-2.4748666286468506 - critic/returns/mean:-0.01192054059356451 - critic/returns/max:1.6201815605163574 - critic/returns/min:-2.4748666286468506 - response_length/mean:345.3125 - response_length/max:1024.0 - response_length/min:130.0 - response_length/clip_ratio:0.01953125 - response_length_non_aborted/mean:345.3125 - response_length_non_aborted/max:1024.0 - response_length_non_aborted/min:130.0 - response_length_non_aborted/clip_ratio:0.01953125 - response/aborted_ratio:0.0 - prompt_length/mean:82.984375 - prompt_length/max:154.0 - prompt_length/min:49.0 - prompt_length/clip_ratio:0.0 - num_turns/min:np.int32(2) - num_turns/max:np.int32(2) - num_turns/mean:np.float64(2.0) - timing_s/start_profile:7.498636841773987e-05 - timing_s/agent_loop/num_preempted/min:np.int64(-1) - timing_s/agent_loop/num_preempted/max:np.int64(-1) - timing_s/agent_loop/num_preempted/mean:np.float64(-1.0) - timing_s/agent_loop/generate_sequences/min:np.float64(3.2070154324173927) - timing_s/agent_loop/generate_sequences/max:np.float64(18.782588951289654) - timing_s/agent_loop/generate_sequences/mean:np.float64(8.129813833802473) - timing_s/agent_loop/tool_calls/min:np.float64(0.0) - timing_s/agent_loop/tool_calls/max:np.float64(0.0) - timing_s/agent_loop/tool_calls/mean:np.float64(0.0) - timing_s/agent_loop/compute_score/min:np.float64(0.007293447852134705) - timing_s/agent_loop/compute_score/max:np.float64(0.022307448089122772) - timing_s/agent_loop/compute_score/mean:np.float64(0.010567505327344406) - timing_s/agent_loop/slowest/generate_sequences:np.float64(18.782588951289654) - timing_s/agent_loop/slowest/tool_calls:np.float64(0.0) - timing_s/agent_loop/slowest/compute_score:np.float64(0.009684838354587555) - timing_s/agent_loop/slowest/num_preempted:np.int64(-1) - timing_s/agent_loop/slowest/prompt_length:119 - timing_s/agent_loop/slowest/response_length:1024 - timing_s/gen:19.882959831506014 - timing_s/reward:2.960115671157837e-05 - timing_s/old_log_prob:45.93532506376505 - timing_s/ref:64.63110767677426 - timing_s/adv:0.017974350601434708 - timing_s/update_actor:189.24862521514297 - timing_s/update_weights:4.595940589904785 - timing_s/step:324.4697492532432 - timing_s/stop_profile:9.216740727424622e-05 - timing_per_token_ms/gen:0.11246018004245482 - timing_per_token_ms/update_actor:0.8630140509975145 - timing_per_token_ms/ref:0.29473162086741755 - timing_per_token_ms/adv:8.196686823462618e-05 - perf/total_num_tokens:219288 - perf/time_per_step:324.4697492532432 - perf/throughput:168.95873999400897
[36m(TaskRunner pid=2033431)[0m test_gen_batch meta info: {'eos_token_id': 151645, 'pad_token_id': 151643, 'recompute_log_prob': False, 'do_sample': False, 'validate': True, 'global_steps': 170}
[36m(TaskRunner pid=2033431)[0m validation generation end
[36m(TaskRunner pid=2033431)[0m step:170 - global_seqlen/min:57697 - global_seqlen/max:60808 - global_seqlen/minmax_diff:3111 - global_seqlen/balanced_min:58944 - global_seqlen/balanced_max:58946 - global_seqlen/mean:58945.25 - actor/entropy:0.10311631113290787 - perf/mfu/actor_infer:0.03270663550527541 - actor/pg_clipfrac:np.float64(0.0003308009238480736) - actor/ppo_kl:np.float64(9.724009878198103e-06) - actor/pg_clipfrac_lower:np.float64(0.0) - actor/pg_loss:np.float64(0.019573348632548004) - actor/kl_loss:np.float64(0.1434887502109632) - actor/kl_coef:np.float64(0.0010000000000000005) - actor/loss:np.float64(0.019716839771717787) - actor/grad_norm:np.float64(0.34813132882118225) - actor/perf/max_memory_allocated_gb:np.float64(20.273035049438477) - actor/perf/max_memory_reserved_gb:np.float64(34.158203125) - actor/perf/cpu_memory_used_gb:np.float64(111.49827766418457) - actor/lr:np.float64(1e-06) - perf/mfu/actor:np.float64(0.023143442293559226) - val-aux/openai/gsm8k/reward/mean@1:np.float64(0.9385898407884761) - val-core/openai/gsm8k/acc/mean@1:np.float64(0.9385898407884761) - val-aux/num_turns/min:np.int32(2) - val-aux/num_turns/max:np.int32(2) - val-aux/num_turns/mean:np.float64(2.0) - training/global_step:170 - training/epoch:1 - critic/score/mean:0.93359375 - critic/score/max:1.0 - critic/score/min:0.0 - critic/rewards/mean:0.93359375 - critic/rewards/max:1.0 - critic/rewards/min:0.0 - critic/advantages/mean:-0.019388604909181595 - critic/advantages/max:2.4748666286468506 - critic/advantages/min:-2.4748666286468506 - critic/returns/mean:-0.019388604909181595 - critic/returns/max:2.4748666286468506 - critic/returns/min:-2.4748666286468506 - response_length/mean:379.400390625 - response_length/max:1024.0 - response_length/min:114.0 - response_length/clip_ratio:0.02734375 - response_length_non_aborted/mean:379.400390625 - response_length_non_aborted/max:1024.0 - response_length_non_aborted/min:114.0 - response_length_non_aborted/clip_ratio:0.02734375 - response/aborted_ratio:0.0 - prompt_length/mean:81.109375 - prompt_length/max:149.0 - prompt_length/min:49.0 - prompt_length/clip_ratio:0.0 - num_turns/min:np.int32(2) - num_turns/max:np.int32(2) - num_turns/mean:np.float64(2.0) - timing_s/start_profile:8.073076605796814e-05 - timing_s/agent_loop/num_preempted/min:np.int64(-1) - timing_s/agent_loop/num_preempted/max:np.int64(-1) - timing_s/agent_loop/num_preempted/mean:np.float64(-1.0) - timing_s/agent_loop/generate_sequences/min:np.float64(2.888044238090515) - timing_s/agent_loop/generate_sequences/max:np.float64(19.486146975308657) - timing_s/agent_loop/generate_sequences/mean:np.float64(8.900055154146685) - timing_s/agent_loop/tool_calls/min:np.float64(0.0) - timing_s/agent_loop/tool_calls/max:np.float64(0.0) - timing_s/agent_loop/tool_calls/mean:np.float64(0.0) - timing_s/agent_loop/compute_score/min:np.float64(0.004424594342708588) - timing_s/agent_loop/compute_score/max:np.float64(0.030621692538261414) - timing_s/agent_loop/compute_score/mean:np.float64(0.009653893721406348) - timing_s/agent_loop/slowest/generate_sequences:np.float64(19.486146975308657) - timing_s/agent_loop/slowest/tool_calls:np.float64(0.0) - timing_s/agent_loop/slowest/compute_score:np.float64(0.010418754070997238) - timing_s/agent_loop/slowest/num_preempted:np.int64(-1) - timing_s/agent_loop/slowest/prompt_length:97 - timing_s/agent_loop/slowest/response_length:1024 - timing_s/gen:21.2205950319767 - timing_s/reward:2.812221646308899e-05 - timing_s/old_log_prob:45.318525686860085 - timing_s/ref:64.70490865409374 - timing_s/adv:0.01735815778374672 - timing_s/update_actor:190.3245910666883 - timing_s/update_weights:4.6285286247730255 - timing_s/step:326.3668825812638 - timing_s/testing:29.76260318234563 - timing_s/stop_profile:0.00010970234870910645 - timing_per_token_ms/gen:0.10924204533251326 - timing_per_token_ms/update_actor:0.8072091944078967 - timing_per_token_ms/ref:0.27442800163750997 - timing_per_token_ms/adv:7.361983274202212e-05 - perf/total_num_tokens:235781 - perf/time_per_step:326.3668825812638 - perf/throughput:180.61039016519368
[36m(TaskRunner pid=2033431)[0m step:171 - global_seqlen/min:53540 - global_seqlen/max:58222 - global_seqlen/minmax_diff:4682 - global_seqlen/balanced_min:56133 - global_seqlen/balanced_max:56136 - global_seqlen/mean:56134.25 - actor/entropy:0.09009607136249542 - perf/mfu/actor_infer:0.03134477036333256 - actor/pg_clipfrac:np.float64(4.246692014930886e-05) - actor/ppo_kl:np.float64(-3.5267940077687854e-05) - actor/pg_clipfrac_lower:np.float64(0.0) - actor/pg_loss:np.float64(0.006499778479337692) - actor/kl_loss:np.float64(0.14408434889628552) - actor/kl_coef:np.float64(0.0010000000000000005) - actor/loss:np.float64(0.006643863394856453) - actor/grad_norm:np.float64(0.18656839430332184) - actor/perf/max_memory_allocated_gb:np.float64(20.273035049438477) - actor/perf/max_memory_reserved_gb:np.float64(34.158203125) - actor/perf/cpu_memory_used_gb:np.float64(107.70778274536133) - actor/lr:np.float64(1e-06) - perf/mfu/actor:np.float64(0.02209626913812426) - training/global_step:171 - training/epoch:1 - critic/score/mean:0.92578125 - critic/score/max:1.0 - critic/score/min:0.0 - critic/rewards/mean:0.92578125 - critic/rewards/max:1.0 - critic/rewards/min:0.0 - critic/advantages/mean:-0.006589631550014019 - critic/advantages/max:0.935412585735321 - critic/advantages/min:-1.6201815605163574 - critic/returns/mean:-0.006589631550014019 - critic/returns/max:0.935412585735321 - critic/returns/min:-1.6201815605163574 - response_length/mean:355.673828125 - response_length/max:1024.0 - response_length/min:137.0 - response_length/clip_ratio:0.009765625 - response_length_non_aborted/mean:355.673828125 - response_length_non_aborted/max:1024.0 - response_length_non_aborted/min:137.0 - response_length_non_aborted/clip_ratio:0.009765625 - response/aborted_ratio:0.0 - prompt_length/mean:82.875 - prompt_length/max:152.0 - prompt_length/min:49.0 - prompt_length/clip_ratio:0.0 - num_turns/min:np.int32(2) - num_turns/max:np.int32(2) - num_turns/mean:np.float64(2.0) - timing_s/start_profile:6.872043013572693e-05 - timing_s/agent_loop/num_preempted/min:np.int64(-1) - timing_s/agent_loop/num_preempted/max:np.int64(-1) - timing_s/agent_loop/num_preempted/mean:np.float64(-1.0) - timing_s/agent_loop/generate_sequences/min:np.float64(3.3284847773611546) - timing_s/agent_loop/generate_sequences/max:np.float64(19.026443865150213) - timing_s/agent_loop/generate_sequences/mean:np.float64(8.267225448944373) - timing_s/agent_loop/tool_calls/min:np.float64(0.0) - timing_s/agent_loop/tool_calls/max:np.float64(0.0) - timing_s/agent_loop/tool_calls/mean:np.float64(0.0) - timing_s/agent_loop/compute_score/min:np.float64(0.007719691842794418) - timing_s/agent_loop/compute_score/max:np.float64(0.026724357157945633) - timing_s/agent_loop/compute_score/mean:np.float64(0.010517246679228265) - timing_s/agent_loop/slowest/generate_sequences:np.float64(19.026443865150213) - timing_s/agent_loop/slowest/tool_calls:np.float64(0.0) - timing_s/agent_loop/slowest/compute_score:np.float64(0.010609079152345657) - timing_s/agent_loop/slowest/num_preempted:np.int64(-1) - timing_s/agent_loop/slowest/prompt_length:152 - timing_s/agent_loop/slowest/response_length:1024 - timing_s/gen:20.105750493705273 - timing_s/reward:3.466382622718811e-05 - timing_s/old_log_prob:45.08679687976837 - timing_s/ref:64.49232810735703 - timing_s/adv:0.01716751977801323 - timing_s/update_actor:190.00931338220835 - timing_s/update_weights:4.596845552325249 - timing_s/step:324.47138560935855 - timing_s/stop_profile:0.00011222809553146362 - timing_per_token_ms/gen:0.11040745994731212 - timing_per_token_ms/update_actor:0.8462271847499893 - timing_per_token_ms/ref:0.2872236117315054 - timing_per_token_ms/adv:7.645742028268495e-05 - perf/total_num_tokens:224537 - perf/time_per_step:324.47138560935855 - perf/throughput:173.00215824757444
[36m(TaskRunner pid=2033431)[0m step:172 - global_seqlen/min:50150 - global_seqlen/max:58610 - global_seqlen/minmax_diff:8460 - global_seqlen/balanced_min:54667 - global_seqlen/balanced_max:54669 - global_seqlen/mean:54668.0 - actor/entropy:0.0804460346698761 - perf/mfu/actor_infer:0.030197641989179885 - actor/pg_clipfrac:np.float64(9.06723898879136e-05) - actor/ppo_kl:np.float64(-2.8369883338541513e-05) - actor/pg_clipfrac_lower:np.float64(0.0) - actor/pg_loss:np.float64(-0.0007218564860522747) - actor/kl_loss:np.float64(0.1401673636137275) - actor/kl_coef:np.float64(0.0010000000000000005) - actor/loss:np.float64(-0.0005816910415887833) - actor/grad_norm:np.float64(0.245403453707695) - actor/perf/max_memory_allocated_gb:np.float64(20.273035049438477) - actor/perf/max_memory_reserved_gb:np.float64(34.158203125) - actor/perf/cpu_memory_used_gb:np.float64(111.81686019897461) - actor/lr:np.float64(1e-06) - perf/mfu/actor:np.float64(0.021338182179906254) - training/global_step:172 - training/epoch:1 - critic/score/mean:0.98828125 - critic/score/max:1.0 - critic/score/min:0.0 - critic/rewards/mean:0.98828125 - critic/rewards/max:1.0 - critic/rewards/min:0.0 - critic/advantages/mean:0.0005606693448498845 - critic/advantages/max:0.7245674133300781 - critic/advantages/min:-2.4748666286468506 - critic/returns/mean:0.0005606693448498845 - critic/returns/max:0.7245674133300781 - critic/returns/min:-2.4748666286468506 - response_length/mean:350.0 - response_length/max:1024.0 - response_length/min:146.0 - response_length/clip_ratio:0.005859375 - response_length_non_aborted/mean:350.0 - response_length_non_aborted/max:1024.0 - response_length_non_aborted/min:146.0 - response_length_non_aborted/clip_ratio:0.005859375 - response/aborted_ratio:0.0 - prompt_length/mean:77.09375 - prompt_length/max:124.0 - prompt_length/min:43.0 - prompt_length/clip_ratio:0.0 - num_turns/min:np.int32(2) - num_turns/max:np.int32(2) - num_turns/mean:np.float64(2.0) - timing_s/start_profile:0.00010183826088905334 - timing_s/agent_loop/num_preempted/min:np.int64(-1) - timing_s/agent_loop/num_preempted/max:np.int64(-1) - timing_s/agent_loop/num_preempted/mean:np.float64(-1.0) - timing_s/agent_loop/generate_sequences/min:np.float64(3.5488225519657135) - timing_s/agent_loop/generate_sequences/max:np.float64(18.866837214678526) - timing_s/agent_loop/generate_sequences/mean:np.float64(8.244047109881649) - timing_s/agent_loop/tool_calls/min:np.float64(0.0) - timing_s/agent_loop/tool_calls/max:np.float64(0.0) - timing_s/agent_loop/tool_calls/mean:np.float64(0.0) - timing_s/agent_loop/compute_score/min:np.float64(0.005999233573675156) - timing_s/agent_loop/compute_score/max:np.float64(0.027413051575422287) - timing_s/agent_loop/compute_score/mean:np.float64(0.010655916434188839) - timing_s/agent_loop/slowest/generate_sequences:np.float64(18.866837214678526) - timing_s/agent_loop/slowest/tool_calls:np.float64(0.0) - timing_s/agent_loop/slowest/compute_score:np.float64(0.011378735303878784) - timing_s/agent_loop/slowest/num_preempted:np.int64(-1) - timing_s/agent_loop/slowest/prompt_length:64 - timing_s/agent_loop/slowest/response_length:1024 - timing_s/gen:19.860810931771994 - timing_s/reward:2.8952956199645996e-05 - timing_s/old_log_prob:45.43143315985799 - timing_s/ref:63.908842742443085 - timing_s/adv:0.017192896455526352 - timing_s/update_actor:191.3279902972281 - timing_s/update_weights:4.465883120894432 - timing_s/step:325.1659713871777 - timing_s/stop_profile:0.0001547783613204956 - timing_per_token_ms/gen:0.11083041814604908 - timing_per_token_ms/update_actor:0.8749542250367129 - timing_per_token_ms/ref:0.29225892086066385 - timing_per_token_ms/adv:7.862413320190217e-05 - perf/total_num_tokens:218672 - perf/time_per_step:325.1659713871777 - perf/throughput:168.12337332465327
[36m(TaskRunner pid=2033431)[0m step:173 - global_seqlen/min:56636 - global_seqlen/max:60970 - global_seqlen/minmax_diff:4334 - global_seqlen/balanced_min:58501 - global_seqlen/balanced_max:58504 - global_seqlen/mean:58502.25 - actor/entropy:0.08601656556129456 - perf/mfu/actor_infer:0.03226277794927815 - actor/pg_clipfrac:np.float64(0.00017643384921939287) - actor/ppo_kl:np.float64(1.954461261810536e-05) - actor/pg_clipfrac_lower:np.float64(0.0) - actor/pg_loss:np.float64(0.006333877769066021) - actor/kl_loss:np.float64(0.14774824428604916) - actor/kl_coef:np.float64(0.0010000000000000005) - actor/loss:np.float64(0.006481625139713287) - actor/grad_norm:np.float64(0.2990288585424423) - actor/perf/max_memory_allocated_gb:np.float64(20.273035049438477) - actor/perf/max_memory_reserved_gb:np.float64(34.158203125) - actor/perf/cpu_memory_used_gb:np.float64(111.61673736572266) - actor/lr:np.float64(1e-06) - perf/mfu/actor:np.float64(0.022994695945854078) - training/global_step:173 - training/epoch:1 - critic/score/mean:0.98046875 - critic/score/max:1.0 - critic/score/min:0.0 - critic/rewards/mean:0.98046875 - critic/rewards/max:1.0 - critic/rewards/min:0.0 - critic/advantages/mean:-0.006590740755200386 - critic/advantages/max:0.7245674133300781 - critic/advantages/min:-2.4748666286468506 - critic/returns/mean:-0.006590740755200386 - critic/returns/max:0.7245674133300781 - critic/returns/min:-2.4748666286468506 - response_length/mean:363.673828125 - response_length/max:1024.0 - response_length/min:185.0 - response_length/clip_ratio:0.00390625 - response_length_non_aborted/mean:363.673828125 - response_length_non_aborted/max:1024.0 - response_length_non_aborted/min:185.0 - response_length_non_aborted/clip_ratio:0.00390625 - response/aborted_ratio:0.0 - prompt_length/mean:93.375 - prompt_length/max:180.0 - prompt_length/min:50.0 - prompt_length/clip_ratio:0.0 - num_turns/min:np.int32(2) - num_turns/max:np.int32(2) - num_turns/mean:np.float64(2.0) - timing_s/start_profile:0.00012608617544174194 - timing_s/agent_loop/num_preempted/min:np.int64(-1) - timing_s/agent_loop/num_preempted/max:np.int64(-1) - timing_s/agent_loop/num_preempted/mean:np.float64(-1.0) - timing_s/agent_loop/generate_sequences/min:np.float64(4.73175361379981) - timing_s/agent_loop/generate_sequences/max:np.float64(19.197291187942028) - timing_s/agent_loop/generate_sequences/mean:np.float64(8.927655485873402) - timing_s/agent_loop/tool_calls/min:np.float64(0.0) - timing_s/agent_loop/tool_calls/max:np.float64(0.0) - timing_s/agent_loop/tool_calls/mean:np.float64(0.0) - timing_s/agent_loop/compute_score/min:np.float64(0.006087779998779297) - timing_s/agent_loop/compute_score/max:np.float64(0.020462896674871445) - timing_s/agent_loop/compute_score/mean:np.float64(0.010025656665675342) - timing_s/agent_loop/slowest/generate_sequences:np.float64(19.197291187942028) - timing_s/agent_loop/slowest/tool_calls:np.float64(0.0) - timing_s/agent_loop/slowest/compute_score:np.float64(0.00993538647890091) - timing_s/agent_loop/slowest/num_preempted:np.int64(-1) - timing_s/agent_loop/slowest/prompt_length:68 - timing_s/agent_loop/slowest/response_length:1024 - timing_s/gen:20.249815456569195 - timing_s/reward:2.1383166313171387e-05 - timing_s/old_log_prob:45.51251994073391 - timing_s/ref:63.981115851551294 - timing_s/adv:0.0172482468187809 - timing_s/update_actor:189.7825046442449 - timing_s/update_weights:4.915540374815464 - timing_s/step:324.6062037460506 - timing_s/stop_profile:0.0001369565725326538 - timing_per_token_ms/gen:0.10875245276109792 - timing_per_token_ms/update_actor:0.8110051521276742 - timing_per_token_ms/ref:0.2734130561284023 - timing_per_token_ms/adv:7.370762158199428e-05 - perf/total_num_tokens:234009 - perf/time_per_step:324.6062037460506 - perf/throughput:180.22529860756484
[36m(TaskRunner pid=2033431)[0m step:174 - global_seqlen/min:55166 - global_seqlen/max:59526 - global_seqlen/minmax_diff:4360 - global_seqlen/balanced_min:57306 - global_seqlen/balanced_max:57312 - global_seqlen/mean:57310.0 - actor/entropy:0.08320846408605576 - perf/mfu/actor_infer:0.031768430504580183 - actor/pg_clipfrac:np.float64(0.0003079738762608031) - actor/ppo_kl:np.float64(-8.318374322158206e-05) - actor/pg_clipfrac_lower:np.float64(0.0) - actor/pg_loss:np.float64(0.007884974183980376) - actor/kl_loss:np.float64(0.15174553723772988) - actor/kl_coef:np.float64(0.0010000000000000005) - actor/loss:np.float64(0.00803672056645155) - actor/grad_norm:np.float64(0.31839724630117416) - actor/perf/max_memory_allocated_gb:np.float64(20.273035049438477) - actor/perf/max_memory_reserved_gb:np.float64(34.158203125) - actor/perf/cpu_memory_used_gb:np.float64(109.97100639343262) - actor/lr:np.float64(1e-06) - perf/mfu/actor:np.float64(0.022554209371002255) - training/global_step:174 - training/epoch:1 - critic/score/mean:0.986328125 - critic/score/max:1.0 - critic/score/min:0.0 - critic/rewards/mean:0.986328125 - critic/rewards/max:1.0 - critic/rewards/min:0.0 - critic/advantages/mean:-0.008049804717302322 - critic/advantages/max:0.5400605201721191 - critic/advantages/min:-2.4748666286468506 - critic/returns/mean:-0.008049804717302322 - critic/returns/max:0.5400605201721191 - critic/returns/min:-2.4748666286468506 - response_length/mean:363.078125 - response_length/max:984.0 - response_length/min:151.0 - response_length/clip_ratio:0.0 - response_length_non_aborted/mean:363.078125 - response_length_non_aborted/max:984.0 - response_length_non_aborted/min:151.0 - response_length_non_aborted/clip_ratio:0.0 - response/aborted_ratio:0.0 - prompt_length/mean:84.65625 - prompt_length/max:136.0 - prompt_length/min:43.0 - prompt_length/clip_ratio:0.0 - num_turns/min:np.int32(2) - num_turns/max:np.int32(2) - num_turns/mean:np.float64(2.0) - timing_s/start_profile:7.977336645126343e-05 - timing_s/agent_loop/num_preempted/min:np.int64(-1) - timing_s/agent_loop/num_preempted/max:np.int64(-1) - timing_s/agent_loop/num_preempted/mean:np.float64(-1.0) - timing_s/agent_loop/generate_sequences/min:np.float64(3.674946676939726) - timing_s/agent_loop/generate_sequences/max:np.float64(18.106830913573503) - timing_s/agent_loop/generate_sequences/mean:np.float64(8.694817127361603) - timing_s/agent_loop/tool_calls/min:np.float64(0.0) - timing_s/agent_loop/tool_calls/max:np.float64(0.0) - timing_s/agent_loop/tool_calls/mean:np.float64(0.0) - timing_s/agent_loop/compute_score/min:np.float64(0.006074853241443634) - timing_s/agent_loop/compute_score/max:np.float64(0.03371288254857063) - timing_s/agent_loop/compute_score/mean:np.float64(0.01058800588361919) - timing_s/agent_loop/slowest/generate_sequences:np.float64(18.106830913573503) - timing_s/agent_loop/slowest/tool_calls:np.float64(0.0) - timing_s/agent_loop/slowest/compute_score:np.float64(0.011982817202806473) - timing_s/agent_loop/slowest/num_preempted:np.int64(-1) - timing_s/agent_loop/slowest/prompt_length:122 - timing_s/agent_loop/slowest/response_length:984 - timing_s/gen:19.131703406572342 - timing_s/reward:2.127513289451599e-05 - timing_s/old_log_prob:45.63999295607209 - timing_s/ref:64.263371899724 - timing_s/adv:0.01735299825668335 - timing_s/update_actor:189.5124128833413 - timing_s/update_weights:4.596230357885361 - timing_s/step:323.31386920809746 - timing_s/stop_profile:0.00013924390077590942 - timing_per_token_ms/gen:0.10291616498780147 - timing_per_token_ms/update_actor:0.826698712630175 - timing_per_token_ms/ref:0.28033228014187755 - timing_per_token_ms/adv:7.569795086670454e-05 - perf/total_num_tokens:229240 - perf/time_per_step:323.31386920809746 - perf/throughput:177.2580933208066
[36m(TaskRunner pid=2033431)[0m step:175 - global_seqlen/min:56561 - global_seqlen/max:63077 - global_seqlen/minmax_diff:6516 - global_seqlen/balanced_min:60230 - global_seqlen/balanced_max:60232 - global_seqlen/mean:60231.0 - actor/entropy:0.09858843684196472 - perf/mfu/actor_infer:0.03355916419595457 - actor/pg_clipfrac:np.float64(0.0002411216300970409) - actor/ppo_kl:np.float64(0.00014041190034363993) - actor/pg_clipfrac_lower:np.float64(0.0) - actor/pg_loss:np.float64(0.01788348361151293) - actor/kl_loss:np.float64(0.14605443557957187) - actor/kl_coef:np.float64(0.0010000000000000005) - actor/loss:np.float64(0.01802953565493226) - actor/grad_norm:np.float64(0.2626394182443619) - actor/perf/max_memory_allocated_gb:np.float64(20.273035049438477) - actor/perf/max_memory_reserved_gb:np.float64(34.158203125) - actor/perf/cpu_memory_used_gb:np.float64(107.09715461730957) - actor/lr:np.float64(1e-06) - perf/mfu/actor:np.float64(0.0237820025677477) - training/global_step:175 - training/epoch:1 - critic/score/mean:0.966796875 - critic/score/max:1.0 - critic/score/min:0.0 - critic/rewards/mean:0.966796875 - critic/rewards/max:1.0 - critic/rewards/min:0.0 - critic/advantages/mean:-0.018020829185843468 - critic/advantages/max:0.935412585735321 - critic/advantages/min:-2.4748666286468506 - critic/returns/mean:-0.018020829185843468 - critic/returns/max:0.935412585735321 - critic/returns/min:-2.4748666286468506 - response_length/mean:381.3515625 - response_length/max:1024.0 - response_length/min:178.0 - response_length/clip_ratio:0.025390625 - response_length_non_aborted/mean:381.3515625 - response_length_non_aborted/max:1024.0 - response_length_non_aborted/min:178.0 - response_length_non_aborted/clip_ratio:0.025390625 - response/aborted_ratio:0.0 - prompt_length/mean:89.203125 - prompt_length/max:162.0 - prompt_length/min:54.0 - prompt_length/clip_ratio:0.0 - num_turns/min:np.int32(2) - num_turns/max:np.int32(2) - num_turns/mean:np.float64(2.0) - timing_s/start_profile:7.909908890724182e-05 - timing_s/agent_loop/num_preempted/min:np.int64(-1) - timing_s/agent_loop/num_preempted/max:np.int64(-1) - timing_s/agent_loop/num_preempted/mean:np.float64(-1.0) - timing_s/agent_loop/generate_sequences/min:np.float64(4.400511313229799) - timing_s/agent_loop/generate_sequences/max:np.float64(19.647651873528957) - timing_s/agent_loop/generate_sequences/mean:np.float64(9.255643487187626) - timing_s/agent_loop/tool_calls/min:np.float64(0.0) - timing_s/agent_loop/tool_calls/max:np.float64(0.0) - timing_s/agent_loop/tool_calls/mean:np.float64(0.0) - timing_s/agent_loop/compute_score/min:np.float64(0.007478378713130951) - timing_s/agent_loop/compute_score/max:np.float64(0.024055395275354385) - timing_s/agent_loop/compute_score/mean:np.float64(0.010997320845490322) - timing_s/agent_loop/slowest/generate_sequences:np.float64(19.647651873528957) - timing_s/agent_loop/slowest/tool_calls:np.float64(0.0) - timing_s/agent_loop/slowest/compute_score:np.float64(0.009588245302438736) - timing_s/agent_loop/slowest/num_preempted:np.int64(-1) - timing_s/agent_loop/slowest/prompt_length:123 - timing_s/agent_loop/slowest/response_length:1024 - timing_s/gen:20.703311905264854 - timing_s/reward:2.5019049644470215e-05 - timing_s/old_log_prob:45.464105907827616 - timing_s/ref:63.84790528193116 - timing_s/adv:0.01788632571697235 - timing_s/update_actor:189.15633530169725 - timing_s/update_weights:4.58087982237339 - timing_s/step:323.927045609802 - timing_s/stop_profile:0.00014065951108932495 - timing_per_token_ms/gen:0.10603380198545907 - timing_per_token_ms/update_actor:0.7851286517810482 - timing_per_token_ms/ref:0.2650126400106721 - timing_per_token_ms/adv:7.424053110928073e-05 - perf/total_num_tokens:240924 - perf/time_per_step:323.927045609802 - perf/throughput:185.94001586565088
[36m(TaskRunner pid=2033431)[0m step:176 - global_seqlen/min:52033 - global_seqlen/max:56925 - global_seqlen/minmax_diff:4892 - global_seqlen/balanced_min:55086 - global_seqlen/balanced_max:55088 - global_seqlen/mean:55087.25 - actor/entropy:0.07768948376178741 - perf/mfu/actor_infer:0.030764585320438884 - actor/pg_clipfrac:np.float64(0.0) - actor/ppo_kl:np.float64(1.1128063370335894e-05) - actor/pg_clipfrac_lower:np.float64(0.0) - actor/pg_loss:np.float64(0.0) - actor/kl_loss:np.float64(0.13217443076428026) - actor/kl_coef:np.float64(0.0010000000000000005) - actor/loss:np.float64(0.00013217443483881652) - actor/grad_norm:np.float64(0.004750662948936224) - actor/perf/max_memory_allocated_gb:np.float64(20.273035049438477) - actor/perf/max_memory_reserved_gb:np.float64(34.158203125) - actor/perf/cpu_memory_used_gb:np.float64(107.12732124328613) - actor/lr:np.float64(1e-06) - perf/mfu/actor:np.float64(0.02174516734371538) - training/global_step:176 - training/epoch:1 - critic/score/mean:0.953125 - critic/score/max:1.0 - critic/score/min:0.0 - critic/rewards/mean:0.953125 - critic/rewards/max:1.0 - critic/rewards/min:0.0 - critic/advantages/mean:0.0 - critic/advantages/max:0.0 - critic/advantages/min:0.0 - critic/returns/mean:0.0 - critic/returns/max:0.0 - critic/returns/min:0.0 - response_length/mean:350.244140625 - response_length/max:729.0 - response_length/min:129.0 - response_length/clip_ratio:0.0 - response_length_non_aborted/mean:350.244140625 - response_length_non_aborted/max:729.0 - response_length_non_aborted/min:129.0 - response_length_non_aborted/clip_ratio:0.0 - response/aborted_ratio:0.0 - prompt_length/mean:80.125 - prompt_length/max:144.0 - prompt_length/min:51.0 - prompt_length/clip_ratio:0.0 - num_turns/min:np.int32(2) - num_turns/max:np.int32(2) - num_turns/mean:np.float64(2.0) - timing_s/start_profile:0.00010485947132110596 - timing_s/agent_loop/num_preempted/min:np.int64(-1) - timing_s/agent_loop/num_preempted/max:np.int64(-1) - timing_s/agent_loop/num_preempted/mean:np.float64(-1.0) - timing_s/agent_loop/generate_sequences/min:np.float64(3.2602962255477905) - timing_s/agent_loop/generate_sequences/max:np.float64(14.648497130721807) - timing_s/agent_loop/generate_sequences/mean:np.float64(8.425717744124995) - timing_s/agent_loop/tool_calls/min:np.float64(0.0) - timing_s/agent_loop/tool_calls/max:np.float64(0.0) - timing_s/agent_loop/tool_calls/mean:np.float64(0.0) - timing_s/agent_loop/compute_score/min:np.float64(0.007444851100444794) - timing_s/agent_loop/compute_score/max:np.float64(0.026670388877391815) - timing_s/agent_loop/compute_score/mean:np.float64(0.010920742395683192) - timing_s/agent_loop/slowest/generate_sequences:np.float64(14.648497130721807) - timing_s/agent_loop/slowest/tool_calls:np.float64(0.0) - timing_s/agent_loop/slowest/compute_score:np.float64(0.010964658111333847) - timing_s/agent_loop/slowest/num_preempted:np.int64(-1) - timing_s/agent_loop/slowest/prompt_length:65 - timing_s/agent_loop/slowest/response_length:724 - timing_s/gen:15.623230431228876 - timing_s/reward:2.779066562652588e-05 - timing_s/old_log_prob:44.90311435610056 - timing_s/ref:64.32997235655785 - timing_s/adv:0.02089390531182289 - timing_s/update_actor:188.8803392983973 - timing_s/update_weights:4.486201148480177 - timing_s/step:318.393259126693 - timing_s/stop_profile:5.717948079109192e-05 - timing_per_token_ms/gen:0.08712243374448 - timing_per_token_ms/update_actor:0.8571871862291061 - timing_per_token_ms/ref:0.291945833003816 - timing_per_token_ms/adv:9.482187489765277e-05 - perf/total_num_tokens:220349 - perf/time_per_step:318.393259126693 - perf/throughput:173.01638279370744
[36m(TaskRunner pid=2033431)[0m step:177 - global_seqlen/min:50305 - global_seqlen/max:60507 - global_seqlen/minmax_diff:10202 - global_seqlen/balanced_min:56725 - global_seqlen/balanced_max:56728 - global_seqlen/mean:56726.5 - actor/entropy:0.0822821632027626 - perf/mfu/actor_infer:0.03165701107916435 - actor/pg_clipfrac:np.float64(0.0001357553715024551) - actor/ppo_kl:np.float64(5.949833247598235e-05) - actor/pg_clipfrac_lower:np.float64(0.0) - actor/pg_loss:np.float64(0.0020934190542902797) - actor/kl_loss:np.float64(0.14021917135687545) - actor/kl_coef:np.float64(0.0010000000000000005) - actor/loss:np.float64(0.0022336365655064583) - actor/grad_norm:np.float64(0.21628765016794205) - actor/perf/max_memory_allocated_gb:np.float64(20.273035049438477) - actor/perf/max_memory_reserved_gb:np.float64(34.158203125) - actor/perf/cpu_memory_used_gb:np.float64(107.06627082824707) - actor/lr:np.float64(1e-06) - perf/mfu/actor:np.float64(0.02240234787325264) - training/global_step:177 - training/epoch:1 - critic/score/mean:0.951171875 - critic/score/max:1.0 - critic/score/min:0.0 - critic/rewards/mean:0.951171875 - critic/rewards/max:1.0 - critic/rewards/min:0.0 - critic/advantages/mean:-0.0022320172283798456 - critic/advantages/max:2.4748666286468506 - critic/advantages/min:-2.4748666286468506 - critic/returns/mean:-0.0022320172283798456 - critic/returns/max:2.4748666286468506 - critic/returns/min:-2.4748666286468506 - response_length/mean:364.75390625 - response_length/max:1024.0 - response_length/min:120.0 - response_length/clip_ratio:0.001953125 - response_length_non_aborted/mean:364.75390625 - response_length_non_aborted/max:1024.0 - response_length_non_aborted/min:120.0 - response_length_non_aborted/clip_ratio:0.001953125 - response/aborted_ratio:0.0 - prompt_length/mean:78.421875 - prompt_length/max:125.0 - prompt_length/min:42.0 - prompt_length/clip_ratio:0.0 - num_turns/min:np.int32(2) - num_turns/max:np.int32(2) - num_turns/mean:np.float64(2.0) - timing_s/start_profile:0.00011390820145606995 - timing_s/agent_loop/num_preempted/min:np.int64(-1) - timing_s/agent_loop/num_preempted/max:np.int64(-1) - timing_s/agent_loop/num_preempted/mean:np.float64(-1.0) - timing_s/agent_loop/generate_sequences/min:np.float64(2.9805889576673508) - timing_s/agent_loop/generate_sequences/max:np.float64(18.53399234637618) - timing_s/agent_loop/generate_sequences/mean:np.float64(8.668052766595792) - timing_s/agent_loop/tool_calls/min:np.float64(0.0) - timing_s/agent_loop/tool_calls/max:np.float64(0.0) - timing_s/agent_loop/tool_calls/mean:np.float64(0.0) - timing_s/agent_loop/compute_score/min:np.float64(0.006117299199104309) - timing_s/agent_loop/compute_score/max:np.float64(0.02321697026491165) - timing_s/agent_loop/compute_score/mean:np.float64(0.010637510269589256) - timing_s/agent_loop/slowest/generate_sequences:np.float64(18.53399234637618) - timing_s/agent_loop/slowest/tool_calls:np.float64(0.0) - timing_s/agent_loop/slowest/compute_score:np.float64(0.011699482798576355) - timing_s/agent_loop/slowest/num_preempted:np.int64(-1) - timing_s/agent_loop/slowest/prompt_length:118 - timing_s/agent_loop/slowest/response_length:1024 - timing_s/gen:19.574860710650682 - timing_s/reward:2.9068440198898315e-05 - timing_s/old_log_prob:44.90881125628948 - timing_s/ref:64.36176999658346 - timing_s/adv:0.016903556883335114 - timing_s/update_actor:188.8567743897438 - timing_s/update_weights:4.554160598665476 - timing_s/step:322.4291775710881 - timing_s/stop_profile:0.0001503489911556244 - timing_per_token_ms/gen:0.1048162861874481 - timing_per_token_ms/update_actor:0.8323128272929927 - timing_per_token_ms/ref:0.2836494847936302 - timing_per_token_ms/adv:7.449585680120893e-05 - perf/total_num_tokens:226906 - perf/time_per_step:322.4291775710881 - perf/throughput:175.9347600838424
[36m(TaskRunner pid=2033431)[0m step:178 - global_seqlen/min:49379 - global_seqlen/max:58612 - global_seqlen/minmax_diff:9233 - global_seqlen/balanced_min:53576 - global_seqlen/balanced_max:53578 - global_seqlen/mean:53577.0 - actor/entropy:0.08430136740207672 - perf/mfu/actor_infer:0.02984930913430991 - actor/pg_clipfrac:np.float64(0.00014917123553459533) - actor/ppo_kl:np.float64(-0.00010006346921898057) - actor/pg_clipfrac_lower:np.float64(0.0) - actor/pg_loss:np.float64(0.019445986283244565) - actor/kl_loss:np.float64(0.15540366404457018) - actor/kl_coef:np.float64(0.0010000000000000005) - actor/loss:np.float64(0.01960139162838459) - actor/grad_norm:np.float64(0.2680507078766823) - actor/perf/max_memory_allocated_gb:np.float64(20.273035049438477) - actor/perf/max_memory_reserved_gb:np.float64(34.158203125) - actor/perf/cpu_memory_used_gb:np.float64(107.10343170166016) - actor/lr:np.float64(1e-06) - perf/mfu/actor:np.float64(0.02114243095408505) - training/global_step:178 - training/epoch:1 - critic/score/mean:0.984375 - critic/score/max:1.0 - critic/score/min:0.0 - critic/rewards/mean:0.984375 - critic/rewards/max:1.0 - critic/rewards/min:0.0 - critic/advantages/mean:-0.01943533681333065 - critic/advantages/max:1.6201815605163574 - critic/advantages/min:-2.4748666286468506 - critic/returns/mean:-0.01943533681333065 - critic/returns/max:1.6201815605163574 - critic/returns/min:-2.4748666286468506 - response_length/mean:339.1640625 - response_length/max:1024.0 - response_length/min:109.0 - response_length/clip_ratio:0.005859375 - response_length_non_aborted/mean:339.1640625 - response_length_non_aborted/max:1024.0 - response_length_non_aborted/min:109.0 - response_length_non_aborted/clip_ratio:0.005859375 - response/aborted_ratio:0.0 - prompt_length/mean:79.40625 - prompt_length/max:160.0 - prompt_length/min:35.0 - prompt_length/clip_ratio:0.0 - num_turns/min:np.int32(2) - num_turns/max:np.int32(2) - num_turns/mean:np.float64(2.0) - timing_s/start_profile:0.00014798343181610107 - timing_s/agent_loop/num_preempted/min:np.int64(-1) - timing_s/agent_loop/num_preempted/max:np.int64(-1) - timing_s/agent_loop/num_preempted/mean:np.float64(-1.0) - timing_s/agent_loop/generate_sequences/min:np.float64(2.7343004047870636) - timing_s/agent_loop/generate_sequences/max:np.float64(18.412648264318705) - timing_s/agent_loop/generate_sequences/mean:np.float64(8.105028599668003) - timing_s/agent_loop/tool_calls/min:np.float64(0.0) - timing_s/agent_loop/tool_calls/max:np.float64(0.0) - timing_s/agent_loop/tool_calls/mean:np.float64(0.0) - timing_s/agent_loop/compute_score/min:np.float64(0.007481463253498077) - timing_s/agent_loop/compute_score/max:np.float64(0.026968959718942642) - timing_s/agent_loop/compute_score/mean:np.float64(0.010920305816398468) - timing_s/agent_loop/slowest/generate_sequences:np.float64(18.412648264318705) - timing_s/agent_loop/slowest/tool_calls:np.float64(0.0) - timing_s/agent_loop/slowest/compute_score:np.float64(0.010896235704421997) - timing_s/agent_loop/slowest/num_preempted:np.int64(-1) - timing_s/agent_loop/slowest/prompt_length:56 - timing_s/agent_loop/slowest/response_length:1024 - timing_s/gen:19.375771217048168 - timing_s/reward:6.210058927536011e-05 - timing_s/old_log_prob:44.99242068827152 - timing_s/ref:63.79275884479284 - timing_s/adv:0.01773499697446823 - timing_s/update_actor:189.16217402741313 - timing_s/update_weights:4.520527429878712 - timing_s/step:322.0506927333772 - timing_s/stop_profile:0.00013900920748710632 - timing_per_token_ms/gen:0.11157816332117204 - timing_per_token_ms/update_actor:0.8826650149663714 - timing_per_token_ms/ref:0.29766858374299066 - timing_per_token_ms/adv:8.275471272406178e-05 - perf/total_num_tokens:214308 - perf/time_per_step:322.0506927333772 - perf/throughput:166.36200824556494
[36m(TaskRunner pid=2033431)[0m step:179 - global_seqlen/min:51397 - global_seqlen/max:61313 - global_seqlen/minmax_diff:9916 - global_seqlen/balanced_min:57422 - global_seqlen/balanced_max:57425 - global_seqlen/mean:57424.0 - actor/entropy:0.09158234298229218 - perf/mfu/actor_infer:0.03197011119864979 - actor/pg_clipfrac:np.float64(0.00010696372282836819) - actor/ppo_kl:np.float64(3.4351260179477094e-05) - actor/pg_clipfrac_lower:np.float64(0.0) - actor/pg_loss:np.float64(0.004621532920282334) - actor/kl_loss:np.float64(0.13485525522264652) - actor/kl_coef:np.float64(0.0010000000000000005) - actor/loss:np.float64(0.004756387323141098) - actor/grad_norm:np.float64(0.22787705063819885) - actor/perf/max_memory_allocated_gb:np.float64(20.273035049438477) - actor/perf/max_memory_reserved_gb:np.float64(34.158203125) - actor/perf/cpu_memory_used_gb:np.float64(107.0543384552002) - actor/lr:np.float64(1e-06) - perf/mfu/actor:np.float64(0.022695848577374028) - training/global_step:179 - training/epoch:1 - critic/score/mean:0.974609375 - critic/score/max:1.0 - critic/score/min:0.0 - critic/rewards/mean:0.974609375 - critic/rewards/max:1.0 - critic/rewards/min:0.0 - critic/advantages/mean:-0.004822252783924341 - critic/advantages/max:0.7245674133300781 - critic/advantages/min:-2.4748666286468506 - critic/returns/mean:-0.004822252783924341 - critic/returns/max:0.7245674133300781 - critic/returns/min:-2.4748666286468506 - response_length/mean:367.9375 - response_length/max:1024.0 - response_length/min:136.0 - response_length/clip_ratio:0.015625 - response_length_non_aborted/mean:367.9375 - response_length_non_aborted/max:1024.0 - response_length_non_aborted/min:136.0 - response_length_non_aborted/clip_ratio:0.015625 - response/aborted_ratio:0.0 - prompt_length/mean:80.6875 - prompt_length/max:143.0 - prompt_length/min:50.0 - prompt_length/clip_ratio:0.0 - num_turns/min:np.int32(2) - num_turns/max:np.int32(2) - num_turns/mean:np.float64(2.0) - timing_s/start_profile:7.529556751251221e-05 - timing_s/agent_loop/num_preempted/min:np.int64(-1) - timing_s/agent_loop/num_preempted/max:np.int64(-1) - timing_s/agent_loop/num_preempted/mean:np.float64(-1.0) - timing_s/agent_loop/generate_sequences/min:np.float64(3.3068646267056465) - timing_s/agent_loop/generate_sequences/max:np.float64(19.115177664905787) - timing_s/agent_loop/generate_sequences/mean:np.float64(8.70012032349041) - timing_s/agent_loop/tool_calls/min:np.float64(0.0) - timing_s/agent_loop/tool_calls/max:np.float64(0.0) - timing_s/agent_loop/tool_calls/mean:np.float64(0.0) - timing_s/agent_loop/compute_score/min:np.float64(0.007067583501338959) - timing_s/agent_loop/compute_score/max:np.float64(0.027356229722499847) - timing_s/agent_loop/compute_score/mean:np.float64(0.010595727326290216) - timing_s/agent_loop/slowest/generate_sequences:np.float64(19.115177664905787) - timing_s/agent_loop/slowest/tool_calls:np.float64(0.0) - timing_s/agent_loop/slowest/compute_score:np.float64(0.009065810590982437) - timing_s/agent_loop/slowest/num_preempted:np.int64(-1) - timing_s/agent_loop/slowest/prompt_length:94 - timing_s/agent_loop/slowest/response_length:1024 - timing_s/gen:20.098500229418278 - timing_s/reward:2.89231538772583e-05 - timing_s/old_log_prob:45.09882887452841 - timing_s/ref:64.0462802015245 - timing_s/adv:0.017364103347063065 - timing_s/update_actor:189.14605559036136 - timing_s/update_weights:4.500621929764748 - timing_s/step:323.06258895620704 - timing_s/stop_profile:0.00013989955186843872 - timing_per_token_ms/gen:0.10668899816023801 - timing_per_token_ms/update_actor:0.8234625574252985 - timing_per_token_ms/ref:0.2788306291860742 - timing_per_token_ms/adv:7.559601972634728e-05 - perf/total_num_tokens:229696 - perf/time_per_step:323.06258895620704 - perf/throughput:177.74883865548463
[36m(TaskRunner pid=2033431)[0m local_global_step_folder: checkpoints/grpo_rlvr_math/qwen3_4b_gsm8k/global_step_180
[36m(TaskRunner pid=2033431)[0m test_gen_batch meta info: {'eos_token_id': 151645, 'pad_token_id': 151643, 'recompute_log_prob': False, 'do_sample': False, 'validate': True, 'global_steps': 180}
[36m(TaskRunner pid=2033431)[0m validation generation end
[36m(TaskRunner pid=2033431)[0m step:180 - global_seqlen/min:54880 - global_seqlen/max:61602 - global_seqlen/minmax_diff:6722 - global_seqlen/balanced_min:59209 - global_seqlen/balanced_max:59212 - global_seqlen/mean:59210.0 - actor/entropy:0.09835096448659897 - perf/mfu/actor_infer:0.03291310928429121 - actor/pg_clipfrac:np.float64(0.0003228661248613207) - actor/ppo_kl:np.float64(-8.65169871921978e-06) - actor/pg_clipfrac_lower:np.float64(5.146574494574452e-06) - actor/pg_loss:np.float64(0.013487334363162518) - actor/kl_loss:np.float64(0.14260661430307664) - actor/kl_coef:np.float64(0.0010000000000000005) - actor/loss:np.float64(0.013629939407110214) - actor/grad_norm:np.float64(0.3518652021884918) - actor/perf/max_memory_allocated_gb:np.float64(20.273035049438477) - actor/perf/max_memory_reserved_gb:np.float64(34.158203125) - actor/perf/cpu_memory_used_gb:np.float64(108.07419013977051) - actor/lr:np.float64(1e-06) - perf/mfu/actor:np.float64(0.02338685192836321) - val-aux/openai/gsm8k/reward/mean@1:np.float64(0.9476876421531463) - val-core/openai/gsm8k/acc/mean@1:np.float64(0.9476876421531463) - val-aux/num_turns/min:np.int32(2) - val-aux/num_turns/max:np.int32(2) - val-aux/num_turns/mean:np.float64(2.0) - training/global_step:180 - training/epoch:1 - critic/score/mean:0.93359375 - critic/score/max:1.0 - critic/score/min:0.0 - critic/rewards/mean:0.93359375 - critic/rewards/max:1.0 - critic/rewards/min:0.0 - critic/advantages/mean:-0.013427821919322014 - critic/advantages/max:2.4748666286468506 - critic/advantages/min:-2.4748666286468506 - critic/returns/mean:-0.013427821919322014 - critic/returns/max:2.4748666286468506 - critic/returns/min:-2.4748666286468506 - response_length/mean:377.28125 - response_length/max:1024.0 - response_length/min:157.0 - response_length/clip_ratio:0.017578125 - response_length_non_aborted/mean:377.28125 - response_length_non_aborted/max:1024.0 - response_length_non_aborted/min:157.0 - response_length_non_aborted/clip_ratio:0.017578125 - response/aborted_ratio:0.0 - prompt_length/mean:85.296875 - prompt_length/max:217.0 - prompt_length/min:45.0 - prompt_length/clip_ratio:0.0 - num_turns/min:np.int32(2) - num_turns/max:np.int32(2) - num_turns/mean:np.float64(2.0) - timing_s/start_profile:0.00010166317224502563 - timing_s/agent_loop/num_preempted/min:np.int64(-1) - timing_s/agent_loop/num_preempted/max:np.int64(-1) - timing_s/agent_loop/num_preempted/mean:np.float64(-1.0) - timing_s/agent_loop/generate_sequences/min:np.float64(3.927675761282444) - timing_s/agent_loop/generate_sequences/max:np.float64(19.669558685272932) - timing_s/agent_loop/generate_sequences/mean:np.float64(8.883115875345538) - timing_s/agent_loop/tool_calls/min:np.float64(0.0) - timing_s/agent_loop/tool_calls/max:np.float64(0.0) - timing_s/agent_loop/tool_calls/mean:np.float64(0.0) - timing_s/agent_loop/compute_score/min:np.float64(0.005373343825340271) - timing_s/agent_loop/compute_score/max:np.float64(0.023368224501609802) - timing_s/agent_loop/compute_score/mean:np.float64(0.01023622321372386) - timing_s/agent_loop/slowest/generate_sequences:np.float64(19.669558685272932) - timing_s/agent_loop/slowest/tool_calls:np.float64(0.0) - timing_s/agent_loop/slowest/compute_score:np.float64(0.009519051760435104) - timing_s/agent_loop/slowest/num_preempted:np.int64(-1) - timing_s/agent_loop/slowest/prompt_length:60 - timing_s/agent_loop/slowest/response_length:1024 - timing_s/gen:20.633614093065262 - timing_s/reward:2.3189932107925415e-05 - timing_s/old_log_prob:45.1541268453002 - timing_s/ref:63.83907416835427 - timing_s/adv:0.01681528240442276 - timing_s/update_actor:189.16955130919814 - timing_s/save_checkpoint:294.0515646748245 - timing_s/update_weights:4.768779221922159 - timing_s/step:617.7816584147513 - timing_s/testing:31.065919883549213 - timing_s/stop_profile:0.00011326000094413757 - timing_per_token_ms/gen:0.10681693703442217 - timing_per_token_ms/update_actor:0.7987229830653527 - timing_per_token_ms/ref:0.26954515355663855 - timing_per_token_ms/adv:7.099849013858621e-05 - perf/total_num_tokens:236840 - perf/time_per_step:617.7816584147513 - perf/throughput:95.84292313231647
[36m(TaskRunner pid=2033431)[0m step:181 - global_seqlen/min:51697 - global_seqlen/max:57190 - global_seqlen/minmax_diff:5493 - global_seqlen/balanced_min:54743 - global_seqlen/balanced_max:54748 - global_seqlen/mean:54745.75 - actor/entropy:0.08508581668138504 - perf/mfu/actor_infer:0.03047121382070525 - actor/pg_clipfrac:np.float64(0.0002874861766031245) - actor/ppo_kl:np.float64(6.877690459816677e-05) - actor/pg_clipfrac_lower:np.float64(0.0) - actor/pg_loss:np.float64(0.013089396408759058) - actor/kl_loss:np.float64(0.15289112931350246) - actor/kl_coef:np.float64(0.0010000000000000005) - actor/loss:np.float64(0.013242288492619991) - actor/grad_norm:np.float64(0.35616619884967804) - actor/perf/max_memory_allocated_gb:np.float64(20.273035049438477) - actor/perf/max_memory_reserved_gb:np.float64(34.158203125) - actor/perf/cpu_memory_used_gb:np.float64(109.34448623657227) - actor/lr:np.float64(1e-06) - perf/mfu/actor:np.float64(0.021606516335959104) - training/global_step:181 - training/epoch:1 - critic/score/mean:0.962890625 - critic/score/max:1.0 - critic/score/min:0.0 - critic/rewards/mean:0.962890625 - critic/rewards/max:1.0 - critic/rewards/min:0.0 - critic/advantages/mean:-0.013102698139846325 - critic/advantages/max:2.4748666286468506 - critic/advantages/min:-2.4748666286468506 - critic/returns/mean:-0.013102698139846325 - critic/returns/max:2.4748666286468506 - critic/returns/min:-2.4748666286468506 - response_length/mean:348.341796875 - response_length/max:1024.0 - response_length/min:136.0 - response_length/clip_ratio:0.001953125 - response_length_non_aborted/mean:348.341796875 - response_length_non_aborted/max:1024.0 - response_length_non_aborted/min:136.0 - response_length_non_aborted/clip_ratio:0.001953125 - response/aborted_ratio:0.0 - prompt_length/mean:79.359375 - prompt_length/max:143.0 - prompt_length/min:47.0 - prompt_length/clip_ratio:0.0 - num_turns/min:np.int32(2) - num_turns/max:np.int32(2) - num_turns/mean:np.float64(2.0) - timing_s/start_profile:7.4043869972229e-05 - timing_s/agent_loop/num_preempted/min:np.int64(-1) - timing_s/agent_loop/num_preempted/max:np.int64(-1) - timing_s/agent_loop/num_preempted/mean:np.float64(-1.0) - timing_s/agent_loop/generate_sequences/min:np.float64(3.32998338714242) - timing_s/agent_loop/generate_sequences/max:np.float64(18.36132888495922) - timing_s/agent_loop/generate_sequences/mean:np.float64(8.20512586980476) - timing_s/agent_loop/tool_calls/min:np.float64(0.0) - timing_s/agent_loop/tool_calls/max:np.float64(0.0) - timing_s/agent_loop/tool_calls/mean:np.float64(0.0) - timing_s/agent_loop/compute_score/min:np.float64(0.0057670921087265015) - timing_s/agent_loop/compute_score/max:np.float64(0.029659416526556015) - timing_s/agent_loop/compute_score/mean:np.float64(0.01055479575006757) - timing_s/agent_loop/slowest/generate_sequences:np.float64(18.36132888495922) - timing_s/agent_loop/slowest/tool_calls:np.float64(0.0) - timing_s/agent_loop/slowest/compute_score:np.float64(0.011122919619083405) - timing_s/agent_loop/slowest/num_preempted:np.int64(-1) - timing_s/agent_loop/slowest/prompt_length:95 - timing_s/agent_loop/slowest/response_length:1024 - timing_s/gen:19.39419724419713 - timing_s/reward:3.1284987926483154e-05 - timing_s/old_log_prob:45.50050603970885 - timing_s/ref:63.920651987195015 - timing_s/adv:0.013118579983711243 - timing_s/update_actor:188.8495187535882 - timing_s/update_weights:4.564217735081911 - timing_s/step:322.40295247733593 - timing_s/stop_profile:0.00016789138317108154 - timing_per_token_ms/gen:0.10874173536563927 - timing_per_token_ms/update_actor:0.8623935134398022 - timing_per_token_ms/ref:0.29189778196113403 - timing_per_token_ms/adv:5.99068420092484e-05 - perf/total_num_tokens:218983 - perf/time_per_step:322.40295247733593 - perf/throughput:169.8053618285288
[36m(TaskRunner pid=2033431)[0m step:182 - global_seqlen/min:50162 - global_seqlen/max:58140 - global_seqlen/minmax_diff:7978 - global_seqlen/balanced_min:54529 - global_seqlen/balanced_max:54538 - global_seqlen/mean:54533.75 - actor/entropy:0.08151007443666458 - perf/mfu/actor_infer:0.030431101171783922 - actor/pg_clipfrac:np.float64(0.00035048026711592684) - actor/ppo_kl:np.float64(0.00014215780732396155) - actor/pg_clipfrac_lower:np.float64(0.0) - actor/pg_loss:np.float64(-0.001805104489903897) - actor/kl_loss:np.float64(0.15114562862436287) - actor/kl_coef:np.float64(0.0010000000000000005) - actor/loss:np.float64(-0.0016539599746465683) - actor/grad_norm:np.float64(0.31661252677440643) - actor/perf/max_memory_allocated_gb:np.float64(20.273035049438477) - actor/perf/max_memory_reserved_gb:np.float64(34.158203125) - actor/perf/cpu_memory_used_gb:np.float64(107.16657638549805) - actor/lr:np.float64(1e-06) - perf/mfu/actor:np.float64(0.021507408681347297) - training/global_step:182 - training/epoch:1 - critic/score/mean:0.970703125 - critic/score/max:1.0 - critic/score/min:0.0 - critic/rewards/mean:0.970703125 - critic/rewards/max:1.0 - critic/rewards/min:0.0 - critic/advantages/mean:0.0015321610262617469 - critic/advantages/max:1.6201815605163574 - critic/advantages/min:-2.4748666286468506 - critic/returns/mean:0.0015321610262617469 - critic/returns/max:1.6201815605163574 - critic/returns/min:-2.4748666286468506 - response_length/mean:341.748046875 - response_length/max:1024.0 - response_length/min:131.0 - response_length/clip_ratio:0.00390625 - response_length_non_aborted/mean:341.748046875 - response_length_non_aborted/max:1024.0 - response_length_non_aborted/min:131.0 - response_length_non_aborted/clip_ratio:0.00390625 - response/aborted_ratio:0.0 - prompt_length/mean:84.296875 - prompt_length/max:162.0 - prompt_length/min:47.0 - prompt_length/clip_ratio:0.0 - num_turns/min:np.int32(2) - num_turns/max:np.int32(2) - num_turns/mean:np.float64(2.0) - timing_s/start_profile:9.224936366081238e-05 - timing_s/agent_loop/num_preempted/min:np.int64(-1) - timing_s/agent_loop/num_preempted/max:np.int64(-1) - timing_s/agent_loop/num_preempted/mean:np.float64(-1.0) - timing_s/agent_loop/generate_sequences/min:np.float64(3.1774476133286953) - timing_s/agent_loop/generate_sequences/max:np.float64(18.27526591345668) - timing_s/agent_loop/generate_sequences/mean:np.float64(8.129612689095666) - timing_s/agent_loop/tool_calls/min:np.float64(0.0) - timing_s/agent_loop/tool_calls/max:np.float64(0.0) - timing_s/agent_loop/tool_calls/mean:np.float64(0.0) - timing_s/agent_loop/compute_score/min:np.float64(0.006087318062782288) - timing_s/agent_loop/compute_score/max:np.float64(0.027205321937799454) - timing_s/agent_loop/compute_score/mean:np.float64(0.010348759482440073) - timing_s/agent_loop/slowest/generate_sequences:np.float64(18.27526591345668) - timing_s/agent_loop/slowest/tool_calls:np.float64(0.0) - timing_s/agent_loop/slowest/compute_score:np.float64(0.01088639348745346) - timing_s/agent_loop/slowest/num_preempted:np.int64(-1) - timing_s/agent_loop/slowest/prompt_length:82 - timing_s/agent_loop/slowest/response_length:1024 - timing_s/gen:19.33195410296321 - timing_s/reward:3.8061290979385376e-05 - timing_s/old_log_prob:45.32527332380414 - timing_s/ref:114.27255963534117 - timing_s/adv:0.017634306102991104 - timing_s/update_actor:188.98625176399946 - timing_s/update_weights:4.534248564392328 - timing_s/step:372.6257732026279 - timing_s/stop_profile:0.00020751729607582092 - timing_per_token_ms/gen:0.11048409260158999 - timing_per_token_ms/update_actor:0.866372896435691 - timing_per_token_ms/ref:0.523861643639678 - timing_per_token_ms/adv:8.084125015697208e-05 - perf/total_num_tokens:218135 - perf/time_per_step:372.6257732026279 - perf/throughput:146.34991436930324
[36m(TaskRunner pid=2033431)[0m step:183 - global_seqlen/min:53925 - global_seqlen/max:59860 - global_seqlen/minmax_diff:5935 - global_seqlen/balanced_min:56411 - global_seqlen/balanced_max:56422 - global_seqlen/mean:56416.75 - actor/entropy:0.0812998116016388 - perf/mfu/actor_infer:0.0315100166826315 - actor/pg_clipfrac:np.float64(0.00028495089964053477) - actor/ppo_kl:np.float64(0.00014341780550353178) - actor/pg_clipfrac_lower:np.float64(0.0) - actor/pg_loss:np.float64(0.007888524036388844) - actor/kl_loss:np.float64(0.1485175758425612) - actor/kl_coef:np.float64(0.0010000000000000005) - actor/loss:np.float64(0.008037041872739792) - actor/grad_norm:np.float64(0.2826879620552063) - actor/perf/max_memory_allocated_gb:np.float64(20.273035049438477) - actor/perf/max_memory_reserved_gb:np.float64(34.158203125) - actor/perf/cpu_memory_used_gb:np.float64(107.55604362487793) - actor/lr:np.float64(1e-06) - perf/mfu/actor:np.float64(0.022241680461563544) - training/global_step:183 - training/epoch:1 - critic/score/mean:0.96875 - critic/score/max:1.0 - critic/score/min:0.0 - critic/rewards/mean:0.96875 - critic/rewards/max:1.0 - critic/rewards/min:0.0 - critic/advantages/mean:-0.008030181750655174 - critic/advantages/max:2.4748666286468506 - critic/advantages/min:-2.4748666286468506 - critic/returns/mean:-0.008030181750655174 - critic/returns/max:2.4748666286468506 - critic/returns/min:-2.4748666286468506 - response_length/mean:361.583984375 - response_length/max:1024.0 - response_length/min:177.0 - response_length/clip_ratio:0.00390625 - response_length_non_aborted/mean:361.583984375 - response_length_non_aborted/max:1024.0 - response_length_non_aborted/min:177.0 - response_length_non_aborted/clip_ratio:0.00390625 - response/aborted_ratio:0.0 - prompt_length/mean:79.171875 - prompt_length/max:201.0 - prompt_length/min:49.0 - prompt_length/clip_ratio:0.0 - num_turns/min:np.int32(2) - num_turns/max:np.int32(2) - num_turns/mean:np.float64(2.0) - timing_s/start_profile:0.00012469664216041565 - timing_s/agent_loop/num_preempted/min:np.int64(-1) - timing_s/agent_loop/num_preempted/max:np.int64(-1) - timing_s/agent_loop/num_preempted/mean:np.float64(-1.0) - timing_s/agent_loop/generate_sequences/min:np.float64(4.409405365586281) - timing_s/agent_loop/generate_sequences/max:np.float64(18.723737366497517) - timing_s/agent_loop/generate_sequences/mean:np.float64(8.70699103174411) - timing_s/agent_loop/tool_calls/min:np.float64(0.0) - timing_s/agent_loop/tool_calls/max:np.float64(0.0) - timing_s/agent_loop/tool_calls/mean:np.float64(0.0) - timing_s/agent_loop/compute_score/min:np.float64(0.0071683526039123535) - timing_s/agent_loop/compute_score/max:np.float64(0.026365898549556732) - timing_s/agent_loop/compute_score/mean:np.float64(0.010746121370175388) - timing_s/agent_loop/slowest/generate_sequences:np.float64(18.723737366497517) - timing_s/agent_loop/slowest/tool_calls:np.float64(0.0) - timing_s/agent_loop/slowest/compute_score:np.float64(0.011572405695915222) - timing_s/agent_loop/slowest/num_preempted:np.int64(-1) - timing_s/agent_loop/slowest/prompt_length:80 - timing_s/agent_loop/slowest/response_length:1024 - timing_s/gen:19.72212480008602 - timing_s/reward:3.115832805633545e-05 - timing_s/old_log_prob:45.27548615261912 - timing_s/ref:63.924199886620045 - timing_s/adv:0.01702210307121277 - timing_s/update_actor:189.10204880684614 - timing_s/update_weights:4.582284051924944 - timing_s/step:322.793087977916 - timing_s/stop_profile:0.00016035884618759155 - timing_per_token_ms/gen:0.10653064478712923 - timing_per_token_ms/update_actor:0.837969436412263 - timing_per_token_ms/ref:0.28326782332649453 - timing_per_token_ms/adv:7.543018284114544e-05 - perf/total_num_tokens:225667 - perf/time_per_step:322.793087977916 - perf/throughput:174.77682175108959
[36m(TaskRunner pid=2033431)[0m step:184 - global_seqlen/min:49182 - global_seqlen/max:61632 - global_seqlen/minmax_diff:12450 - global_seqlen/balanced_min:55465 - global_seqlen/balanced_max:55467 - global_seqlen/mean:55466.25 - actor/entropy:0.0833284929394722 - perf/mfu/actor_infer:0.030949730703586743 - actor/pg_clipfrac:np.float64(9.268033045373159e-05) - actor/ppo_kl:np.float64(-4.172081165876307e-05) - actor/pg_clipfrac_lower:np.float64(0.0) - actor/pg_loss:np.float64(0.0054935438092797995) - actor/kl_loss:np.float64(0.14760832960018888) - actor/kl_coef:np.float64(0.0010000000000000005) - actor/loss:np.float64(0.005641153315082192) - actor/grad_norm:np.float64(0.21222057938575745) - actor/perf/max_memory_allocated_gb:np.float64(20.273035049438477) - actor/perf/max_memory_reserved_gb:np.float64(34.158203125) - actor/perf/cpu_memory_used_gb:np.float64(107.81875801086426) - actor/lr:np.float64(1e-06) - perf/mfu/actor:np.float64(0.02194797166347256) - training/global_step:184 - training/epoch:1 - critic/score/mean:0.95703125 - critic/score/max:1.0 - critic/score/min:0.0 - critic/rewards/mean:0.95703125 - critic/rewards/max:1.0 - critic/rewards/min:0.0 - critic/advantages/mean:-0.005575957708060741 - critic/advantages/max:2.4748666286468506 - critic/advantages/min:-2.4748666286468506 - critic/returns/mean:-0.005575957708060741 - critic/returns/max:2.4748666286468506 - critic/returns/min:-2.4748666286468506 - response_length/mean:353.267578125 - response_length/max:1024.0 - response_length/min:133.0 - response_length/clip_ratio:0.0078125 - response_length_non_aborted/mean:353.267578125 - response_length_non_aborted/max:1024.0 - response_length_non_aborted/min:133.0 - response_length_non_aborted/clip_ratio:0.0078125 - response/aborted_ratio:0.0 - prompt_length/mean:80.0625 - prompt_length/max:181.0 - prompt_length/min:48.0 - prompt_length/clip_ratio:0.0 - num_turns/min:np.int32(2) - num_turns/max:np.int32(2) - num_turns/mean:np.float64(2.0) - timing_s/start_profile:8.876994252204895e-05 - timing_s/agent_loop/num_preempted/min:np.int64(-1) - timing_s/agent_loop/num_preempted/max:np.int64(-1) - timing_s/agent_loop/num_preempted/mean:np.float64(-1.0) - timing_s/agent_loop/generate_sequences/min:np.float64(3.3725064247846603) - timing_s/agent_loop/generate_sequences/max:np.float64(18.631526209414005) - timing_s/agent_loop/generate_sequences/mean:np.float64(8.373068429486011) - timing_s/agent_loop/tool_calls/min:np.float64(0.0) - timing_s/agent_loop/tool_calls/max:np.float64(0.0) - timing_s/agent_loop/tool_calls/mean:np.float64(0.0) - timing_s/agent_loop/compute_score/min:np.float64(0.006658129394054413) - timing_s/agent_loop/compute_score/max:np.float64(0.021792102605104446) - timing_s/agent_loop/compute_score/mean:np.float64(0.010316955856978893) - timing_s/agent_loop/slowest/generate_sequences:np.float64(18.631526209414005) - timing_s/agent_loop/slowest/tool_calls:np.float64(0.0) - timing_s/agent_loop/slowest/compute_score:np.float64(0.01018337532877922) - timing_s/agent_loop/slowest/num_preempted:np.int64(-1) - timing_s/agent_loop/slowest/prompt_length:76 - timing_s/agent_loop/slowest/response_length:1024 - timing_s/gen:19.61141986399889 - timing_s/reward:2.85319983959198e-05 - timing_s/old_log_prob:45.23423524573445 - timing_s/ref:63.93746359273791 - timing_s/adv:0.01707218587398529 - timing_s/update_actor:188.41447127982974 - timing_s/update_weights:4.559106193482876 - timing_s/step:321.9021056033671 - timing_s/stop_profile:0.00019380077719688416 - timing_per_token_ms/gen:0.10842646422627418 - timing_per_token_ms/update_actor:0.8492302583996112 - timing_per_token_ms/ref:0.28818183847266543 - timing_per_token_ms/adv:7.694853119683272e-05 - perf/total_num_tokens:221865 - perf/time_per_step:321.9021056033671 - perf/throughput:172.30781978277255
[36m(TaskRunner pid=2033431)[0m step:185 - global_seqlen/min:52169 - global_seqlen/max:59248 - global_seqlen/minmax_diff:7079 - global_seqlen/balanced_min:56490 - global_seqlen/balanced_max:56495 - global_seqlen/mean:56492.75 - actor/entropy:0.08468474447727203 - perf/mfu/actor_infer:0.03155717256845426 - actor/pg_clipfrac:np.float64(0.00022903987746758503) - actor/ppo_kl:np.float64(6.79089711397296e-05) - actor/pg_clipfrac_lower:np.float64(0.0) - actor/pg_loss:np.float64(0.015397728013340384) - actor/kl_loss:np.float64(0.13993178046075627) - actor/kl_coef:np.float64(0.0010000000000000005) - actor/loss:np.float64(0.015537660103291273) - actor/grad_norm:np.float64(0.488340362906456) - actor/perf/max_memory_allocated_gb:np.float64(20.273035049438477) - actor/perf/max_memory_reserved_gb:np.float64(34.158203125) - actor/perf/cpu_memory_used_gb:np.float64(108.22978973388672) - actor/lr:np.float64(1e-06) - perf/mfu/actor:np.float64(0.02231421937214603) - training/global_step:185 - training/epoch:1 - critic/score/mean:0.978515625 - critic/score/max:1.0 - critic/score/min:0.0 - critic/rewards/mean:0.978515625 - critic/rewards/max:1.0 - critic/rewards/min:0.0 - critic/advantages/mean:-0.015136678703129292 - critic/advantages/max:1.20761239528656 - critic/advantages/min:-2.4748666286468506 - critic/returns/mean:-0.015136678703129292 - critic/returns/max:1.20761239528656 - critic/returns/min:-2.4748666286468506 - response_length/mean:358.005859375 - response_length/max:1024.0 - response_length/min:103.0 - response_length/clip_ratio:0.013671875 - response_length_non_aborted/mean:358.005859375 - response_length_non_aborted/max:1024.0 - response_length_non_aborted/min:103.0 - response_length_non_aborted/clip_ratio:0.013671875 - response/aborted_ratio:0.0 - prompt_length/mean:83.34375 - prompt_length/max:178.0 - prompt_length/min:52.0 - prompt_length/clip_ratio:0.0 - num_turns/min:np.int32(2) - num_turns/max:np.int32(2) - num_turns/mean:np.float64(2.0) - timing_s/start_profile:7.116049528121948e-05 - timing_s/agent_loop/num_preempted/min:np.int64(-1) - timing_s/agent_loop/num_preempted/max:np.int64(-1) - timing_s/agent_loop/num_preempted/mean:np.float64(-1.0) - timing_s/agent_loop/generate_sequences/min:np.float64(2.592486198991537) - timing_s/agent_loop/generate_sequences/max:np.float64(18.97902362048626) - timing_s/agent_loop/generate_sequences/mean:np.float64(8.559909659983532) - timing_s/agent_loop/tool_calls/min:np.float64(0.0) - timing_s/agent_loop/tool_calls/max:np.float64(0.0) - timing_s/agent_loop/tool_calls/mean:np.float64(0.0) - timing_s/agent_loop/compute_score/min:np.float64(0.006540164351463318) - timing_s/agent_loop/compute_score/max:np.float64(0.02742210403084755) - timing_s/agent_loop/compute_score/mean:np.float64(0.01032156083965674) - timing_s/agent_loop/slowest/generate_sequences:np.float64(18.97902362048626) - timing_s/agent_loop/slowest/tool_calls:np.float64(0.0) - timing_s/agent_loop/slowest/compute_score:np.float64(0.010367114096879959) - timing_s/agent_loop/slowest/num_preempted:np.int64(-1) - timing_s/agent_loop/slowest/prompt_length:90 - timing_s/agent_loop/slowest/response_length:1024 - timing_s/gen:19.983151517808437 - timing_s/reward:3.084540367126465e-05 - timing_s/old_log_prob:44.927907064557076 - timing_s/ref:64.16293183341622 - timing_s/adv:0.017027094960212708 - timing_s/update_actor:188.88342377915978 - timing_s/update_weights:4.569240279495716 - timing_s/step:322.69430531933904 - timing_s/stop_profile:0.00013975054025650024 - timing_per_token_ms/gen:0.10901942464393388 - timing_per_token_ms/update_actor:0.8358746201024015 - timing_per_token_ms/ref:0.28394321321504185 - timing_per_token_ms/adv:7.535079705012017e-05 - perf/total_num_tokens:225971 - perf/time_per_step:322.69430531933904 - perf/throughput:175.06584116535507
[36m(TaskRunner pid=2033431)[0m step:186 - global_seqlen/min:57171 - global_seqlen/max:61291 - global_seqlen/minmax_diff:4120 - global_seqlen/balanced_min:59322 - global_seqlen/balanced_max:59328 - global_seqlen/mean:59325.5 - actor/entropy:0.09372866898775101 - perf/mfu/actor_infer:0.03301108600482829 - actor/pg_clipfrac:np.float64(0.00013315118667378556) - actor/ppo_kl:np.float64(-2.082612518883309e-05) - actor/pg_clipfrac_lower:np.float64(0.0) - actor/pg_loss:np.float64(0.010522012424189597) - actor/kl_loss:np.float64(0.1385784917511046) - actor/kl_coef:np.float64(0.0010000000000000005) - actor/loss:np.float64(0.010660590138286352) - actor/grad_norm:np.float64(0.23412945121526718) - actor/perf/max_memory_allocated_gb:np.float64(20.273035049438477) - actor/perf/max_memory_reserved_gb:np.float64(34.158203125) - actor/perf/cpu_memory_used_gb:np.float64(107.2436351776123) - actor/lr:np.float64(1e-06) - perf/mfu/actor:np.float64(0.023408191597073528) - training/global_step:186 - training/epoch:1 - critic/score/mean:0.953125 - critic/score/max:1.0 - critic/score/min:0.0 - critic/rewards/mean:0.953125 - critic/rewards/max:1.0 - critic/rewards/min:0.0 - critic/advantages/mean:-0.010751146823167801 - critic/advantages/max:1.6201815605163574 - critic/advantages/min:-2.4748666286468506 - critic/returns/mean:-0.010751146823167801 - critic/returns/max:1.6201815605163574 - critic/returns/min:-2.4748666286468506 - response_length/mean:379.90234375 - response_length/max:1024.0 - response_length/min:131.0 - response_length/clip_ratio:0.025390625 - response_length_non_aborted/mean:379.90234375 - response_length_non_aborted/max:1024.0 - response_length_non_aborted/min:131.0 - response_length_non_aborted/clip_ratio:0.025390625 - response/aborted_ratio:0.0 - prompt_length/mean:83.578125 - prompt_length/max:149.0 - prompt_length/min:47.0 - prompt_length/clip_ratio:0.0 - num_turns/min:np.int32(2) - num_turns/max:np.int32(2) - num_turns/mean:np.float64(2.0) - timing_s/start_profile:8.438527584075928e-05 - timing_s/agent_loop/num_preempted/min:np.int64(-1) - timing_s/agent_loop/num_preempted/max:np.int64(-1) - timing_s/agent_loop/num_preempted/mean:np.float64(-1.0) - timing_s/agent_loop/generate_sequences/min:np.float64(3.264896634966135) - timing_s/agent_loop/generate_sequences/max:np.float64(19.573611438274384) - timing_s/agent_loop/generate_sequences/mean:np.float64(9.01938469552988) - timing_s/agent_loop/tool_calls/min:np.float64(0.0) - timing_s/agent_loop/tool_calls/max:np.float64(0.0) - timing_s/agent_loop/tool_calls/mean:np.float64(0.0) - timing_s/agent_loop/compute_score/min:np.float64(0.007144283503293991) - timing_s/agent_loop/compute_score/max:np.float64(0.028638694435358047) - timing_s/agent_loop/compute_score/mean:np.float64(0.01049910132860532) - timing_s/agent_loop/slowest/generate_sequences:np.float64(19.573611438274384) - timing_s/agent_loop/slowest/tool_calls:np.float64(0.0) - timing_s/agent_loop/slowest/compute_score:np.float64(0.011444475501775742) - timing_s/agent_loop/slowest/num_preempted:np.int64(-1) - timing_s/agent_loop/slowest/prompt_length:112 - timing_s/agent_loop/slowest/response_length:1024 - timing_s/gen:20.558943409472704 - timing_s/reward:2.7447938919067383e-05 - timing_s/old_log_prob:45.16162680462003 - timing_s/ref:64.37588880211115 - timing_s/adv:0.016732610762119293 - timing_s/update_actor:189.26401426270604 - timing_s/update_weights:4.552300192415714 - timing_s/step:324.08332695811987 - timing_s/stop_profile:0.00014125555753707886 - timing_per_token_ms/gen:0.10569607428652873 - timing_per_token_ms/update_actor:0.7975660308918848 - timing_per_token_ms/ref:0.2712825378720413 - timing_per_token_ms/adv:7.051188258893433e-05 - perf/total_num_tokens:237302 - perf/time_per_step:324.08332695811987 - perf/throughput:183.0563162777776
[36m(TaskRunner pid=2033431)[0m step:187 - global_seqlen/min:46726 - global_seqlen/max:57561 - global_seqlen/minmax_diff:10835 - global_seqlen/balanced_min:53663 - global_seqlen/balanced_max:53666 - global_seqlen/mean:53664.5 - actor/entropy:0.08496418595314026 - perf/mfu/actor_infer:0.029973042934658467 - actor/pg_clipfrac:np.float64(0.0002137727128683764) - actor/ppo_kl:np.float64(1.7308546667038627e-05) - actor/pg_clipfrac_lower:np.float64(0.0) - actor/pg_loss:np.float64(0.01481719862204045) - actor/kl_loss:np.float64(0.1556351351318881) - actor/kl_coef:np.float64(0.0010000000000000005) - actor/loss:np.float64(0.014972833450883627) - actor/grad_norm:np.float64(0.31408344209194183) - actor/perf/max_memory_allocated_gb:np.float64(20.273035049438477) - actor/perf/max_memory_reserved_gb:np.float64(34.158203125) - actor/perf/cpu_memory_used_gb:np.float64(107.26497077941895) - actor/lr:np.float64(1e-06) - perf/mfu/actor:np.float64(0.021170881611901976) - training/global_step:187 - training/epoch:1 - critic/score/mean:0.9296875 - critic/score/max:1.0 - critic/score/min:0.0 - critic/rewards/mean:0.9296875 - critic/rewards/max:1.0 - critic/rewards/min:0.0 - critic/advantages/mean:-0.014695925638079643 - critic/advantages/max:1.20761239528656 - critic/advantages/min:-2.4748666286468506 - critic/returns/mean:-0.014695925638079643 - critic/returns/max:1.20761239528656 - critic/returns/min:-2.4748666286468506 - response_length/mean:340.03515625 - response_length/max:1024.0 - response_length/min:111.0 - response_length/clip_ratio:0.009765625 - response_length_non_aborted/mean:340.03515625 - response_length_non_aborted/max:1024.0 - response_length_non_aborted/min:111.0 - response_length_non_aborted/clip_ratio:0.009765625 - response/aborted_ratio:0.0 - prompt_length/mean:79.21875 - prompt_length/max:157.0 - prompt_length/min:46.0 - prompt_length/clip_ratio:0.0 - num_turns/min:np.int32(2) - num_turns/max:np.int32(2) - num_turns/mean:np.float64(2.0) - timing_s/start_profile:7.423758506774902e-05 - timing_s/agent_loop/num_preempted/min:np.int64(-1) - timing_s/agent_loop/num_preempted/max:np.int64(-1) - timing_s/agent_loop/num_preempted/mean:np.float64(-1.0) - timing_s/agent_loop/generate_sequences/min:np.float64(2.77943954244256) - timing_s/agent_loop/generate_sequences/max:np.float64(18.34707313030958) - timing_s/agent_loop/generate_sequences/mean:np.float64(8.112052259471966) - timing_s/agent_loop/tool_calls/min:np.float64(0.0) - timing_s/agent_loop/tool_calls/max:np.float64(0.0) - timing_s/agent_loop/tool_calls/mean:np.float64(0.0) - timing_s/agent_loop/compute_score/min:np.float64(0.0060906969010829926) - timing_s/agent_loop/compute_score/max:np.float64(0.029587842524051666) - timing_s/agent_loop/compute_score/mean:np.float64(0.010474324189999606) - timing_s/agent_loop/slowest/generate_sequences:np.float64(18.34707313030958) - timing_s/agent_loop/slowest/tool_calls:np.float64(0.0) - timing_s/agent_loop/slowest/compute_score:np.float64(0.008933503180742264) - timing_s/agent_loop/slowest/num_preempted:np.int64(-1) - timing_s/agent_loop/slowest/prompt_length:71 - timing_s/agent_loop/slowest/response_length:1024 - timing_s/gen:19.441577687859535 - timing_s/reward:1.9624829292297363e-05 - timing_s/old_log_prob:44.89494355767965 - timing_s/ref:63.941586546599865 - timing_s/adv:0.016973886638879776 - timing_s/update_actor:189.2700513638556 - timing_s/update_weights:4.585251476615667 - timing_s/step:322.301086820662 - timing_s/stop_profile:0.00013099238276481628 - timing_per_token_ms/gen:0.1116703103301562 - timing_per_token_ms/update_actor:0.8817283835862423 - timing_per_token_ms/ref:0.29787655967445825 - timing_per_token_ms/adv:7.907409292399899e-05 - perf/total_num_tokens:214658 - perf/time_per_step:322.301086820662 - perf/throughput:166.5042477187194
[36m(TaskRunner pid=2033431)[0m step:188 - global_seqlen/min:54876 - global_seqlen/max:63626 - global_seqlen/minmax_diff:8750 - global_seqlen/balanced_min:59093 - global_seqlen/balanced_max:59094 - global_seqlen/mean:59093.75 - actor/entropy:0.07552803307771683 - perf/mfu/actor_infer:0.03286889344630375 - actor/pg_clipfrac:np.float64(0.0001665840259192919) - actor/ppo_kl:np.float64(6.514960009695869e-05) - actor/pg_clipfrac_lower:np.float64(0.0) - actor/pg_loss:np.float64(-0.0034413242829032242) - actor/kl_loss:np.float64(0.13893909475882538) - actor/kl_coef:np.float64(0.0010000000000000005) - actor/loss:np.float64(-0.003302382305264473) - actor/grad_norm:np.float64(0.2645643875002861) - actor/perf/max_memory_allocated_gb:np.float64(20.273035049438477) - actor/perf/max_memory_reserved_gb:np.float64(34.158203125) - actor/perf/cpu_memory_used_gb:np.float64(109.50429344177246) - actor/lr:np.float64(1e-06) - perf/mfu/actor:np.float64(0.023222091964042568) - training/global_step:188 - training/epoch:1 - critic/score/mean:0.951171875 - critic/score/max:1.0 - critic/score/min:0.0 - critic/rewards/mean:0.951171875 - critic/rewards/max:1.0 - critic/rewards/min:0.0 - critic/advantages/mean:0.0031871802639216185 - critic/advantages/max:2.4748666286468506 - critic/advantages/min:-2.4748666286468506 - critic/returns/mean:0.0031871802639216185 - critic/returns/max:2.4748666286468506 - critic/returns/min:-2.4748666286468506 - response_length/mean:374.013671875 - response_length/max:1024.0 - response_length/min:145.0 - response_length/clip_ratio:0.00390625 - response_length_non_aborted/mean:374.013671875 - response_length_non_aborted/max:1024.0 - response_length_non_aborted/min:145.0 - response_length_non_aborted/clip_ratio:0.00390625 - response/aborted_ratio:0.0 - prompt_length/mean:87.65625 - prompt_length/max:137.0 - prompt_length/min:58.0 - prompt_length/clip_ratio:0.0 - num_turns/min:np.int32(2) - num_turns/max:np.int32(2) - num_turns/mean:np.float64(2.0) - timing_s/start_profile:7.961317896842957e-05 - timing_s/agent_loop/num_preempted/min:np.int64(-1) - timing_s/agent_loop/num_preempted/max:np.int64(-1) - timing_s/agent_loop/num_preempted/mean:np.float64(-1.0) - timing_s/agent_loop/generate_sequences/min:np.float64(3.654826369136572) - timing_s/agent_loop/generate_sequences/max:np.float64(19.468260500580072) - timing_s/agent_loop/generate_sequences/mean:np.float64(9.079666249286674) - timing_s/agent_loop/tool_calls/min:np.float64(0.0) - timing_s/agent_loop/tool_calls/max:np.float64(0.0) - timing_s/agent_loop/tool_calls/mean:np.float64(0.0) - timing_s/agent_loop/compute_score/min:np.float64(0.007347404956817627) - timing_s/agent_loop/compute_score/max:np.float64(0.02072526514530182) - timing_s/agent_loop/compute_score/mean:np.float64(0.01065738716715714) - timing_s/agent_loop/slowest/generate_sequences:np.float64(19.468260500580072) - timing_s/agent_loop/slowest/tool_calls:np.float64(0.0) - timing_s/agent_loop/slowest/compute_score:np.float64(0.012302719056606293) - timing_s/agent_loop/slowest/num_preempted:np.int64(-1) - timing_s/agent_loop/slowest/prompt_length:89 - timing_s/agent_loop/slowest/response_length:1024 - timing_s/gen:20.4638096652925 - timing_s/reward:2.380087971687317e-05 - timing_s/old_log_prob:45.1396157220006 - timing_s/ref:63.83357808738947 - timing_s/adv:0.017046775668859482 - timing_s/update_actor:190.2873459905386 - timing_s/update_weights:4.525647237896919 - timing_s/step:324.4191298224032 - timing_s/stop_profile:0.00014907494187355042 - timing_per_token_ms/gen:0.10686341505152877 - timing_per_token_ms/update_actor:0.8050231453856735 - timing_per_token_ms/ref:0.27005215478536 - timing_per_token_ms/adv:7.211750679580954e-05 - perf/total_num_tokens:236375 - perf/time_per_step:324.4191298224032 - perf/throughput:182.1524829079891
[36m(TaskRunner pid=2033431)[0m step:189 - global_seqlen/min:52353 - global_seqlen/max:60323 - global_seqlen/minmax_diff:7970 - global_seqlen/balanced_min:56534 - global_seqlen/balanced_max:56597 - global_seqlen/mean:56550.0 - actor/entropy:0.07355361431837082 - perf/mfu/actor_infer:0.03151351440923086 - actor/pg_clipfrac:np.float64(0.00010648524857970187) - actor/ppo_kl:np.float64(9.430490561612714e-05) - actor/pg_clipfrac_lower:np.float64(0.0) - actor/pg_loss:np.float64(0.00432816898683086) - actor/kl_loss:np.float64(0.1408501025289297) - actor/kl_coef:np.float64(0.0010000000000000005) - actor/loss:np.float64(0.004469018429517746) - actor/grad_norm:np.float64(0.185393288731575) - actor/perf/max_memory_allocated_gb:np.float64(20.273035049438477) - actor/perf/max_memory_reserved_gb:np.float64(34.158203125) - actor/perf/cpu_memory_used_gb:np.float64(107.72888946533203) - actor/lr:np.float64(1e-06) - perf/mfu/actor:np.float64(0.022340152275639184) - training/global_step:189 - training/epoch:1 - critic/score/mean:0.994140625 - critic/score/max:1.0 - critic/score/min:0.0 - critic/rewards/mean:0.994140625 - critic/rewards/max:1.0 - critic/rewards/min:0.0 - critic/advantages/mean:-0.004335358273237944 - critic/advantages/max:0.5400605201721191 - critic/advantages/min:-2.4748666286468506 - critic/returns/mean:-0.004335358273237944 - critic/returns/max:0.5400605201721191 - critic/returns/min:-2.4748666286468506 - response_length/mean:362.734375 - response_length/max:1024.0 - response_length/min:162.0 - response_length/clip_ratio:0.001953125 - response_length_non_aborted/mean:362.734375 - response_length_non_aborted/max:1024.0 - response_length_non_aborted/min:162.0 - response_length_non_aborted/clip_ratio:0.001953125 - response/aborted_ratio:0.0 - prompt_length/mean:79.0625 - prompt_length/max:116.0 - prompt_length/min:50.0 - prompt_length/clip_ratio:0.0 - num_turns/min:np.int32(2) - num_turns/max:np.int32(2) - num_turns/mean:np.float64(2.0) - timing_s/start_profile:0.00017330795526504517 - timing_s/agent_loop/num_preempted/min:np.int64(-1) - timing_s/agent_loop/num_preempted/max:np.int64(-1) - timing_s/agent_loop/num_preempted/mean:np.float64(-1.0) - timing_s/agent_loop/generate_sequences/min:np.float64(3.9409237764775753) - timing_s/agent_loop/generate_sequences/max:np.float64(18.531873669475317) - timing_s/agent_loop/generate_sequences/mean:np.float64(8.730028326994216) - timing_s/agent_loop/tool_calls/min:np.float64(0.0) - timing_s/agent_loop/tool_calls/max:np.float64(0.0) - timing_s/agent_loop/tool_calls/mean:np.float64(0.0) - timing_s/agent_loop/compute_score/min:np.float64(0.006362907588481903) - timing_s/agent_loop/compute_score/max:np.float64(0.024136774241924286) - timing_s/agent_loop/compute_score/mean:np.float64(0.010368810733780265) - timing_s/agent_loop/slowest/generate_sequences:np.float64(18.531873669475317) - timing_s/agent_loop/slowest/tool_calls:np.float64(0.0) - timing_s/agent_loop/slowest/compute_score:np.float64(0.009529169648885727) - timing_s/agent_loop/slowest/num_preempted:np.int64(-1) - timing_s/agent_loop/slowest/prompt_length:105 - timing_s/agent_loop/slowest/response_length:1024 - timing_s/gen:19.551144529134035 - timing_s/reward:2.035871148109436e-05 - timing_s/old_log_prob:44.95719441026449 - timing_s/ref:64.19029519706964 - timing_s/adv:0.014115244150161743 - timing_s/update_actor:188.65071965381503 - timing_s/update_weights:4.596935737878084 - timing_s/step:322.10923597216606 - timing_s/stop_profile:0.00019051507115364075 - timing_per_token_ms/gen:0.10527215447519941 - timing_per_token_ms/update_actor:0.8339996448002432 - timing_per_token_ms/ref:0.28377672500914963 - timing_per_token_ms/adv:6.240160985924732e-05 - perf/total_num_tokens:226200 - perf/time_per_step:322.10923597216606 - perf/throughput:175.56156013137905
[36m(TaskRunner pid=2033431)[0m test_gen_batch meta info: {'eos_token_id': 151645, 'pad_token_id': 151643, 'recompute_log_prob': False, 'do_sample': False, 'validate': True, 'global_steps': 190}
[36m(TaskRunner pid=2033431)[0m validation generation end
[36m(TaskRunner pid=2033431)[0m step:190 - global_seqlen/min:55594 - global_seqlen/max:59347 - global_seqlen/minmax_diff:3753 - global_seqlen/balanced_min:57101 - global_seqlen/balanced_max:57105 - global_seqlen/mean:57103.75 - actor/entropy:0.0767657682299614 - perf/mfu/actor_infer:0.03181579159775425 - actor/pg_clipfrac:np.float64(9.245618548447965e-05) - actor/ppo_kl:np.float64(2.4970238012400614e-05) - actor/pg_clipfrac_lower:np.float64(0.0) - actor/pg_loss:np.float64(-0.0003767807502299547) - actor/kl_loss:np.float64(0.13900035904953256) - actor/kl_coef:np.float64(0.0010000000000000005) - actor/loss:np.float64(-0.00023778056493028998) - actor/grad_norm:np.float64(0.15543658286333084) - actor/perf/max_memory_allocated_gb:np.float64(20.273035049438477) - actor/perf/max_memory_reserved_gb:np.float64(34.158203125) - actor/perf/cpu_memory_used_gb:np.float64(107.22786903381348) - actor/lr:np.float64(1e-06) - perf/mfu/actor:np.float64(0.022612027568897578) - val-aux/openai/gsm8k/reward/mean@1:np.float64(0.9393479909021987) - val-core/openai/gsm8k/acc/mean@1:np.float64(0.9393479909021987) - val-aux/num_turns/min:np.int32(2) - val-aux/num_turns/max:np.int32(2) - val-aux/num_turns/mean:np.float64(2.0) - training/global_step:190 - training/epoch:1 - critic/score/mean:0.984375 - critic/score/max:1.0 - critic/score/min:0.0 - critic/rewards/mean:0.984375 - critic/rewards/max:1.0 - critic/rewards/min:0.0 - critic/advantages/mean:0.0004061731160618365 - critic/advantages/max:2.4748666286468506 - critic/advantages/min:-2.4748666286468506 - critic/returns/mean:0.0004061731160618365 - critic/returns/max:2.4748666286468506 - critic/returns/min:-2.4748666286468506 - response_length/mean:360.419921875 - response_length/max:1024.0 - response_length/min:119.0 - response_length/clip_ratio:0.001953125 - response_length_non_aborted/mean:360.419921875 - response_length_non_aborted/max:1024.0 - response_length_non_aborted/min:119.0 - response_length_non_aborted/clip_ratio:0.001953125 - response/aborted_ratio:0.0 - prompt_length/mean:85.703125 - prompt_length/max:211.0 - prompt_length/min:50.0 - prompt_length/clip_ratio:0.0 - num_turns/min:np.int32(2) - num_turns/max:np.int32(2) - num_turns/mean:np.float64(2.0) - timing_s/start_profile:8.780509233474731e-05 - timing_s/agent_loop/num_preempted/min:np.int64(-1) - timing_s/agent_loop/num_preempted/max:np.int64(-1) - timing_s/agent_loop/num_preempted/mean:np.float64(-1.0) - timing_s/agent_loop/generate_sequences/min:np.float64(2.9484310410916805) - timing_s/agent_loop/generate_sequences/max:np.float64(18.87114953622222) - timing_s/agent_loop/generate_sequences/mean:np.float64(8.55029851119616) - timing_s/agent_loop/tool_calls/min:np.float64(0.0) - timing_s/agent_loop/tool_calls/max:np.float64(0.0) - timing_s/agent_loop/tool_calls/mean:np.float64(0.0) - timing_s/agent_loop/compute_score/min:np.float64(0.006823603063821793) - timing_s/agent_loop/compute_score/max:np.float64(0.027994588017463684) - timing_s/agent_loop/compute_score/mean:np.float64(0.010497322284209076) - timing_s/agent_loop/slowest/generate_sequences:np.float64(18.87114953622222) - timing_s/agent_loop/slowest/tool_calls:np.float64(0.0) - timing_s/agent_loop/slowest/compute_score:np.float64(0.01176045835018158) - timing_s/agent_loop/slowest/num_preempted:np.int64(-1) - timing_s/agent_loop/slowest/prompt_length:95 - timing_s/agent_loop/slowest/response_length:1024 - timing_s/gen:19.873090993613005 - timing_s/reward:2.489238977432251e-05 - timing_s/old_log_prob:45.358642276376486 - timing_s/ref:63.99321282282472 - timing_s/adv:0.016891084611415863 - timing_s/update_actor:188.32668078318238 - timing_s/update_weights:4.477271296083927 - timing_s/step:322.19520046934485 - timing_s/testing:30.662005472928286 - timing_s/stop_profile:0.00013466551899909973 - timing_per_token_ms/gen:0.10769280078908068 - timing_per_token_ms/update_actor:0.8244934911594352 - timing_per_token_ms/ref:0.28016204199735006 - timing_per_token_ms/adv:7.394910409305809e-05 - perf/total_num_tokens:228415 - perf/time_per_step:322.19520046934485 - perf/throughput:177.23339738399707
[36m(TaskRunner pid=2033431)[0m step:191 - global_seqlen/min:53957 - global_seqlen/max:65142 - global_seqlen/minmax_diff:11185 - global_seqlen/balanced_min:60178 - global_seqlen/balanced_max:60180 - global_seqlen/mean:60178.75 - actor/entropy:0.09264666587114334 - perf/mfu/actor_infer:0.033504431407119756 - actor/pg_clipfrac:np.float64(0.00028857282268290874) - actor/ppo_kl:np.float64(4.3339213522841646e-05) - actor/pg_clipfrac_lower:np.float64(1.9073486328125e-06) - actor/pg_loss:np.float64(0.01290535571752116) - actor/kl_loss:np.float64(0.14185234770411626) - actor/kl_coef:np.float64(0.0010000000000000005) - actor/loss:np.float64(0.01304721087217331) - actor/grad_norm:np.float64(0.3182620704174042) - actor/perf/max_memory_allocated_gb:np.float64(20.273035049438477) - actor/perf/max_memory_reserved_gb:np.float64(34.158203125) - actor/perf/cpu_memory_used_gb:np.float64(107.18326950073242) - actor/lr:np.float64(1e-06) - perf/mfu/actor:np.float64(0.023807975783278056) - training/global_step:191 - training/epoch:1 - critic/score/mean:0.94921875 - critic/score/max:1.0 - critic/score/min:0.0 - critic/rewards/mean:0.94921875 - critic/rewards/max:1.0 - critic/rewards/min:0.0 - critic/advantages/mean:-0.01322305016219616 - critic/advantages/max:0.935412585735321 - critic/advantages/min:-2.4748666286468506 - critic/returns/mean:-0.01322305016219616 - critic/returns/max:0.935412585735321 - critic/returns/min:-2.4748666286468506 - response_length/mean:390.474609375 - response_length/max:1024.0 - response_length/min:127.0 - response_length/clip_ratio:0.021484375 - response_length_non_aborted/mean:390.474609375 - response_length_non_aborted/max:1024.0 - response_length_non_aborted/min:127.0 - response_length_non_aborted/clip_ratio:0.021484375 - response/aborted_ratio:0.0 - prompt_length/mean:79.671875 - prompt_length/max:139.0 - prompt_length/min:48.0 - prompt_length/clip_ratio:0.0 - num_turns/min:np.int32(2) - num_turns/max:np.int32(2) - num_turns/mean:np.float64(2.0) - timing_s/start_profile:7.77803361415863e-05 - timing_s/agent_loop/num_preempted/min:np.int64(-1) - timing_s/agent_loop/num_preempted/max:np.int64(-1) - timing_s/agent_loop/num_preempted/mean:np.float64(-1.0) - timing_s/agent_loop/generate_sequences/min:np.float64(3.0761950835585594) - timing_s/agent_loop/generate_sequences/max:np.float64(20.066567454487085) - timing_s/agent_loop/generate_sequences/mean:np.float64(9.19554540621175) - timing_s/agent_loop/tool_calls/min:np.float64(0.0) - timing_s/agent_loop/tool_calls/max:np.float64(0.0) - timing_s/agent_loop/tool_calls/mean:np.float64(0.0) - timing_s/agent_loop/compute_score/min:np.float64(0.007023677229881287) - timing_s/agent_loop/compute_score/max:np.float64(0.030011441558599472) - timing_s/agent_loop/compute_score/mean:np.float64(0.010381636828242335) - timing_s/agent_loop/slowest/generate_sequences:np.float64(20.066567454487085) - timing_s/agent_loop/slowest/tool_calls:np.float64(0.0) - timing_s/agent_loop/slowest/compute_score:np.float64(0.010596327483654022) - timing_s/agent_loop/slowest/num_preempted:np.int64(-1) - timing_s/agent_loop/slowest/prompt_length:74 - timing_s/agent_loop/slowest/response_length:1024 - timing_s/gen:21.117191269993782 - timing_s/reward:2.7388334274291992e-05 - timing_s/old_log_prob:45.53260729089379 - timing_s/ref:64.0367960035801 - timing_s/adv:0.017890382558107376 - timing_s/update_actor:188.83843198418617 - timing_s/update_weights:4.524364400655031 - timing_s/step:324.2178986631334 - timing_s/stop_profile:0.00015195459127426147 - timing_per_token_ms/gen:0.10562662259966979 - timing_per_token_ms/update_actor:0.7844896744456563 - timing_per_token_ms/ref:0.26602744325688094 - timing_per_token_ms/adv:7.432184350002026e-05 - perf/total_num_tokens:240715 - perf/time_per_step:324.2178986631334 - perf/throughput:185.61205364706439
[36m(TaskRunner pid=2033431)[0m step:192 - global_seqlen/min:52542 - global_seqlen/max:61944 - global_seqlen/minmax_diff:9402 - global_seqlen/balanced_min:56973 - global_seqlen/balanced_max:56976 - global_seqlen/mean:56974.5 - actor/entropy:0.0816483199596405 - perf/mfu/actor_infer:0.031749267702121435 - actor/pg_clipfrac:np.float64(0.00024488323515470256) - actor/ppo_kl:np.float64(8.432545271475078e-05) - actor/pg_clipfrac_lower:np.float64(0.0) - actor/pg_loss:np.float64(0.0075982207781635225) - actor/kl_loss:np.float64(0.14716105195111595) - actor/kl_coef:np.float64(0.0010000000000000005) - actor/loss:np.float64(0.007745381444692612) - actor/grad_norm:np.float64(0.2923991084098816) - actor/perf/max_memory_allocated_gb:np.float64(20.273035049438477) - actor/perf/max_memory_reserved_gb:np.float64(34.158203125) - actor/perf/cpu_memory_used_gb:np.float64(107.39869689941406) - actor/lr:np.float64(1e-06) - perf/mfu/actor:np.float64(0.022475960375480154) - training/global_step:192 - training/epoch:1 - critic/score/mean:0.935546875 - critic/score/max:1.0 - critic/score/min:0.0 - critic/rewards/mean:0.935546875 - critic/rewards/max:1.0 - critic/rewards/min:0.0 - critic/advantages/mean:-0.007804753724485636 - critic/advantages/max:1.20761239528656 - critic/advantages/min:-2.4748666286468506 - critic/returns/mean:-0.007804753724485636 - critic/returns/max:1.20761239528656 - critic/returns/min:-2.4748666286468506 - response_length/mean:361.73828125 - response_length/max:1024.0 - response_length/min:109.0 - response_length/clip_ratio:0.005859375 - response_length_non_aborted/mean:361.73828125 - response_length_non_aborted/max:1024.0 - response_length_non_aborted/min:109.0 - response_length_non_aborted/clip_ratio:0.005859375 - response/aborted_ratio:0.0 - prompt_length/mean:83.375 - prompt_length/max:147.0 - prompt_length/min:55.0 - prompt_length/clip_ratio:0.0 - num_turns/min:np.int32(2) - num_turns/max:np.int32(2) - num_turns/mean:np.float64(2.0) - timing_s/start_profile:8.434802293777466e-05 - timing_s/agent_loop/num_preempted/min:np.int64(-1) - timing_s/agent_loop/num_preempted/max:np.int64(-1) - timing_s/agent_loop/num_preempted/mean:np.float64(-1.0) - timing_s/agent_loop/generate_sequences/min:np.float64(2.7398050166666508) - timing_s/agent_loop/generate_sequences/max:np.float64(19.089888583868742) - timing_s/agent_loop/generate_sequences/mean:np.float64(8.600300608959515) - timing_s/agent_loop/tool_calls/min:np.float64(0.0) - timing_s/agent_loop/tool_calls/max:np.float64(0.0) - timing_s/agent_loop/tool_calls/mean:np.float64(0.0) - timing_s/agent_loop/compute_score/min:np.float64(0.005883075296878815) - timing_s/agent_loop/compute_score/max:np.float64(0.021182212978601456) - timing_s/agent_loop/compute_score/mean:np.float64(0.01029999167076312) - timing_s/agent_loop/slowest/generate_sequences:np.float64(19.089888583868742) - timing_s/agent_loop/slowest/tool_calls:np.float64(0.0) - timing_s/agent_loop/slowest/compute_score:np.float64(0.011231835931539536) - timing_s/agent_loop/slowest/num_preempted:np.int64(-1) - timing_s/agent_loop/slowest/prompt_length:111 - timing_s/agent_loop/slowest/response_length:1024 - timing_s/gen:20.12260688096285 - timing_s/reward:2.2426247596740723e-05 - timing_s/old_log_prob:45.3112224675715 - timing_s/ref:63.994606874883175 - timing_s/adv:0.016852624714374542 - timing_s/update_actor:189.1696864850819 - timing_s/update_weights:4.511868637055159 - timing_s/step:323.2732780314982 - timing_s/stop_profile:0.00016057491302490234 - timing_per_token_ms/gen:0.10864751838973516 - timing_per_token_ms/update_actor:0.8300629513426265 - timing_per_token_ms/ref:0.28080372304664003 - timing_per_token_ms/adv:7.394810272303637e-05 - perf/total_num_tokens:227898 - perf/time_per_step:323.2732780314982 - perf/throughput:176.2425287575074
[36m(TaskRunner pid=2033431)[0m step:193 - global_seqlen/min:49657 - global_seqlen/max:66177 - global_seqlen/minmax_diff:16520 - global_seqlen/balanced_min:59060 - global_seqlen/balanced_max:59066 - global_seqlen/mean:59063.5 - actor/entropy:0.08612524718046188 - perf/mfu/actor_infer:0.03287121216632285 - actor/pg_clipfrac:np.float64(0.00011959722451138077) - actor/ppo_kl:np.float64(-6.313033354388153e-05) - actor/pg_clipfrac_lower:np.float64(0.0) - actor/pg_loss:np.float64(0.010825554782059044) - actor/kl_loss:np.float64(0.1479611969261896) - actor/kl_coef:np.float64(0.0010000000000000005) - actor/loss:np.float64(0.01097351685166359) - actor/grad_norm:np.float64(0.2503884509205818) - actor/perf/max_memory_allocated_gb:np.float64(20.273035049438477) - actor/perf/max_memory_reserved_gb:np.float64(34.158203125) - actor/perf/cpu_memory_used_gb:np.float64(107.90752220153809) - actor/lr:np.float64(1e-06) - perf/mfu/actor:np.float64(0.02334908091201237) - training/global_step:193 - training/epoch:1 - critic/score/mean:0.955078125 - critic/score/max:1.0 - critic/score/min:0.0 - critic/rewards/mean:0.955078125 - critic/rewards/max:1.0 - critic/rewards/min:0.0 - critic/advantages/mean:-0.0109477574005723 - critic/advantages/max:0.935412585735321 - critic/advantages/min:-2.4748666286468506 - critic/returns/mean:-0.0109477574005723 - critic/returns/max:0.935412585735321 - critic/returns/min:-2.4748666286468506 - response_length/mean:372.57421875 - response_length/max:1024.0 - response_length/min:99.0 - response_length/clip_ratio:0.01171875 - response_length_non_aborted/mean:372.57421875 - response_length_non_aborted/max:1024.0 - response_length_non_aborted/min:99.0 - response_length_non_aborted/clip_ratio:0.01171875 - response/aborted_ratio:0.0 - prompt_length/mean:88.859375 - prompt_length/max:235.0 - prompt_length/min:53.0 - prompt_length/clip_ratio:0.0 - num_turns/min:np.int32(2) - num_turns/max:np.int32(2) - num_turns/mean:np.float64(2.0) - timing_s/start_profile:9.642168879508972e-05 - timing_s/agent_loop/num_preempted/min:np.int64(-1) - timing_s/agent_loop/num_preempted/max:np.int64(-1) - timing_s/agent_loop/num_preempted/mean:np.float64(-1.0) - timing_s/agent_loop/generate_sequences/min:np.float64(2.4743575640022755) - timing_s/agent_loop/generate_sequences/max:np.float64(19.493516597896814) - timing_s/agent_loop/generate_sequences/mean:np.float64(8.86625839350745) - timing_s/agent_loop/tool_calls/min:np.float64(0.0) - timing_s/agent_loop/tool_calls/max:np.float64(0.0) - timing_s/agent_loop/tool_calls/mean:np.float64(0.0) - timing_s/agent_loop/compute_score/min:np.float64(0.00573841854929924) - timing_s/agent_loop/compute_score/max:np.float64(0.02852058783173561) - timing_s/agent_loop/compute_score/mean:np.float64(0.010592084465315565) - timing_s/agent_loop/slowest/generate_sequences:np.float64(19.493516597896814) - timing_s/agent_loop/slowest/tool_calls:np.float64(0.0) - timing_s/agent_loop/slowest/compute_score:np.float64(0.011865835636854172) - timing_s/agent_loop/slowest/num_preempted:np.int64(-1) - timing_s/agent_loop/slowest/prompt_length:235 - timing_s/agent_loop/slowest/response_length:1024 - timing_s/gen:20.510006364434958 - timing_s/reward:2.68593430519104e-05 - timing_s/old_log_prob:45.09540665149689 - timing_s/ref:64.3416215442121 - timing_s/adv:0.01693633571267128 - timing_s/update_actor:188.88242999836802 - timing_s/update_weights:4.538653712719679 - timing_s/step:323.533230189234 - timing_s/stop_profile:0.00014802813529968262 - timing_per_token_ms/gen:0.10751845985193259 - timing_per_token_ms/update_actor:0.7994888128809164 - timing_per_token_ms/ref:0.272340876955362 - timing_per_token_ms/adv:7.168697974498328e-05 - perf/total_num_tokens:236254 - perf/time_per_step:323.533230189234 - perf/throughput:182.55775447070417
[36m(TaskRunner pid=2033431)[0m step:194 - global_seqlen/min:53270 - global_seqlen/max:58811 - global_seqlen/minmax_diff:5541 - global_seqlen/balanced_min:56600 - global_seqlen/balanced_max:56602 - global_seqlen/mean:56601.5 - actor/entropy:0.07382654398679733 - perf/mfu/actor_infer:0.03149354873083892 - actor/pg_clipfrac:np.float64(7.90057638369035e-05) - actor/ppo_kl:np.float64(-1.8267000044147608e-05) - actor/pg_clipfrac_lower:np.float64(0.0) - actor/pg_loss:np.float64(0.00024041527649387717) - actor/kl_loss:np.float64(0.13876443728804588) - actor/kl_coef:np.float64(0.0010000000000000005) - actor/loss:np.float64(0.00037918007001280785) - actor/grad_norm:np.float64(0.1173768900334835) - actor/perf/max_memory_allocated_gb:np.float64(20.273035049438477) - actor/perf/max_memory_reserved_gb:np.float64(34.158203125) - actor/perf/cpu_memory_used_gb:np.float64(107.99140167236328) - actor/lr:np.float64(1e-06) - perf/mfu/actor:np.float64(0.02237107408971286) - training/global_step:194 - training/epoch:1 - critic/score/mean:0.970703125 - critic/score/max:1.0 - critic/score/min:0.0 - critic/rewards/mean:0.970703125 - critic/rewards/max:1.0 - critic/rewards/min:0.0 - critic/advantages/mean:-9.566069638822228e-05 - critic/advantages/max:1.6201815605163574 - critic/advantages/min:-2.4748666286468506 - critic/returns/mean:-9.566069638822228e-05 - critic/returns/max:1.6201815605163574 - critic/returns/min:-2.4748666286468506 - response_length/mean:362.73046875 - response_length/max:824.0 - response_length/min:163.0 - response_length/clip_ratio:0.0 - response_length_non_aborted/mean:362.73046875 - response_length_non_aborted/max:824.0 - response_length_non_aborted/min:163.0 - response_length_non_aborted/clip_ratio:0.0 - response/aborted_ratio:0.0 - prompt_length/mean:79.46875 - prompt_length/max:124.0 - prompt_length/min:48.0 - prompt_length/clip_ratio:0.0 - num_turns/min:np.int32(2) - num_turns/max:np.int32(2) - num_turns/mean:np.float64(2.0) - timing_s/start_profile:7.43083655834198e-05 - timing_s/agent_loop/num_preempted/min:np.int64(-1) - timing_s/agent_loop/num_preempted/max:np.int64(-1) - timing_s/agent_loop/num_preempted/mean:np.float64(-1.0) - timing_s/agent_loop/generate_sequences/min:np.float64(4.064005296677351) - timing_s/agent_loop/generate_sequences/max:np.float64(16.22539723664522) - timing_s/agent_loop/generate_sequences/mean:np.float64(8.726276604713348) - timing_s/agent_loop/tool_calls/min:np.float64(0.0) - timing_s/agent_loop/tool_calls/max:np.float64(0.0) - timing_s/agent_loop/tool_calls/mean:np.float64(0.0) - timing_s/agent_loop/compute_score/min:np.float64(0.005370110273361206) - timing_s/agent_loop/compute_score/max:np.float64(0.027659770101308823) - timing_s/agent_loop/compute_score/mean:np.float64(0.010294689440343063) - timing_s/agent_loop/slowest/generate_sequences:np.float64(16.22539723664522) - timing_s/agent_loop/slowest/tool_calls:np.float64(0.0) - timing_s/agent_loop/slowest/compute_score:np.float64(0.011313308030366898) - timing_s/agent_loop/slowest/num_preempted:np.int64(-1) - timing_s/agent_loop/slowest/prompt_length:94 - timing_s/agent_loop/slowest/response_length:824 - timing_s/gen:17.269669473171234 - timing_s/reward:2.594664692878723e-05 - timing_s/old_log_prob:45.014183055609465 - timing_s/ref:64.19392803683877 - timing_s/adv:0.01744735985994339 - timing_s/update_actor:188.6592728421092 - timing_s/update_weights:4.605403367429972 - timing_s/step:319.8932002559304 - timing_s/stop_profile:0.00013556331396102905 - timing_per_token_ms/gen:0.09298866815909732 - timing_per_token_ms/update_actor:0.8332785917427507 - timing_per_token_ms/ref:0.2835345708012984 - timing_per_token_ms/adv:7.706226804918327e-05 - perf/total_num_tokens:226406 - perf/time_per_step:319.8932002559304 - perf/throughput:176.9387406631838
[36m(TaskRunner pid=2033431)[0m step:195 - global_seqlen/min:52390 - global_seqlen/max:60738 - global_seqlen/minmax_diff:8348 - global_seqlen/balanced_min:56983 - global_seqlen/balanced_max:56984 - global_seqlen/mean:56983.25 - actor/entropy:0.08338932693004608 - perf/mfu/actor_infer:0.03175158498833346 - actor/pg_clipfrac:np.float64(0.0003717974061601126) - actor/ppo_kl:np.float64(0.00014512238536212863) - actor/pg_clipfrac_lower:np.float64(0.0) - actor/pg_loss:np.float64(-0.0005035715876147151) - actor/kl_loss:np.float64(0.1488379204820376) - actor/kl_coef:np.float64(0.0010000000000000005) - actor/loss:np.float64(-0.00035473285242915154) - actor/grad_norm:np.float64(0.3257620930671692) - actor/perf/max_memory_allocated_gb:np.float64(20.273035049438477) - actor/perf/max_memory_reserved_gb:np.float64(34.158203125) - actor/perf/cpu_memory_used_gb:np.float64(107.3514633178711) - actor/lr:np.float64(1e-06) - perf/mfu/actor:np.float64(0.022524228659179732) - training/global_step:195 - training/epoch:1 - critic/score/mean:0.947265625 - critic/score/max:1.0 - critic/score/min:0.0 - critic/rewards/mean:0.947265625 - critic/rewards/max:1.0 - critic/rewards/min:0.0 - critic/advantages/mean:0.000590847572311759 - critic/advantages/max:1.6201815605163574 - critic/advantages/min:-2.4748666286468506 - critic/returns/mean:0.000590847572311759 - critic/returns/max:1.6201815605163574 - critic/returns/min:-2.4748666286468506 - response_length/mean:362.400390625 - response_length/max:1024.0 - response_length/min:150.0 - response_length/clip_ratio:0.013671875 - response_length_non_aborted/mean:362.400390625 - response_length_non_aborted/max:1024.0 - response_length_non_aborted/min:150.0 - response_length_non_aborted/clip_ratio:0.013671875 - response/aborted_ratio:0.0 - prompt_length/mean:82.78125 - prompt_length/max:132.0 - prompt_length/min:52.0 - prompt_length/clip_ratio:0.0 - num_turns/min:np.int32(2) - num_turns/max:np.int32(2) - num_turns/mean:np.float64(2.0) - timing_s/start_profile:0.00010496005415916443 - timing_s/agent_loop/num_preempted/min:np.int64(-1) - timing_s/agent_loop/num_preempted/max:np.int64(-1) - timing_s/agent_loop/num_preempted/mean:np.float64(-1.0) - timing_s/agent_loop/generate_sequences/min:np.float64(3.7753598242998123) - timing_s/agent_loop/generate_sequences/max:np.float64(19.23418663069606) - timing_s/agent_loop/generate_sequences/mean:np.float64(8.58767610303039) - timing_s/agent_loop/tool_calls/min:np.float64(0.0) - timing_s/agent_loop/tool_calls/max:np.float64(0.0) - timing_s/agent_loop/tool_calls/mean:np.float64(0.0) - timing_s/agent_loop/compute_score/min:np.float64(0.00592978298664093) - timing_s/agent_loop/compute_score/max:np.float64(0.0244685560464859) - timing_s/agent_loop/compute_score/mean:np.float64(0.010394915872893762) - timing_s/agent_loop/slowest/generate_sequences:np.float64(19.23418663069606) - timing_s/agent_loop/slowest/tool_calls:np.float64(0.0) - timing_s/agent_loop/slowest/compute_score:np.float64(0.010847628116607666) - timing_s/agent_loop/slowest/num_preempted:np.int64(-1) - timing_s/agent_loop/slowest/prompt_length:104 - timing_s/agent_loop/slowest/response_length:1024 - timing_s/gen:20.28175487369299 - timing_s/reward:2.6434659957885742e-05 - timing_s/old_log_prob:45.02855821326375 - timing_s/ref:64.05469680204988 - timing_s/adv:0.017427362501621246 - timing_s/update_actor:189.07030506432056 - timing_s/update_weights:4.575706150382757 - timing_s/step:323.18228993192315 - timing_s/stop_profile:0.00013096630573272705 - timing_per_token_ms/gen:0.10930673231164269 - timing_per_token_ms/update_actor:0.8294994803925739 - timing_per_token_ms/ref:0.2810242343234629 - timing_per_token_ms/adv:7.64582684456452e-05 - perf/total_num_tokens:227933 - perf/time_per_step:323.18228993192315 - perf/throughput:176.31922223214414
[36m(TaskRunner pid=2033431)[0m step:196 - global_seqlen/min:52159 - global_seqlen/max:63607 - global_seqlen/minmax_diff:11448 - global_seqlen/balanced_min:58160 - global_seqlen/balanced_max:58164 - global_seqlen/mean:58162.0 - actor/entropy:0.07694575190544128 - perf/mfu/actor_infer:0.032408701353566854 - actor/pg_clipfrac:np.float64(6.974476991672418e-05) - actor/ppo_kl:np.float64(-6.381492771367903e-05) - actor/pg_clipfrac_lower:np.float64(0.0) - actor/pg_loss:np.float64(-0.0009938200819306076) - actor/kl_loss:np.float64(0.141093012643978) - actor/kl_coef:np.float64(0.0010000000000000005) - actor/loss:np.float64(-0.0008527268655598164) - actor/grad_norm:np.float64(0.11007035151124) - actor/perf/max_memory_allocated_gb:np.float64(20.273035049438477) - actor/perf/max_memory_reserved_gb:np.float64(34.158203125) - actor/perf/cpu_memory_used_gb:np.float64(107.55127334594727) - actor/lr:np.float64(1e-06) - perf/mfu/actor:np.float64(0.022987349533424448) - training/global_step:196 - training/epoch:1 - critic/score/mean:0.998046875 - critic/score/max:1.0 - critic/score/min:0.0 - critic/rewards/mean:0.998046875 - critic/rewards/max:1.0 - critic/rewards/min:0.0 - critic/advantages/mean:0.001109285862185061 - critic/advantages/max:0.35355237126350403 - critic/advantages/min:-2.4748666286468506 - critic/returns/mean:0.001109285862185061 - critic/returns/max:0.35355237126350403 - critic/returns/min:-2.4748666286468506 - response_length/mean:369.765625 - response_length/max:939.0 - response_length/min:142.0 - response_length/clip_ratio:0.0 - response_length_non_aborted/mean:369.765625 - response_length_non_aborted/max:939.0 - response_length_non_aborted/min:142.0 - response_length_non_aborted/clip_ratio:0.0 - response/aborted_ratio:0.0 - prompt_length/mean:84.625 - prompt_length/max:143.0 - prompt_length/min:47.0 - prompt_length/clip_ratio:0.0 - num_turns/min:np.int32(2) - num_turns/max:np.int32(2) - num_turns/mean:np.float64(2.0) - timing_s/start_profile:8.747726678848267e-05 - timing_s/agent_loop/num_preempted/min:np.int64(-1) - timing_s/agent_loop/num_preempted/max:np.int64(-1) - timing_s/agent_loop/num_preempted/mean:np.float64(-1.0) - timing_s/agent_loop/generate_sequences/min:np.float64(3.4979147911071777) - timing_s/agent_loop/generate_sequences/max:np.float64(17.82502569258213) - timing_s/agent_loop/generate_sequences/mean:np.float64(8.917631428266759) - timing_s/agent_loop/tool_calls/min:np.float64(0.0) - timing_s/agent_loop/tool_calls/max:np.float64(0.0) - timing_s/agent_loop/tool_calls/mean:np.float64(0.0) - timing_s/agent_loop/compute_score/min:np.float64(0.0074446722865104675) - timing_s/agent_loop/compute_score/max:np.float64(0.02543410286307335) - timing_s/agent_loop/compute_score/mean:np.float64(0.010819694020028692) - timing_s/agent_loop/slowest/generate_sequences:np.float64(17.82502569258213) - timing_s/agent_loop/slowest/tool_calls:np.float64(0.0) - timing_s/agent_loop/slowest/compute_score:np.float64(0.01283283531665802) - timing_s/agent_loop/slowest/num_preempted:np.int64(-1) - timing_s/agent_loop/slowest/prompt_length:142 - timing_s/agent_loop/slowest/response_length:939 - timing_s/gen:18.776709161698818 - timing_s/reward:1.9770115613937378e-05 - timing_s/old_log_prob:44.98666013404727 - timing_s/ref:63.99058924987912 - timing_s/adv:0.017351392656564713 - timing_s/update_actor:189.08228517323732 - timing_s/update_weights:4.5628830678761005 - timing_s/step:321.55914463847876 - timing_s/stop_profile:0.00017567723989486694 - timing_per_token_ms/gen:0.09917974414588432 - timing_per_token_ms/update_actor:0.8127397835925403 - timing_per_token_ms/ref:0.2750532531974447 - timing_per_token_ms/adv:7.458216987278942e-05 - perf/total_num_tokens:232648 - perf/time_per_step:321.55914463847876 - perf/throughput:180.87496801059768
[36m(TaskRunner pid=2033431)[0m step:197 - global_seqlen/min:52314 - global_seqlen/max:62715 - global_seqlen/minmax_diff:10401 - global_seqlen/balanced_min:56800 - global_seqlen/balanced_max:56802 - global_seqlen/mean:56801.25 - actor/entropy:0.07746875286102295 - perf/mfu/actor_infer:0.031718143466170905 - actor/pg_clipfrac:np.float64(0.00018971091526509554) - actor/ppo_kl:np.float64(-0.0001429540992243794) - actor/pg_clipfrac_lower:np.float64(0.0) - actor/pg_loss:np.float64(0.0028514640871435404) - actor/kl_loss:np.float64(0.1441670397471171) - actor/kl_coef:np.float64(0.0010000000000000005) - actor/loss:np.float64(0.0029956299695186317) - actor/grad_norm:np.float64(0.1767088733613491) - actor/perf/max_memory_allocated_gb:np.float64(20.273035049438477) - actor/perf/max_memory_reserved_gb:np.float64(34.158203125) - actor/perf/cpu_memory_used_gb:np.float64(107.0581111907959) - actor/lr:np.float64(1e-06) - perf/mfu/actor:np.float64(0.02242788836177348) - training/global_step:197 - training/epoch:1 - critic/score/mean:0.962890625 - critic/score/max:1.0 - critic/score/min:0.0 - critic/rewards/mean:0.962890625 - critic/rewards/max:1.0 - critic/rewards/min:0.0 - critic/advantages/mean:-0.0028676288202404976 - critic/advantages/max:0.35355237126350403 - critic/advantages/min:-2.4748666286468506 - critic/returns/mean:-0.0028676288202404976 - critic/returns/max:0.35355237126350403 - critic/returns/min:-2.4748666286468506 - response_length/mean:356.869140625 - response_length/max:749.0 - response_length/min:159.0 - response_length/clip_ratio:0.0 - response_length_non_aborted/mean:356.869140625 - response_length_non_aborted/max:749.0 - response_length_non_aborted/min:159.0 - response_length_non_aborted/clip_ratio:0.0 - response/aborted_ratio:0.0 - prompt_length/mean:86.890625 - prompt_length/max:163.0 - prompt_length/min:46.0 - prompt_length/clip_ratio:0.0 - num_turns/min:np.int32(2) - num_turns/max:np.int32(2) - num_turns/mean:np.float64(2.0) - timing_s/start_profile:0.00015792623162269592 - timing_s/agent_loop/num_preempted/min:np.int64(-1) - timing_s/agent_loop/num_preempted/max:np.int64(-1) - timing_s/agent_loop/num_preempted/mean:np.float64(-1.0) - timing_s/agent_loop/generate_sequences/min:np.float64(3.9926435463130474) - timing_s/agent_loop/generate_sequences/max:np.float64(15.126228664070368) - timing_s/agent_loop/generate_sequences/mean:np.float64(8.678882818858256) - timing_s/agent_loop/tool_calls/min:np.float64(0.0) - timing_s/agent_loop/tool_calls/max:np.float64(0.0) - timing_s/agent_loop/tool_calls/mean:np.float64(0.0) - timing_s/agent_loop/compute_score/min:np.float64(0.006717424839735031) - timing_s/agent_loop/compute_score/max:np.float64(0.02098987251520157) - timing_s/agent_loop/compute_score/mean:np.float64(0.010559730100794695) - timing_s/agent_loop/slowest/generate_sequences:np.float64(15.126228664070368) - timing_s/agent_loop/slowest/tool_calls:np.float64(0.0) - timing_s/agent_loop/slowest/compute_score:np.float64(0.010781262069940567) - timing_s/agent_loop/slowest/num_preempted:np.int64(-1) - timing_s/agent_loop/slowest/prompt_length:91 - timing_s/agent_loop/slowest/response_length:749 - timing_s/gen:16.18537188693881 - timing_s/reward:2.4687498807907104e-05 - timing_s/old_log_prob:44.86031798273325 - timing_s/ref:63.99858431890607 - timing_s/adv:0.01837993413209915 - timing_s/update_actor:189.1047527641058 - timing_s/update_weights:4.569325175136328 - timing_s/step:318.88424019888043 - timing_s/stop_profile:0.00015244260430335999 - timing_per_token_ms/gen:0.08858164203078428 - timing_per_token_ms/update_actor:0.8323089402262529 - timing_per_token_ms/ref:0.2816777109610531 - timing_per_token_ms/adv:8.089581713474242e-05 - perf/total_num_tokens:227205 - perf/time_per_step:318.88424019888043 - perf/throughput:178.12498342525308
[36m(TaskRunner pid=2033431)[0m step:198 - global_seqlen/min:56058 - global_seqlen/max:65966 - global_seqlen/minmax_diff:9908 - global_seqlen/balanced_min:60990 - global_seqlen/balanced_max:60992 - global_seqlen/mean:60991.5 - actor/entropy:0.09683915227651596 - perf/mfu/actor_infer:0.03373493892975491 - actor/pg_clipfrac:np.float64(9.124460666498635e-05) - actor/ppo_kl:np.float64(-2.989793249597028e-05) - actor/pg_clipfrac_lower:np.float64(0.0) - actor/pg_loss:np.float64(0.006588630087208003) - actor/kl_loss:np.float64(0.1417721893521957) - actor/kl_coef:np.float64(0.0010000000000000005) - actor/loss:np.float64(0.006730398163199425) - actor/grad_norm:np.float64(0.22279321402311325) - actor/perf/max_memory_allocated_gb:np.float64(20.273035049438477) - actor/perf/max_memory_reserved_gb:np.float64(34.158203125) - actor/perf/cpu_memory_used_gb:np.float64(109.01658248901367) - actor/lr:np.float64(1e-06) - perf/mfu/actor:np.float64(0.02408186160897262) - training/global_step:198 - training/epoch:1 - critic/score/mean:0.94140625 - critic/score/max:1.0 - critic/score/min:0.0 - critic/rewards/mean:0.94140625 - critic/rewards/max:1.0 - critic/rewards/min:0.0 - critic/advantages/mean:-0.006944137159734964 - critic/advantages/max:0.935412585735321 - critic/advantages/min:-2.4748666286468506 - critic/returns/mean:-0.006944137159734964 - critic/returns/max:0.935412585735321 - critic/returns/min:-2.4748666286468506 - response_length/mean:391.15234375 - response_length/max:1024.0 - response_length/min:151.0 - response_length/clip_ratio:0.021484375 - response_length_non_aborted/mean:391.15234375 - response_length_non_aborted/max:1024.0 - response_length_non_aborted/min:151.0 - response_length_non_aborted/clip_ratio:0.021484375 - response/aborted_ratio:0.0 - prompt_length/mean:85.34375 - prompt_length/max:185.0 - prompt_length/min:48.0 - prompt_length/clip_ratio:0.0 - num_turns/min:np.int32(2) - num_turns/max:np.int32(2) - num_turns/mean:np.float64(2.0) - timing_s/start_profile:9.961426258087158e-05 - timing_s/agent_loop/num_preempted/min:np.int64(-1) - timing_s/agent_loop/num_preempted/max:np.int64(-1) - timing_s/agent_loop/num_preempted/mean:np.float64(-1.0) - timing_s/agent_loop/generate_sequences/min:np.float64(3.710633672773838) - timing_s/agent_loop/generate_sequences/max:np.float64(19.444960992783308) - timing_s/agent_loop/generate_sequences/mean:np.float64(9.32654781488236) - timing_s/agent_loop/tool_calls/min:np.float64(0.0) - timing_s/agent_loop/tool_calls/max:np.float64(0.0) - timing_s/agent_loop/tool_calls/mean:np.float64(0.0) - timing_s/agent_loop/compute_score/min:np.float64(0.00719698891043663) - timing_s/agent_loop/compute_score/max:np.float64(0.02303461730480194) - timing_s/agent_loop/compute_score/mean:np.float64(0.010610766759782564) - timing_s/agent_loop/slowest/generate_sequences:np.float64(19.444960992783308) - timing_s/agent_loop/slowest/tool_calls:np.float64(0.0) - timing_s/agent_loop/slowest/compute_score:np.float64(0.010541696101427078) - timing_s/agent_loop/slowest/num_preempted:np.int64(-1) - timing_s/agent_loop/slowest/prompt_length:83 - timing_s/agent_loop/slowest/response_length:1024 - timing_s/gen:20.67294656857848 - timing_s/reward:3.686174750328064e-05 - timing_s/old_log_prob:45.4491301625967 - timing_s/ref:64.03953341394663 - timing_s/adv:0.01799587532877922 - timing_s/update_actor:189.21556041389704 - timing_s/update_weights:4.551160734146833 - timing_s/step:324.0999221429229 - timing_s/stop_profile:0.00018690899014472961 - timing_per_token_ms/gen:0.10322537858180697 - timing_per_token_ms/update_actor:0.7755816811108803 - timing_per_token_ms/ref:0.26249368114387506 - timing_per_token_ms/adv:7.376386598451923e-05 - perf/total_num_tokens:243966 - perf/time_per_step:324.0999221429229 - perf/throughput:188.1873330815048
[36m(TaskRunner pid=2033431)[0m step:199 - global_seqlen/min:56570 - global_seqlen/max:62405 - global_seqlen/minmax_diff:5835 - global_seqlen/balanced_min:60464 - global_seqlen/balanced_max:60466 - global_seqlen/mean:60465.0 - actor/entropy:0.09252952039241791 - perf/mfu/actor_infer:0.03359895454715039 - actor/pg_clipfrac:np.float64(0.0003561156640898844) - actor/ppo_kl:np.float64(0.00011387896128312036) - actor/pg_clipfrac_lower:np.float64(0.0) - actor/pg_loss:np.float64(0.014111344586126506) - actor/kl_loss:np.float64(0.14149574431939982) - actor/kl_coef:np.float64(0.0010000000000000005) - actor/loss:np.float64(0.01425284007564187) - actor/grad_norm:np.float64(0.32177338004112244) - actor/perf/max_memory_allocated_gb:np.float64(20.273035049438477) - actor/perf/max_memory_reserved_gb:np.float64(34.158203125) - actor/perf/cpu_memory_used_gb:np.float64(109.25163459777832) - actor/lr:np.float64(1e-06) - perf/mfu/actor:np.float64(0.023905163259601705) - training/global_step:199 - training/epoch:1 - critic/score/mean:0.9296875 - critic/score/max:1.0 - critic/score/min:0.0 - critic/rewards/mean:0.9296875 - critic/rewards/max:1.0 - critic/rewards/min:0.0 - critic/advantages/mean:-0.014223231002688408 - critic/advantages/max:2.4748666286468506 - critic/advantages/min:-2.4748666286468506 - critic/returns/mean:-0.014223231002688408 - critic/returns/max:2.4748666286468506 - critic/returns/min:-2.4748666286468506 - response_length/mean:388.3515625 - response_length/max:1024.0 - response_length/min:148.0 - response_length/clip_ratio:0.013671875 - response_length_non_aborted/mean:388.3515625 - response_length_non_aborted/max:1024.0 - response_length_non_aborted/min:148.0 - response_length_non_aborted/clip_ratio:0.013671875 - response/aborted_ratio:0.0 - prompt_length/mean:84.03125 - prompt_length/max:168.0 - prompt_length/min:49.0 - prompt_length/clip_ratio:0.0 - num_turns/min:np.int32(2) - num_turns/max:np.int32(2) - num_turns/mean:np.float64(2.0) - timing_s/start_profile:7.630884647369385e-05 - timing_s/agent_loop/num_preempted/min:np.int64(-1) - timing_s/agent_loop/num_preempted/max:np.int64(-1) - timing_s/agent_loop/num_preempted/mean:np.float64(-1.0) - timing_s/agent_loop/generate_sequences/min:np.float64(3.7250200994312763) - timing_s/agent_loop/generate_sequences/max:np.float64(19.703026968985796) - timing_s/agent_loop/generate_sequences/mean:np.float64(9.444412176737387) - timing_s/agent_loop/tool_calls/min:np.float64(0.0) - timing_s/agent_loop/tool_calls/max:np.float64(0.0) - timing_s/agent_loop/tool_calls/mean:np.float64(0.0) - timing_s/agent_loop/compute_score/min:np.float64(0.006446830928325653) - timing_s/agent_loop/compute_score/max:np.float64(0.021099627017974854) - timing_s/agent_loop/compute_score/mean:np.float64(0.010343527203076519) - timing_s/agent_loop/slowest/generate_sequences:np.float64(19.703026968985796) - timing_s/agent_loop/slowest/tool_calls:np.float64(0.0) - timing_s/agent_loop/slowest/compute_score:np.float64(0.009523455053567886) - timing_s/agent_loop/slowest/num_preempted:np.int64(-1) - timing_s/agent_loop/slowest/prompt_length:103 - timing_s/agent_loop/slowest/response_length:1024 - timing_s/gen:20.987466491758823 - timing_s/reward:2.9671937227249146e-05 - timing_s/old_log_prob:45.58468683063984 - timing_s/ref:64.04268638044596 - timing_s/adv:0.017367586493492126 - timing_s/update_actor:188.9488142505288 - timing_s/update_weights:4.550790119916201 - timing_s/step:324.2833724692464 - timing_s/stop_profile:0.00022517889738082886 - timing_per_token_ms/gen:0.10555164302117737 - timing_per_token_ms/update_actor:0.7812321766746416 - timing_per_token_ms/ref:0.26479238559681617 - timing_per_token_ms/adv:7.180842840276246e-05 - perf/total_num_tokens:241860 - perf/time_per_step:324.2833724692464 - perf/throughput:186.45729363053985
[36m(TaskRunner pid=2033431)[0m local_global_step_folder: checkpoints/grpo_rlvr_math/qwen3_4b_gsm8k/global_step_200
[36m(TaskRunner pid=2033431)[0m test_gen_batch meta info: {'eos_token_id': 151645, 'pad_token_id': 151643, 'recompute_log_prob': False, 'do_sample': False, 'validate': True, 'global_steps': 200}
[36m(TaskRunner pid=2033431)[0m validation generation end
[36m(TaskRunner pid=2033431)[0m step:200 - global_seqlen/min:56317 - global_seqlen/max:66473 - global_seqlen/minmax_diff:10156 - global_seqlen/balanced_min:63751 - global_seqlen/balanced_max:63755 - global_seqlen/mean:63753.25 - actor/entropy:0.08725757151842117 - perf/mfu/actor_infer:0.035412242635158304 - actor/pg_clipfrac:np.float64(0.0002077042645396432) - actor/ppo_kl:np.float64(-2.9193267215399388e-05) - actor/pg_clipfrac_lower:np.float64(0.0) - actor/pg_loss:np.float64(0.005185319110751152) - actor/kl_loss:np.float64(0.13330585625953972) - actor/kl_coef:np.float64(0.0010000000000000005) - actor/loss:np.float64(0.0053186253644526005) - actor/grad_norm:np.float64(0.25687752664089203) - actor/perf/max_memory_allocated_gb:np.float64(20.273035049438477) - actor/perf/max_memory_reserved_gb:np.float64(34.158203125) - actor/perf/cpu_memory_used_gb:np.float64(110.86761665344238) - actor/lr:np.float64(1e-06) - perf/mfu/actor:np.float64(0.02522691379005799) - val-aux/openai/gsm8k/reward/mean@1:np.float64(0.9423805913570887) - val-core/openai/gsm8k/acc/mean@1:np.float64(0.9423805913570887) - val-aux/num_turns/min:np.int32(2) - val-aux/num_turns/max:np.int32(2) - val-aux/num_turns/mean:np.float64(2.0) - training/global_step:200 - training/epoch:1 - critic/score/mean:0.943359375 - critic/score/max:1.0 - critic/score/min:0.0 - critic/rewards/mean:0.943359375 - critic/rewards/max:1.0 - critic/rewards/min:0.0 - critic/advantages/mean:-0.005324830766767263 - critic/advantages/max:1.6201815605163574 - critic/advantages/min:-2.4748666286468506 - critic/returns/mean:-0.005324830766767263 - critic/returns/max:1.6201815605163574 - critic/returns/min:-2.4748666286468506 - response_length/mean:412.759765625 - response_length/max:1024.0 - response_length/min:169.0 - response_length/clip_ratio:0.01171875 - response_length_non_aborted/mean:412.759765625 - response_length_non_aborted/max:1024.0 - response_length_non_aborted/min:169.0 - response_length_non_aborted/clip_ratio:0.01171875 - response/aborted_ratio:0.0 - prompt_length/mean:85.3125 - prompt_length/max:145.0 - prompt_length/min:54.0 - prompt_length/clip_ratio:0.0 - num_turns/min:np.int32(2) - num_turns/max:np.int32(2) - num_turns/mean:np.float64(2.0) - timing_s/start_profile:0.00015331432223320007 - timing_s/agent_loop/num_preempted/min:np.int64(-1) - timing_s/agent_loop/num_preempted/max:np.int64(-1) - timing_s/agent_loop/num_preempted/mean:np.float64(-1.0) - timing_s/agent_loop/generate_sequences/min:np.float64(4.281307112425566) - timing_s/agent_loop/generate_sequences/max:np.float64(20.241594437509775) - timing_s/agent_loop/generate_sequences/mean:np.float64(10.168690346014046) - timing_s/agent_loop/tool_calls/min:np.float64(0.0) - timing_s/agent_loop/tool_calls/max:np.float64(0.0) - timing_s/agent_loop/tool_calls/mean:np.float64(0.0) - timing_s/agent_loop/compute_score/min:np.float64(0.007470216602087021) - timing_s/agent_loop/compute_score/max:np.float64(0.021676838397979736) - timing_s/agent_loop/compute_score/mean:np.float64(0.010576527267403435) - timing_s/agent_loop/slowest/generate_sequences:np.float64(20.241594437509775) - timing_s/agent_loop/slowest/tool_calls:np.float64(0.0) - timing_s/agent_loop/slowest/compute_score:np.float64(0.008902020752429962) - timing_s/agent_loop/slowest/num_preempted:np.int64(-1) - timing_s/agent_loop/slowest/prompt_length:74 - timing_s/agent_loop/slowest/response_length:1024 - timing_s/gen:21.549436829984188 - timing_s/reward:2.8640031814575195e-05 - timing_s/old_log_prob:45.62146786227822 - timing_s/ref:63.9782174192369 - timing_s/adv:0.01793491840362549 - timing_s/update_actor:188.84629018977284 - timing_s/save_checkpoint:262.52689316123724 - timing_s/update_weights:4.8250504322350025 - timing_s/step:587.5179589428008 - timing_s/testing:31.405615743249655 - timing_s/stop_profile:0.00011371821165084839 - timing_per_token_ms/gen:0.10196910482501166 - timing_per_token_ms/update_actor:0.740535934206385 - timing_per_token_ms/ref:0.2508821801995855 - timing_per_token_ms/adv:7.032942792573511e-05 - perf/total_num_tokens:255013 - perf/time_per_step:587.5179589428008 - perf/throughput:108.512853147025
[36m(TaskRunner pid=2033431)[0m step:201 - global_seqlen/min:54350 - global_seqlen/max:69569 - global_seqlen/minmax_diff:15219 - global_seqlen/balanced_min:61544 - global_seqlen/balanced_max:61547 - global_seqlen/mean:61545.75 - actor/entropy:0.08039123564958572 - perf/mfu/actor_infer:0.034076516951853715 - actor/pg_clipfrac:np.float64(0.00010063052422992769) - actor/ppo_kl:np.float64(3.931645456356492e-05) - actor/pg_clipfrac_lower:np.float64(0.0) - actor/pg_loss:np.float64(0.0058656136970967054) - actor/kl_loss:np.float64(0.13088577514281496) - actor/kl_coef:np.float64(0.0010000000000000005) - actor/loss:np.float64(0.005996499210596085) - actor/grad_norm:np.float64(0.23227210342884064) - actor/perf/max_memory_allocated_gb:np.float64(20.273035049438477) - actor/perf/max_memory_reserved_gb:np.float64(34.158203125) - actor/perf/cpu_memory_used_gb:np.float64(110.40751266479492) - actor/lr:np.float64(1e-06) - perf/mfu/actor:np.float64(0.024345962701009846) - training/global_step:201 - training/epoch:1 - critic/score/mean:0.970703125 - critic/score/max:1.0 - critic/score/min:0.0 - critic/rewards/mean:0.970703125 - critic/rewards/max:1.0 - critic/rewards/min:0.0 - critic/advantages/mean:-0.006075005512684584 - critic/advantages/max:1.20761239528656 - critic/advantages/min:-2.4748666286468506 - critic/returns/mean:-0.006075005512684584 - critic/returns/max:1.20761239528656 - critic/returns/min:-2.4748666286468506 - response_length/mean:394.294921875 - response_length/max:1024.0 - response_length/min:172.0 - response_length/clip_ratio:0.00390625 - response_length_non_aborted/mean:394.294921875 - response_length_non_aborted/max:1024.0 - response_length_non_aborted/min:172.0 - response_length_non_aborted/clip_ratio:0.00390625 - response/aborted_ratio:0.0 - prompt_length/mean:86.53125 - prompt_length/max:178.0 - prompt_length/min:57.0 - prompt_length/clip_ratio:0.0 - num_turns/min:np.int32(2) - num_turns/max:np.int32(2) - num_turns/mean:np.float64(2.0) - timing_s/start_profile:0.00016427785158157349 - timing_s/agent_loop/num_preempted/min:np.int64(-1) - timing_s/agent_loop/num_preempted/max:np.int64(-1) - timing_s/agent_loop/num_preempted/mean:np.float64(-1.0) - timing_s/agent_loop/generate_sequences/min:np.float64(4.234773825854063) - timing_s/agent_loop/generate_sequences/max:np.float64(19.6518439874053) - timing_s/agent_loop/generate_sequences/mean:np.float64(9.676597524543467) - timing_s/agent_loop/tool_calls/min:np.float64(0.0) - timing_s/agent_loop/tool_calls/max:np.float64(0.0) - timing_s/agent_loop/tool_calls/mean:np.float64(0.0) - timing_s/agent_loop/compute_score/min:np.float64(0.005748152732849121) - timing_s/agent_loop/compute_score/max:np.float64(0.021668728440999985) - timing_s/agent_loop/compute_score/mean:np.float64(0.010535085122683086) - timing_s/agent_loop/slowest/generate_sequences:np.float64(19.6518439874053) - timing_s/agent_loop/slowest/tool_calls:np.float64(0.0) - timing_s/agent_loop/slowest/compute_score:np.float64(0.009618546813726425) - timing_s/agent_loop/slowest/num_preempted:np.int64(-1) - timing_s/agent_loop/slowest/prompt_length:114 - timing_s/agent_loop/slowest/response_length:1024 - timing_s/gen:20.729985501617193 - timing_s/reward:2.580508589744568e-05 - timing_s/old_log_prob:45.45637212693691 - timing_s/ref:64.434515632689 - timing_s/adv:0.01682300865650177 - timing_s/update_actor:188.75818267464638 - timing_s/update_weights:4.644634265452623 - timing_s/step:324.1953063495457 - timing_s/stop_profile:0.00013703852891921997 - timing_per_token_ms/gen:0.10268520005358256 - timing_per_token_ms/update_actor:0.7667393064291457 - timing_per_token_ms/ref:0.26173422061104545 - timing_per_token_ms/adv:6.833537919556496e-05 - perf/total_num_tokens:246183 - perf/time_per_step:324.1953063495457 - perf/throughput:189.84158251088832
[36m(TaskRunner pid=2033431)[0m step:202 - global_seqlen/min:53358 - global_seqlen/max:58915 - global_seqlen/minmax_diff:5557 - global_seqlen/balanced_min:56458 - global_seqlen/balanced_max:56459 - global_seqlen/mean:56458.25 - actor/entropy:0.07919129729270935 - perf/mfu/actor_infer:0.031445027168380275 - actor/pg_clipfrac:np.float64(2.702026267797919e-05) - actor/ppo_kl:np.float64(3.855823678122761e-06) - actor/pg_clipfrac_lower:np.float64(0.0) - actor/pg_loss:np.float64(0.007383253599982709) - actor/kl_loss:np.float64(0.13817195990122855) - actor/kl_coef:np.float64(0.0010000000000000005) - actor/loss:np.float64(0.007521424442529678) - actor/grad_norm:np.float64(0.10215825587511063) - actor/perf/max_memory_allocated_gb:np.float64(20.273035049438477) - actor/perf/max_memory_reserved_gb:np.float64(34.158203125) - actor/perf/cpu_memory_used_gb:np.float64(109.39760971069336) - actor/lr:np.float64(1e-06) - perf/mfu/actor:np.float64(0.022270344385545978) - training/global_step:202 - training/epoch:1 - critic/score/mean:0.998046875 - critic/score/max:1.0 - critic/score/min:0.0 - critic/rewards/mean:0.998046875 - critic/rewards/max:1.0 - critic/rewards/min:0.0 - critic/advantages/mean:-0.007543045561760664 - critic/advantages/max:0.35355237126350403 - critic/advantages/min:-2.4748666286468506 - critic/returns/mean:-0.007543045561760664 - critic/returns/max:0.35355237126350403 - critic/returns/min:-2.4748666286468506 - response_length/mean:361.330078125 - response_length/max:1024.0 - response_length/min:136.0 - response_length/clip_ratio:0.001953125 - response_length_non_aborted/mean:361.330078125 - response_length_non_aborted/max:1024.0 - response_length_non_aborted/min:136.0 - response_length_non_aborted/clip_ratio:0.001953125 - response/aborted_ratio:0.0 - prompt_length/mean:79.75 - prompt_length/max:147.0 - prompt_length/min:44.0 - prompt_length/clip_ratio:0.0 - num_turns/min:np.int32(2) - num_turns/max:np.int32(2) - num_turns/mean:np.float64(2.0) - timing_s/start_profile:0.00010989606380462646 - timing_s/agent_loop/num_preempted/min:np.int64(-1) - timing_s/agent_loop/num_preempted/max:np.int64(-1) - timing_s/agent_loop/num_preempted/mean:np.float64(-1.0) - timing_s/agent_loop/generate_sequences/min:np.float64(3.3048183023929596) - timing_s/agent_loop/generate_sequences/max:np.float64(18.46922619268298) - timing_s/agent_loop/generate_sequences/mean:np.float64(8.5668774997539) - timing_s/agent_loop/tool_calls/min:np.float64(0.0) - timing_s/agent_loop/tool_calls/max:np.float64(0.0) - timing_s/agent_loop/tool_calls/mean:np.float64(0.0) - timing_s/agent_loop/compute_score/min:np.float64(0.006803207099437714) - timing_s/agent_loop/compute_score/max:np.float64(0.02161252871155739) - timing_s/agent_loop/compute_score/mean:np.float64(0.010189041218836792) - timing_s/agent_loop/slowest/generate_sequences:np.float64(18.46922619268298) - timing_s/agent_loop/slowest/tool_calls:np.float64(0.0) - timing_s/agent_loop/slowest/compute_score:np.float64(0.010565459728240967) - timing_s/agent_loop/slowest/num_preempted:np.int64(-1) - timing_s/agent_loop/slowest/prompt_length:71 - timing_s/agent_loop/slowest/response_length:1024 - timing_s/gen:19.515763353556395 - timing_s/reward:2.483651041984558e-05 - timing_s/old_log_prob:45.01970161497593 - timing_s/ref:64.25758253410459 - timing_s/adv:0.017036184668540955 - timing_s/update_actor:189.04508846253157 - timing_s/update_weights:4.623130317777395 - timing_s/step:322.62704661488533 - timing_s/stop_profile:0.0001753009855747223 - timing_per_token_ms/gen:0.10549004250548048 - timing_per_token_ms/update_actor:0.8371012582861299 - timing_per_token_ms/ref:0.28453584079432404 - timing_per_token_ms/adv:7.543709142836057e-05 - perf/total_num_tokens:225833 - perf/time_per_step:322.62704661488533 - perf/throughput:174.99540287269622
[36m(TaskRunner pid=2033431)[0m step:203 - global_seqlen/min:57256 - global_seqlen/max:59768 - global_seqlen/minmax_diff:2512 - global_seqlen/balanced_min:58429 - global_seqlen/balanced_max:58433 - global_seqlen/mean:58431.75 - actor/entropy:0.07858874648809433 - perf/mfu/actor_infer:0.03251759835053871 - actor/pg_clipfrac:np.float64(0.0001046812044478429) - actor/ppo_kl:np.float64(-6.653955712732085e-05) - actor/pg_clipfrac_lower:np.float64(0.0) - actor/pg_loss:np.float64(0.0013691114145331085) - actor/kl_loss:np.float64(0.1386278192512691) - actor/kl_coef:np.float64(0.0010000000000000005) - actor/loss:np.float64(0.001507739070802927) - actor/grad_norm:np.float64(0.14414218440651894) - actor/perf/max_memory_allocated_gb:np.float64(20.273035049438477) - actor/perf/max_memory_reserved_gb:np.float64(34.158203125) - actor/perf/cpu_memory_used_gb:np.float64(109.18648719787598) - actor/lr:np.float64(1e-06) - perf/mfu/actor:np.float64(0.02308778143730266) - training/global_step:203 - training/epoch:1 - critic/score/mean:0.978515625 - critic/score/max:1.0 - critic/score/min:0.0 - critic/rewards/mean:0.978515625 - critic/rewards/max:1.0 - critic/rewards/min:0.0 - critic/advantages/mean:-0.0013518509222194552 - critic/advantages/max:0.5400605201721191 - critic/advantages/min:-2.4748666286468506 - critic/returns/mean:-0.0013518509222194552 - critic/returns/max:0.5400605201721191 - critic/returns/min:-2.4748666286468506 - response_length/mean:373.091796875 - response_length/max:909.0 - response_length/min:108.0 - response_length/clip_ratio:0.0 - response_length_non_aborted/mean:373.091796875 - response_length_non_aborted/max:909.0 - response_length_non_aborted/min:108.0 - response_length_non_aborted/clip_ratio:0.0 - response/aborted_ratio:0.0 - prompt_length/mean:83.40625 - prompt_length/max:191.0 - prompt_length/min:56.0 - prompt_length/clip_ratio:0.0 - num_turns/min:np.int32(2) - num_turns/max:np.int32(2) - num_turns/mean:np.float64(2.0) - timing_s/start_profile:7.561221718788147e-05 - timing_s/agent_loop/num_preempted/min:np.int64(-1) - timing_s/agent_loop/num_preempted/max:np.int64(-1) - timing_s/agent_loop/num_preempted/mean:np.float64(-1.0) - timing_s/agent_loop/generate_sequences/min:np.float64(2.8222777768969536) - timing_s/agent_loop/generate_sequences/max:np.float64(17.64956472814083) - timing_s/agent_loop/generate_sequences/mean:np.float64(9.096861899481155) - timing_s/agent_loop/tool_calls/min:np.float64(0.0) - timing_s/agent_loop/tool_calls/max:np.float64(0.0) - timing_s/agent_loop/tool_calls/mean:np.float64(0.0) - timing_s/agent_loop/compute_score/min:np.float64(0.007193092256784439) - timing_s/agent_loop/compute_score/max:np.float64(0.02246062085032463) - timing_s/agent_loop/compute_score/mean:np.float64(0.010709708389185835) - timing_s/agent_loop/slowest/generate_sequences:np.float64(17.64956472814083) - timing_s/agent_loop/slowest/tool_calls:np.float64(0.0) - timing_s/agent_loop/slowest/compute_score:np.float64(0.011375337839126587) - timing_s/agent_loop/slowest/num_preempted:np.int64(-1) - timing_s/agent_loop/slowest/prompt_length:96 - timing_s/agent_loop/slowest/response_length:909 - timing_s/gen:18.756684310734272 - timing_s/reward:2.4262815713882446e-05 - timing_s/old_log_prob:45.06902148574591 - timing_s/ref:64.0596554800868 - timing_s/adv:0.018464837223291397 - timing_s/update_actor:189.17543371766806 - timing_s/update_weights:4.566783104091883 - timing_s/step:321.7974741719663 - timing_s/stop_profile:0.00017860159277915955 - timing_per_token_ms/gen:0.09819071164589747 - timing_per_token_ms/update_actor:0.8093863084610168 - timing_per_token_ms/ref:0.27407897025198974 - timing_per_token_ms/adv:7.900172946767553e-05 - perf/total_num_tokens:233727 - perf/time_per_step:321.7974741719663 - perf/throughput:181.57926860785267
[36m(TaskRunner pid=2033431)[0m step:204 - global_seqlen/min:50256 - global_seqlen/max:61100 - global_seqlen/minmax_diff:10844 - global_seqlen/balanced_min:56955 - global_seqlen/balanced_max:56956 - global_seqlen/mean:56955.25 - actor/entropy:0.08619806170463562 - perf/mfu/actor_infer:0.031800650469975315 - actor/pg_clipfrac:np.float64(0.0004014950236523873) - actor/ppo_kl:np.float64(-1.6516704810953797e-05) - actor/pg_clipfrac_lower:np.float64(0.0) - actor/pg_loss:np.float64(0.01022778321930673) - actor/kl_loss:np.float64(0.15743058652151376) - actor/kl_coef:np.float64(0.0010000000000000005) - actor/loss:np.float64(0.010385212488472462) - actor/grad_norm:np.float64(0.3427046537399292) - actor/perf/max_memory_allocated_gb:np.float64(20.273035049438477) - actor/perf/max_memory_reserved_gb:np.float64(34.158203125) - actor/perf/cpu_memory_used_gb:np.float64(109.33862686157227) - actor/lr:np.float64(1e-06) - perf/mfu/actor:np.float64(0.02254081911831518) - training/global_step:204 - training/epoch:1 - critic/score/mean:0.92578125 - critic/score/max:1.0 - critic/score/min:0.0 - critic/rewards/mean:0.92578125 - critic/rewards/max:1.0 - critic/rewards/min:0.0 - critic/advantages/mean:-0.010415378026664257 - critic/advantages/max:2.4748666286468506 - critic/advantages/min:-2.4748666286468506 - critic/returns/mean:-0.010415378026664257 - critic/returns/max:2.4748666286468506 - critic/returns/min:-2.4748666286468506 - response_length/mean:359.009765625 - response_length/max:1024.0 - response_length/min:148.0 - response_length/clip_ratio:0.0078125 - response_length_non_aborted/mean:359.009765625 - response_length_non_aborted/max:1024.0 - response_length_non_aborted/min:148.0 - response_length_non_aborted/clip_ratio:0.0078125 - response/aborted_ratio:0.0 - prompt_length/mean:85.953125 - prompt_length/max:142.0 - prompt_length/min:43.0 - prompt_length/clip_ratio:0.0 - num_turns/min:np.int32(2) - num_turns/max:np.int32(2) - num_turns/mean:np.float64(2.0) - timing_s/start_profile:0.00010141730308532715 - timing_s/agent_loop/num_preempted/min:np.int64(-1) - timing_s/agent_loop/num_preempted/max:np.int64(-1) - timing_s/agent_loop/num_preempted/mean:np.float64(-1.0) - timing_s/agent_loop/generate_sequences/min:np.float64(3.7223986238241196) - timing_s/agent_loop/generate_sequences/max:np.float64(18.956148896366358) - timing_s/agent_loop/generate_sequences/mean:np.float64(8.557358705620572) - timing_s/agent_loop/tool_calls/min:np.float64(0.0) - timing_s/agent_loop/tool_calls/max:np.float64(0.0) - timing_s/agent_loop/tool_calls/mean:np.float64(0.0) - timing_s/agent_loop/compute_score/min:np.float64(0.00718887522816658) - timing_s/agent_loop/compute_score/max:np.float64(0.022744275629520416) - timing_s/agent_loop/compute_score/mean:np.float64(0.01031922921538353) - timing_s/agent_loop/slowest/generate_sequences:np.float64(18.956148896366358) - timing_s/agent_loop/slowest/tool_calls:np.float64(0.0) - timing_s/agent_loop/slowest/compute_score:np.float64(0.010972682386636734) - timing_s/agent_loop/slowest/num_preempted:np.int64(-1) - timing_s/agent_loop/slowest/prompt_length:112 - timing_s/agent_loop/slowest/response_length:1024 - timing_s/gen:20.105202961713076 - timing_s/reward:2.2962689399719238e-05 - timing_s/old_log_prob:44.83902818709612 - timing_s/ref:64.50287611410022 - timing_s/adv:0.02301579713821411 - timing_s/update_actor:188.526558611542 - timing_s/update_weights:4.518137827515602 - timing_s/step:322.63710883259773 - timing_s/stop_profile:0.0001648925244808197 - timing_per_token_ms/gen:0.10937856931616956 - timing_per_token_ms/update_actor:0.8275205473224241 - timing_per_token_ms/ref:0.28312963297545096 - timing_per_token_ms/adv:0.00010102579278562605 - perf/total_num_tokens:227821 - perf/time_per_step:322.63710883259773 - perf/throughput:176.53037558538125
[36m(TaskRunner pid=2033431)[0m step:205 - global_seqlen/min:49191 - global_seqlen/max:63524 - global_seqlen/minmax_diff:14333 - global_seqlen/balanced_min:56091 - global_seqlen/balanced_max:56096 - global_seqlen/mean:56094.25 - actor/entropy:0.07940077036619186 - perf/mfu/actor_infer:0.03136140110299277 - actor/pg_clipfrac:np.float64(0.00033264139642597) - actor/ppo_kl:np.float64(8.561237630555496e-05) - actor/pg_clipfrac_lower:np.float64(3.3131891541415825e-06) - actor/pg_loss:np.float64(0.006584328832104802) - actor/kl_loss:np.float64(0.1423885557160247) - actor/kl_coef:np.float64(0.0010000000000000005) - actor/loss:np.float64(0.006726716877892613) - actor/grad_norm:np.float64(0.3064182251691818) - actor/perf/max_memory_allocated_gb:np.float64(20.273035049438477) - actor/perf/max_memory_reserved_gb:np.float64(34.158203125) - actor/perf/cpu_memory_used_gb:np.float64(109.37240982055664) - actor/lr:np.float64(1e-06) - perf/mfu/actor:np.float64(0.02215451743879663) - training/global_step:205 - training/epoch:1 - critic/score/mean:0.935546875 - critic/score/max:1.0 - critic/score/min:0.0 - critic/rewards/mean:0.935546875 - critic/rewards/max:1.0 - critic/rewards/min:0.0 - critic/advantages/mean:-0.006599762011319399 - critic/advantages/max:1.6201815605163574 - critic/advantages/min:-2.4748666286468506 - critic/returns/mean:-0.006599762011319399 - critic/returns/max:1.6201815605163574 - critic/returns/min:-2.4748666286468506 - response_length/mean:359.845703125 - response_length/max:1024.0 - response_length/min:148.0 - response_length/clip_ratio:0.009765625 - response_length_non_aborted/mean:359.845703125 - response_length_non_aborted/max:1024.0 - response_length_non_aborted/min:148.0 - response_length_non_aborted/clip_ratio:0.009765625 - response/aborted_ratio:0.0 - prompt_length/mean:78.390625 - prompt_length/max:156.0 - prompt_length/min:45.0 - prompt_length/clip_ratio:0.0 - num_turns/min:np.int32(2) - num_turns/max:np.int32(2) - num_turns/mean:np.float64(2.0) - timing_s/start_profile:9.748339653015137e-05 - timing_s/agent_loop/num_preempted/min:np.int64(-1) - timing_s/agent_loop/num_preempted/max:np.int64(-1) - timing_s/agent_loop/num_preempted/mean:np.float64(-1.0) - timing_s/agent_loop/generate_sequences/min:np.float64(3.6808690056204796) - timing_s/agent_loop/generate_sequences/max:np.float64(19.112072456628084) - timing_s/agent_loop/generate_sequences/mean:np.float64(8.583964374149218) - timing_s/agent_loop/tool_calls/min:np.float64(0.0) - timing_s/agent_loop/tool_calls/max:np.float64(0.0) - timing_s/agent_loop/tool_calls/mean:np.float64(0.0) - timing_s/agent_loop/compute_score/min:np.float64(0.005769211798906326) - timing_s/agent_loop/compute_score/max:np.float64(0.02692446857690811) - timing_s/agent_loop/compute_score/mean:np.float64(0.010634914397087414) - timing_s/agent_loop/slowest/generate_sequences:np.float64(19.112072456628084) - timing_s/agent_loop/slowest/tool_calls:np.float64(0.0) - timing_s/agent_loop/slowest/compute_score:np.float64(0.01028292253613472) - timing_s/agent_loop/slowest/num_preempted:np.int64(-1) - timing_s/agent_loop/slowest/prompt_length:156 - timing_s/agent_loop/slowest/response_length:1024 - timing_s/gen:20.305003117769957 - timing_s/reward:2.4631619453430176e-05 - timing_s/old_log_prob:44.862070202827454 - timing_s/ref:63.92444831132889 - timing_s/adv:0.01742742955684662 - timing_s/update_actor:189.11648958176374 - timing_s/update_weights:4.555905774235725 - timing_s/step:322.92691879346967 - timing_s/stop_profile:0.00013038143515586853 - timing_per_token_ms/gen:0.11020892807664937 - timing_per_token_ms/update_actor:0.8428514936101461 - timing_per_token_ms/ref:0.28489750870779484 - timing_per_token_ms/adv:7.767030291360798e-05 - perf/total_num_tokens:224377 - perf/time_per_step:322.92691879346967 - perf/throughput:173.7057109069173
[36m(TaskRunner pid=2033431)[0m step:206 - global_seqlen/min:57622 - global_seqlen/max:69491 - global_seqlen/minmax_diff:11869 - global_seqlen/balanced_min:61274 - global_seqlen/balanced_max:61277 - global_seqlen/mean:61275.25 - actor/entropy:0.08682764321565628 - perf/mfu/actor_infer:0.034031570119474996 - actor/pg_clipfrac:np.float64(0.0002980296608257049) - actor/ppo_kl:np.float64(-9.328877992942353e-05) - actor/pg_clipfrac_lower:np.float64(0.0) - actor/pg_loss:np.float64(0.01146521675400436) - actor/kl_loss:np.float64(0.13815633571357466) - actor/kl_coef:np.float64(0.0010000000000000005) - actor/loss:np.float64(0.01160337496548891) - actor/grad_norm:np.float64(0.3238462209701538) - actor/perf/max_memory_allocated_gb:np.float64(20.273035049438477) - actor/perf/max_memory_reserved_gb:np.float64(34.158203125) - actor/perf/cpu_memory_used_gb:np.float64(108.97908592224121) - actor/lr:np.float64(1e-06) - perf/mfu/actor:np.float64(0.024183822839938057) - training/global_step:206 - training/epoch:1 - critic/score/mean:0.935546875 - critic/score/max:1.0 - critic/score/min:0.0 - critic/rewards/mean:0.935546875 - critic/rewards/max:1.0 - critic/rewards/min:0.0 - critic/advantages/mean:-0.011610131710767746 - critic/advantages/max:1.20761239528656 - critic/advantages/min:-2.4748666286468506 - critic/returns/mean:-0.011610131710767746 - critic/returns/max:1.20761239528656 - critic/returns/min:-2.4748666286468506 - response_length/mean:394.962890625 - response_length/max:1024.0 - response_length/min:134.0 - response_length/clip_ratio:0.009765625 - response_length_non_aborted/mean:394.962890625 - response_length_non_aborted/max:1024.0 - response_length_non_aborted/min:134.0 - response_length_non_aborted/clip_ratio:0.009765625 - response/aborted_ratio:0.0 - prompt_length/mean:83.75 - prompt_length/max:144.0 - prompt_length/min:56.0 - prompt_length/clip_ratio:0.0 - num_turns/min:np.int32(2) - num_turns/max:np.int32(2) - num_turns/mean:np.float64(2.0) - timing_s/start_profile:8.226558566093445e-05 - timing_s/agent_loop/num_preempted/min:np.int64(-1) - timing_s/agent_loop/num_preempted/max:np.int64(-1) - timing_s/agent_loop/num_preempted/mean:np.float64(-1.0) - timing_s/agent_loop/generate_sequences/min:np.float64(3.3471972830593586) - timing_s/agent_loop/generate_sequences/max:np.float64(19.751430574804544) - timing_s/agent_loop/generate_sequences/mean:np.float64(9.470501372525177) - timing_s/agent_loop/tool_calls/min:np.float64(0.0) - timing_s/agent_loop/tool_calls/max:np.float64(0.0) - timing_s/agent_loop/tool_calls/mean:np.float64(0.0) - timing_s/agent_loop/compute_score/min:np.float64(0.0071725063025951385) - timing_s/agent_loop/compute_score/max:np.float64(0.01989683136343956) - timing_s/agent_loop/compute_score/mean:np.float64(0.010471906083694194) - timing_s/agent_loop/slowest/generate_sequences:np.float64(19.751430574804544) - timing_s/agent_loop/slowest/tool_calls:np.float64(0.0) - timing_s/agent_loop/slowest/compute_score:np.float64(0.01141282543540001) - timing_s/agent_loop/slowest/num_preempted:np.int64(-1) - timing_s/agent_loop/slowest/prompt_length:72 - timing_s/agent_loop/slowest/response_length:1024 - timing_s/gen:20.825777769088745 - timing_s/reward:3.549829125404358e-05 - timing_s/old_log_prob:45.25627947598696 - timing_s/ref:63.92095389217138 - timing_s/adv:0.017493240535259247 - timing_s/update_actor:189.61182783171535 - timing_s/update_weights:4.629817213863134 - timing_s/step:324.4114589057863 - timing_s/stop_profile:0.0002300553023815155 - timing_per_token_ms/gen:0.10298523777989796 - timing_per_token_ms/update_actor:0.773606912381897 - timing_per_token_ms/ref:0.2607943414844141 - timing_per_token_ms/adv:7.13715592154224e-05 - perf/total_num_tokens:245101 - perf/time_per_step:324.4114589057863 - perf/throughput:188.8812750532194
[36m(TaskRunner pid=2033431)[0m step:207 - global_seqlen/min:48449 - global_seqlen/max:59759 - global_seqlen/minmax_diff:11310 - global_seqlen/balanced_min:55623 - global_seqlen/balanced_max:55632 - global_seqlen/mean:55629.0 - actor/entropy:0.08125855028629303 - perf/mfu/actor_infer:0.031032764480404235 - actor/pg_clipfrac:np.float64(0.00017543405283504399) - actor/ppo_kl:np.float64(2.3077797873582995e-05) - actor/pg_clipfrac_lower:np.float64(0.0) - actor/pg_loss:np.float64(0.0025217050570063293) - actor/kl_loss:np.float64(0.14960478115244769) - actor/kl_coef:np.float64(0.0010000000000000005) - actor/loss:np.float64(0.002671309281140566) - actor/grad_norm:np.float64(0.21695025637745857) - actor/perf/max_memory_allocated_gb:np.float64(20.273035049438477) - actor/perf/max_memory_reserved_gb:np.float64(34.158203125) - actor/perf/cpu_memory_used_gb:np.float64(108.82688522338867) - actor/lr:np.float64(1e-06) - perf/mfu/actor:np.float64(0.022003227060501354) - training/global_step:207 - training/epoch:1 - critic/score/mean:0.98828125 - critic/score/max:1.0 - critic/score/min:0.0 - critic/rewards/mean:0.98828125 - critic/rewards/max:1.0 - critic/rewards/min:0.0 - critic/advantages/mean:-0.002388763939961791 - critic/advantages/max:0.7245674133300781 - critic/advantages/min:-2.4748666286468506 - critic/returns/mean:-0.002388763939961791 - critic/returns/max:0.7245674133300781 - critic/returns/min:-2.4748666286468506 - response_length/mean:353.0078125 - response_length/max:984.0 - response_length/min:129.0 - response_length/clip_ratio:0.0 - response_length_non_aborted/mean:353.0078125 - response_length_non_aborted/max:984.0 - response_length_non_aborted/min:129.0 - response_length_non_aborted/clip_ratio:0.0 - response/aborted_ratio:0.0 - prompt_length/mean:81.59375 - prompt_length/max:157.0 - prompt_length/min:46.0 - prompt_length/clip_ratio:0.0 - num_turns/min:np.int32(2) - num_turns/max:np.int32(2) - num_turns/mean:np.float64(2.0) - timing_s/start_profile:0.0001102350652217865 - timing_s/agent_loop/num_preempted/min:np.int64(-1) - timing_s/agent_loop/num_preempted/max:np.int64(-1) - timing_s/agent_loop/num_preempted/mean:np.float64(-1.0) - timing_s/agent_loop/generate_sequences/min:np.float64(3.263551577925682) - timing_s/agent_loop/generate_sequences/max:np.float64(17.937940645962954) - timing_s/agent_loop/generate_sequences/mean:np.float64(8.592129768876475) - timing_s/agent_loop/tool_calls/min:np.float64(0.0) - timing_s/agent_loop/tool_calls/max:np.float64(0.0) - timing_s/agent_loop/tool_calls/mean:np.float64(0.0) - timing_s/agent_loop/compute_score/min:np.float64(0.0069234371185302734) - timing_s/agent_loop/compute_score/max:np.float64(0.02234700322151184) - timing_s/agent_loop/compute_score/mean:np.float64(0.01076712396752555) - timing_s/agent_loop/slowest/generate_sequences:np.float64(17.937940645962954) - timing_s/agent_loop/slowest/tool_calls:np.float64(0.0) - timing_s/agent_loop/slowest/compute_score:np.float64(0.011417370289564133) - timing_s/agent_loop/slowest/num_preempted:np.int64(-1) - timing_s/agent_loop/slowest/prompt_length:77 - timing_s/agent_loop/slowest/response_length:984 - timing_s/gen:19.033335238695145 - timing_s/reward:2.3767352104187012e-05 - timing_s/old_log_prob:44.939529839903116 - timing_s/ref:63.94639864936471 - timing_s/adv:0.017953205853700638 - timing_s/update_actor:188.45742269605398 - timing_s/update_weights:4.539216872304678 - timing_s/step:321.08669843152165 - timing_s/stop_profile:0.00013329461216926575 - timing_per_token_ms/gen:0.10530781918056405 - timing_per_token_ms/update_actor:0.8469387491059249 - timing_per_token_ms/ref:0.28737887904404497 - timing_per_token_ms/adv:8.068276372800445e-05 - perf/total_num_tokens:222516 - perf/time_per_step:321.08669843152165 - perf/throughput:173.25227196187956
[36m(TaskRunner pid=2033431)[0m step:208 - global_seqlen/min:52149 - global_seqlen/max:53487 - global_seqlen/minmax_diff:1338 - global_seqlen/balanced_min:52867 - global_seqlen/balanced_max:52869 - global_seqlen/mean:52868.25 - actor/entropy:0.06949128210544586 - perf/mfu/actor_infer:0.02951706912233737 - actor/pg_clipfrac:np.float64(9.663069158705184e-05) - actor/ppo_kl:np.float64(0.00012934375410811327) - actor/pg_clipfrac_lower:np.float64(0.0) - actor/pg_loss:np.float64(-0.0021494131069630384) - actor/kl_loss:np.float64(0.14998405173537321) - actor/kl_coef:np.float64(0.0010000000000000005) - actor/loss:np.float64(-0.0019994275644421577) - actor/grad_norm:np.float64(0.1661583036184311) - actor/perf/max_memory_allocated_gb:np.float64(20.273035049438477) - actor/perf/max_memory_reserved_gb:np.float64(34.158203125) - actor/perf/cpu_memory_used_gb:np.float64(109.11247444152832) - actor/lr:np.float64(1e-06) - perf/mfu/actor:np.float64(0.020880870629231482) - training/global_step:208 - training/epoch:1 - critic/score/mean:0.97265625 - critic/score/max:1.0 - critic/score/min:0.0 - critic/rewards/mean:0.97265625 - critic/rewards/max:1.0 - critic/rewards/min:0.0 - critic/advantages/mean:0.0021840089466422796 - critic/advantages/max:1.20761239528656 - critic/advantages/min:-2.4748666286468506 - critic/returns/mean:0.0021840089466422796 - critic/returns/max:1.20761239528656 - critic/returns/min:-2.4748666286468506 - response_length/mean:334.736328125 - response_length/max:677.0 - response_length/min:138.0 - response_length/clip_ratio:0.0 - response_length_non_aborted/mean:334.736328125 - response_length_non_aborted/max:677.0 - response_length_non_aborted/min:138.0 - response_length_non_aborted/clip_ratio:0.0 - response/aborted_ratio:0.0 - prompt_length/mean:78.296875 - prompt_length/max:130.0 - prompt_length/min:51.0 - prompt_length/clip_ratio:0.0 - num_turns/min:np.int32(2) - num_turns/max:np.int32(2) - num_turns/mean:np.float64(2.0) - timing_s/start_profile:9.130313992500305e-05 - timing_s/agent_loop/num_preempted/min:np.int64(-1) - timing_s/agent_loop/num_preempted/max:np.int64(-1) - timing_s/agent_loop/num_preempted/mean:np.float64(-1.0) - timing_s/agent_loop/generate_sequences/min:np.float64(3.3879255652427673) - timing_s/agent_loop/generate_sequences/max:np.float64(13.61452442035079) - timing_s/agent_loop/generate_sequences/mean:np.float64(8.128583300858736) - timing_s/agent_loop/tool_calls/min:np.float64(0.0) - timing_s/agent_loop/tool_calls/max:np.float64(0.0) - timing_s/agent_loop/tool_calls/mean:np.float64(0.0) - timing_s/agent_loop/compute_score/min:np.float64(0.006718192249536514) - timing_s/agent_loop/compute_score/max:np.float64(0.025798536837100983) - timing_s/agent_loop/compute_score/mean:np.float64(0.010590912243060302) - timing_s/agent_loop/slowest/generate_sequences:np.float64(13.61452442035079) - timing_s/agent_loop/slowest/tool_calls:np.float64(0.0) - timing_s/agent_loop/slowest/compute_score:np.float64(0.010645825415849686) - timing_s/agent_loop/slowest/num_preempted:np.int64(-1) - timing_s/agent_loop/slowest/prompt_length:130 - timing_s/agent_loop/slowest/response_length:677 - timing_s/gen:14.680031362921 - timing_s/reward:2.8327107429504395e-05 - timing_s/old_log_prob:45.15787898376584 - timing_s/ref:63.84741399809718 - timing_s/adv:0.01693350449204445 - timing_s/update_actor:188.51991033554077 - timing_s/update_weights:4.541505724191666 - timing_s/step:316.9064817279577 - timing_s/stop_profile:0.00013948604464530945 - timing_per_token_ms/gen:0.08565528700248563 - timing_per_token_ms/update_actor:0.8914608973038675 - timing_per_token_ms/ref:0.30191756866407143 - timing_per_token_ms/adv:8.00740732483317e-05 - perf/total_num_tokens:211473 - perf/time_per_step:316.9064817279577 - perf/throughput:166.82602928072558
[36m(TaskRunner pid=2033431)[0m step:209 - global_seqlen/min:53377 - global_seqlen/max:59828 - global_seqlen/minmax_diff:6451 - global_seqlen/balanced_min:56324 - global_seqlen/balanced_max:56326 - global_seqlen/mean:56325.25 - actor/entropy:0.08148331195116043 - perf/mfu/actor_infer:0.031344893676654446 - actor/pg_clipfrac:np.float64(0.00031421171115653124) - actor/ppo_kl:np.float64(4.7150913104587744e-05) - actor/pg_clipfrac_lower:np.float64(0.0) - actor/pg_loss:np.float64(0.013810226984787732) - actor/kl_loss:np.float64(0.1428030894312542) - actor/kl_coef:np.float64(0.0010000000000000005) - actor/loss:np.float64(0.013953029876574874) - actor/grad_norm:np.float64(0.34680479764938354) - actor/perf/max_memory_allocated_gb:np.float64(20.273035049438477) - actor/perf/max_memory_reserved_gb:np.float64(34.158203125) - actor/perf/cpu_memory_used_gb:np.float64(109.43841171264648) - actor/lr:np.float64(1e-06) - perf/mfu/actor:np.float64(0.022242716486699263) - training/global_step:209 - training/epoch:1 - critic/score/mean:0.951171875 - critic/score/max:1.0 - critic/score/min:0.0 - critic/rewards/mean:0.951171875 - critic/rewards/max:1.0 - critic/rewards/min:0.0 - critic/advantages/mean:-0.013842741027474403 - critic/advantages/max:1.20761239528656 - critic/advantages/min:-2.4748666286468506 - critic/returns/mean:-0.013842741027474403 - critic/returns/max:1.20761239528656 - critic/returns/min:-2.4748666286468506 - response_length/mean:356.478515625 - response_length/max:1024.0 - response_length/min:152.0 - response_length/clip_ratio:0.005859375 - response_length_non_aborted/mean:356.478515625 - response_length_non_aborted/max:1024.0 - response_length_non_aborted/min:152.0 - response_length_non_aborted/clip_ratio:0.005859375 - response/aborted_ratio:0.0 - prompt_length/mean:83.5625 - prompt_length/max:150.0 - prompt_length/min:50.0 - prompt_length/clip_ratio:0.0 - num_turns/min:np.int32(2) - num_turns/max:np.int32(2) - num_turns/mean:np.float64(2.0) - timing_s/start_profile:0.00013640150427818298 - timing_s/agent_loop/num_preempted/min:np.int64(-1) - timing_s/agent_loop/num_preempted/max:np.int64(-1) - timing_s/agent_loop/num_preempted/mean:np.float64(-1.0) - timing_s/agent_loop/generate_sequences/min:np.float64(3.7809865660965443) - timing_s/agent_loop/generate_sequences/max:np.float64(18.990712698549032) - timing_s/agent_loop/generate_sequences/mean:np.float64(8.520421948654985) - timing_s/agent_loop/tool_calls/min:np.float64(0.0) - timing_s/agent_loop/tool_calls/max:np.float64(0.0) - timing_s/agent_loop/tool_calls/mean:np.float64(0.0) - timing_s/agent_loop/compute_score/min:np.float64(0.006780054420232773) - timing_s/agent_loop/compute_score/max:np.float64(0.022315774112939835) - timing_s/agent_loop/compute_score/mean:np.float64(0.010556132074270863) - timing_s/agent_loop/slowest/generate_sequences:np.float64(18.990712698549032) - timing_s/agent_loop/slowest/tool_calls:np.float64(0.0) - timing_s/agent_loop/slowest/compute_score:np.float64(0.009690850973129272) - timing_s/agent_loop/slowest/num_preempted:np.int64(-1) - timing_s/agent_loop/slowest/prompt_length:60 - timing_s/agent_loop/slowest/response_length:1024 - timing_s/gen:20.057132225483656 - timing_s/reward:3.318861126899719e-05 - timing_s/old_log_prob:45.48294837772846 - timing_s/ref:63.9846058152616 - timing_s/adv:0.016955900937318802 - timing_s/update_actor:188.93769309669733 - timing_s/update_weights:4.500564347952604 - timing_s/step:323.1377023756504 - timing_s/stop_profile:0.00013779103755950928 - timing_per_token_ms/gen:0.1098918578843815 - timing_per_token_ms/update_actor:0.8386012183554327 - timing_per_token_ms/ref:0.28399610217114707 - timing_per_token_ms/adv:7.525888006408671e-05 - perf/total_num_tokens:225301 - perf/time_per_step:323.1377023756504 - perf/throughput:174.3072677248952
[36m(TaskRunner pid=2033431)[0m test_gen_batch meta info: {'eos_token_id': 151645, 'pad_token_id': 151643, 'recompute_log_prob': False, 'do_sample': False, 'validate': True, 'global_steps': 210}
[36m(TaskRunner pid=2033431)[0m validation generation end
[36m(TaskRunner pid=2033431)[0m step:210 - global_seqlen/min:58865 - global_seqlen/max:62352 - global_seqlen/minmax_diff:3487 - global_seqlen/balanced_min:60631 - global_seqlen/balanced_max:60636 - global_seqlen/mean:60634.0 - actor/entropy:0.07103657722473145 - perf/mfu/actor_infer:0.03358347568741593 - actor/pg_clipfrac:np.float64(2.3066276753525017e-05) - actor/ppo_kl:np.float64(6.395261652691886e-05) - actor/pg_clipfrac_lower:np.float64(0.0) - actor/pg_loss:np.float64(-0.0009770644246600568) - actor/kl_loss:np.float64(0.12651614086644258) - actor/kl_coef:np.float64(0.0010000000000000005) - actor/loss:np.float64(-0.0008505485020577908) - actor/grad_norm:np.float64(0.15143201686441898) - actor/perf/max_memory_allocated_gb:np.float64(20.273035049438477) - actor/perf/max_memory_reserved_gb:np.float64(34.158203125) - actor/perf/cpu_memory_used_gb:np.float64(109.22517776489258) - actor/lr:np.float64(1e-06) - perf/mfu/actor:np.float64(0.023988962386077) - val-aux/openai/gsm8k/reward/mean@1:np.float64(0.9378316906747536) - val-core/openai/gsm8k/acc/mean@1:np.float64(0.9378316906747536) - val-aux/num_turns/min:np.int32(2) - val-aux/num_turns/max:np.int32(2) - val-aux/num_turns/mean:np.float64(2.0) - training/global_step:210 - training/epoch:1 - critic/score/mean:0.982421875 - critic/score/max:1.0 - critic/score/min:0.0 - critic/rewards/mean:0.982421875 - critic/rewards/max:1.0 - critic/rewards/min:0.0 - critic/advantages/mean:0.0010090532014146447 - critic/advantages/max:0.35355237126350403 - critic/advantages/min:-2.4748666286468506 - critic/returns/mean:0.0010090532014146447 - critic/returns/max:0.35355237126350403 - critic/returns/min:-2.4748666286468506 - response_length/mean:388.703125 - response_length/max:852.0 - response_length/min:152.0 - response_length/clip_ratio:0.0 - response_length_non_aborted/mean:388.703125 - response_length_non_aborted/max:852.0 - response_length_non_aborted/min:152.0 - response_length_non_aborted/clip_ratio:0.0 - response/aborted_ratio:0.0 - prompt_length/mean:85.0 - prompt_length/max:195.0 - prompt_length/min:54.0 - prompt_length/clip_ratio:0.0 - num_turns/min:np.int32(2) - num_turns/max:np.int32(2) - num_turns/mean:np.float64(2.0) - timing_s/start_profile:8.532032370567322e-05 - timing_s/agent_loop/num_preempted/min:np.int64(-1) - timing_s/agent_loop/num_preempted/max:np.int64(-1) - timing_s/agent_loop/num_preempted/mean:np.float64(-1.0) - timing_s/agent_loop/generate_sequences/min:np.float64(3.7620721831917763) - timing_s/agent_loop/generate_sequences/max:np.float64(16.78607525676489) - timing_s/agent_loop/generate_sequences/mean:np.float64(9.541680914138851) - timing_s/agent_loop/tool_calls/min:np.float64(0.0) - timing_s/agent_loop/tool_calls/max:np.float64(0.0) - timing_s/agent_loop/tool_calls/mean:np.float64(0.0) - timing_s/agent_loop/compute_score/min:np.float64(0.005837399512529373) - timing_s/agent_loop/compute_score/max:np.float64(0.025747455656528473) - timing_s/agent_loop/compute_score/mean:np.float64(0.010215253350907005) - timing_s/agent_loop/slowest/generate_sequences:np.float64(16.78607525676489) - timing_s/agent_loop/slowest/tool_calls:np.float64(0.0) - timing_s/agent_loop/slowest/compute_score:np.float64(0.010950226336717606) - timing_s/agent_loop/slowest/num_preempted:np.int64(-1) - timing_s/agent_loop/slowest/prompt_length:122 - timing_s/agent_loop/slowest/response_length:852 - timing_s/gen:17.96394405514002 - timing_s/reward:2.9809772968292236e-05 - timing_s/old_log_prob:45.27407631650567 - timing_s/ref:64.37532561272383 - timing_s/adv:0.01987825334072113 - timing_s/update_actor:188.67666266858578 - timing_s/update_weights:4.494483802467585 - timing_s/step:320.95382807403803 - timing_s/testing:30.894482728093863 - timing_s/stop_profile:0.00012424588203430176 - timing_per_token_ms/gen:0.0902638182615469 - timing_per_token_ms/update_actor:0.7779326065762847 - timing_per_token_ms/ref:0.265425856832486 - timing_per_token_ms/adv:8.196001146518921e-05 - perf/total_num_tokens:242536 - perf/time_per_step:320.95382807403803 - perf/throughput:188.9181392970109
[36m(TaskRunner pid=2033431)[0m step:211 - global_seqlen/min:51336 - global_seqlen/max:63502 - global_seqlen/minmax_diff:12166 - global_seqlen/balanced_min:57801 - global_seqlen/balanced_max:57803 - global_seqlen/mean:57802.0 - actor/entropy:0.07691632211208344 - perf/mfu/actor_infer:0.03215759513023441 - actor/pg_clipfrac:np.float64(0.00032786768429104995) - actor/ppo_kl:np.float64(-4.809848650211279e-05) - actor/pg_clipfrac_lower:np.float64(0.0) - actor/pg_loss:np.float64(0.001934313761012163) - actor/kl_loss:np.float64(0.1417646225891076) - actor/kl_coef:np.float64(0.0010000000000000005) - actor/loss:np.float64(0.0020760786719620228) - actor/grad_norm:np.float64(0.3686596006155014) - actor/perf/max_memory_allocated_gb:np.float64(20.273035049438477) - actor/perf/max_memory_reserved_gb:np.float64(34.158203125) - actor/perf/cpu_memory_used_gb:np.float64(109.00969886779785) - actor/lr:np.float64(1e-06) - perf/mfu/actor:np.float64(0.02284080335219764) - training/global_step:211 - training/epoch:1 - critic/score/mean:0.9375 - critic/score/max:1.0 - critic/score/min:0.0 - critic/rewards/mean:0.9375 - critic/rewards/max:1.0 - critic/rewards/min:0.0 - critic/advantages/mean:-0.0019038425525650382 - critic/advantages/max:2.4748666286468506 - critic/advantages/min:-2.4748666286468506 - critic/returns/mean:-0.0019038425525650382 - critic/returns/max:2.4748666286468506 - critic/returns/min:-2.4748666286468506 - response_length/mean:369.515625 - response_length/max:1024.0 - response_length/min:124.0 - response_length/clip_ratio:0.005859375 - response_length_non_aborted/mean:369.515625 - response_length_non_aborted/max:1024.0 - response_length_non_aborted/min:124.0 - response_length_non_aborted/clip_ratio:0.005859375 - response/aborted_ratio:0.0 - prompt_length/mean:82.0625 - prompt_length/max:161.0 - prompt_length/min:49.0 - prompt_length/clip_ratio:0.0 - num_turns/min:np.int32(2) - num_turns/max:np.int32(2) - num_turns/mean:np.float64(2.0) - timing_s/start_profile:8.456781506538391e-05 - timing_s/agent_loop/num_preempted/min:np.int64(-1) - timing_s/agent_loop/num_preempted/max:np.int64(-1) - timing_s/agent_loop/num_preempted/mean:np.float64(-1.0) - timing_s/agent_loop/generate_sequences/min:np.float64(3.070414200425148) - timing_s/agent_loop/generate_sequences/max:np.float64(19.092285960912704) - timing_s/agent_loop/generate_sequences/mean:np.float64(8.786239985376596) - timing_s/agent_loop/tool_calls/min:np.float64(0.0) - timing_s/agent_loop/tool_calls/max:np.float64(0.0) - timing_s/agent_loop/tool_calls/mean:np.float64(0.0) - timing_s/agent_loop/compute_score/min:np.float64(0.006868883967399597) - timing_s/agent_loop/compute_score/max:np.float64(0.020353112369775772) - timing_s/agent_loop/compute_score/mean:np.float64(0.010214327077846974) - timing_s/agent_loop/slowest/generate_sequences:np.float64(19.092285960912704) - timing_s/agent_loop/slowest/tool_calls:np.float64(0.0) - timing_s/agent_loop/slowest/compute_score:np.float64(0.011396102607250214) - timing_s/agent_loop/slowest/num_preempted:np.int64(-1) - timing_s/agent_loop/slowest/prompt_length:130 - timing_s/agent_loop/slowest/response_length:1024 - timing_s/gen:20.188392639160156 - timing_s/reward:2.2958964109420776e-05 - timing_s/old_log_prob:45.1797656416893 - timing_s/ref:64.33627108111978 - timing_s/adv:0.014086239039897919 - timing_s/update_actor:188.81507164984941 - timing_s/update_weights:4.57582700252533 - timing_s/step:323.26321167498827 - timing_s/stop_profile:0.00019337981939315796 - timing_per_token_ms/gen:0.10670848999513805 - timing_per_token_ms/update_actor:0.8166459276921622 - timing_per_token_ms/ref:0.2782614402664258 - timing_per_token_ms/adv:6.0924531330654294e-05 - perf/total_num_tokens:231208 - perf/time_per_step:323.26321167498827 - perf/throughput:178.80785042163922
[36m(TaskRunner pid=2033431)[0m step:212 - global_seqlen/min:57593 - global_seqlen/max:59693 - global_seqlen/minmax_diff:2100 - global_seqlen/balanced_min:58415 - global_seqlen/balanced_max:58421 - global_seqlen/mean:58418.5 - actor/entropy:0.07728191465139389 - perf/mfu/actor_infer:0.0324746090269725 - actor/pg_clipfrac:np.float64(0.00032279894594466896) - actor/ppo_kl:np.float64(7.295343098689955e-05) - actor/pg_clipfrac_lower:np.float64(0.0) - actor/pg_loss:np.float64(0.003872185363434255) - actor/kl_loss:np.float64(0.13855910205165856) - actor/kl_coef:np.float64(0.0010000000000000005) - actor/loss:np.float64(0.004010745498817414) - actor/grad_norm:np.float64(0.3236998841166496) - actor/perf/max_memory_allocated_gb:np.float64(20.273035049438477) - actor/perf/max_memory_reserved_gb:np.float64(34.158203125) - actor/perf/cpu_memory_used_gb:np.float64(109.07240867614746) - actor/lr:np.float64(1e-06) - perf/mfu/actor:np.float64(0.023049324629743018) - training/global_step:212 - training/epoch:1 - critic/score/mean:0.9375 - critic/score/max:1.0 - critic/score/min:0.0 - critic/rewards/mean:0.9375 - critic/rewards/max:1.0 - critic/rewards/min:0.0 - critic/advantages/mean:-0.0038013134617358446 - critic/advantages/max:2.4748666286468506 - critic/advantages/min:-2.4748666286468506 - critic/returns/mean:-0.0038013134617358446 - critic/returns/max:2.4748666286468506 - critic/returns/min:-2.4748666286468506 - response_length/mean:374.51953125 - response_length/max:1001.0 - response_length/min:126.0 - response_length/clip_ratio:0.0 - response_length_non_aborted/mean:374.51953125 - response_length_non_aborted/max:1001.0 - response_length_non_aborted/min:126.0 - response_length_non_aborted/clip_ratio:0.0 - response/aborted_ratio:0.0 - prompt_length/mean:81.875 - prompt_length/max:149.0 - prompt_length/min:48.0 - prompt_length/clip_ratio:0.0 - num_turns/min:np.int32(2) - num_turns/max:np.int32(2) - num_turns/mean:np.float64(2.0) - timing_s/start_profile:0.00010146945714950562 - timing_s/agent_loop/num_preempted/min:np.int64(-1) - timing_s/agent_loop/num_preempted/max:np.int64(-1) - timing_s/agent_loop/num_preempted/mean:np.float64(-1.0) - timing_s/agent_loop/generate_sequences/min:np.float64(3.111857283860445) - timing_s/agent_loop/generate_sequences/max:np.float64(18.680803641676903) - timing_s/agent_loop/generate_sequences/mean:np.float64(9.14934914449259) - timing_s/agent_loop/tool_calls/min:np.float64(0.0) - timing_s/agent_loop/tool_calls/max:np.float64(0.0) - timing_s/agent_loop/tool_calls/mean:np.float64(0.0) - timing_s/agent_loop/compute_score/min:np.float64(0.006077513098716736) - timing_s/agent_loop/compute_score/max:np.float64(0.030322197824716568) - timing_s/agent_loop/compute_score/mean:np.float64(0.010239995790470857) - timing_s/agent_loop/slowest/generate_sequences:np.float64(18.680803641676903) - timing_s/agent_loop/slowest/tool_calls:np.float64(0.0) - timing_s/agent_loop/slowest/compute_score:np.float64(0.011426255106925964) - timing_s/agent_loop/slowest/num_preempted:np.int64(-1) - timing_s/agent_loop/slowest/prompt_length:88 - timing_s/agent_loop/slowest/response_length:1001 - timing_s/gen:19.704512163996696 - timing_s/reward:2.8833746910095215e-05 - timing_s/old_log_prob:45.14920113235712 - timing_s/ref:64.4771665930748 - timing_s/adv:0.017021290957927704 - timing_s/update_actor:189.05296204984188 - timing_s/update_weights:4.482205972075462 - timing_s/step:323.0384299084544 - timing_s/stop_profile:0.00019346922636032104 - timing_per_token_ms/gen:0.10275932790970044 - timing_per_token_ms/update_actor:0.8090457733844667 - timing_per_token_ms/ref:0.27592785929574876 - timing_per_token_ms/adv:7.284204044064682e-05 - perf/total_num_tokens:233674 - perf/time_per_step:323.0384299084544 - perf/throughput:180.84071302771986
[36m(TaskRunner pid=2033431)[0m step:213 - global_seqlen/min:55167 - global_seqlen/max:64246 - global_seqlen/minmax_diff:9079 - global_seqlen/balanced_min:60080 - global_seqlen/balanced_max:60083 - global_seqlen/mean:60081.5 - actor/entropy:0.08035025745630264 - perf/mfu/actor_infer:0.03346200618044159 - actor/pg_clipfrac:np.float64(0.0002285569034938817) - actor/ppo_kl:np.float64(-3.49801640142644e-05) - actor/pg_clipfrac_lower:np.float64(0.0) - actor/pg_loss:np.float64(-0.00023495708592236042) - actor/kl_loss:np.float64(0.13879094652656931) - actor/kl_coef:np.float64(0.0010000000000000005) - actor/loss:np.float64(-9.616557508707047e-05) - actor/grad_norm:np.float64(0.2624916434288025) - actor/perf/max_memory_allocated_gb:np.float64(20.273035049438477) - actor/perf/max_memory_reserved_gb:np.float64(34.158203125) - actor/perf/cpu_memory_used_gb:np.float64(109.4233512878418) - actor/lr:np.float64(1e-06) - perf/mfu/actor:np.float64(0.023686454675476303) - training/global_step:213 - training/epoch:1 - critic/score/mean:0.9765625 - critic/score/max:1.0 - critic/score/min:0.0 - critic/rewards/mean:0.9765625 - critic/rewards/max:1.0 - critic/rewards/min:0.0 - critic/advantages/mean:6.749102612957358e-05 - critic/advantages/max:1.6201815605163574 - critic/advantages/min:-1.6201815605163574 - critic/returns/mean:6.749102612957358e-05 - critic/returns/max:1.6201815605163574 - critic/returns/min:-1.6201815605163574 - response_length/mean:384.96484375 - response_length/max:1024.0 - response_length/min:134.0 - response_length/clip_ratio:0.01171875 - response_length_non_aborted/mean:384.96484375 - response_length_non_aborted/max:1024.0 - response_length_non_aborted/min:134.0 - response_length_non_aborted/clip_ratio:0.01171875 - response/aborted_ratio:0.0 - prompt_length/mean:84.421875 - prompt_length/max:151.0 - prompt_length/min:48.0 - prompt_length/clip_ratio:0.0 - num_turns/min:np.int32(2) - num_turns/max:np.int32(2) - num_turns/mean:np.float64(2.0) - timing_s/start_profile:0.0001589357852935791 - timing_s/agent_loop/num_preempted/min:np.int64(-1) - timing_s/agent_loop/num_preempted/max:np.int64(-1) - timing_s/agent_loop/num_preempted/mean:np.float64(-1.0) - timing_s/agent_loop/generate_sequences/min:np.float64(3.2653973884880543) - timing_s/agent_loop/generate_sequences/max:np.float64(19.604241281747818) - timing_s/agent_loop/generate_sequences/mean:np.float64(9.226603791161324) - timing_s/agent_loop/tool_calls/min:np.float64(0.0) - timing_s/agent_loop/tool_calls/max:np.float64(0.0) - timing_s/agent_loop/tool_calls/mean:np.float64(0.0) - timing_s/agent_loop/compute_score/min:np.float64(0.006242495030164719) - timing_s/agent_loop/compute_score/max:np.float64(0.022969216108322144) - timing_s/agent_loop/compute_score/mean:np.float64(0.010614464670652524) - timing_s/agent_loop/slowest/generate_sequences:np.float64(19.604241281747818) - timing_s/agent_loop/slowest/tool_calls:np.float64(0.0) - timing_s/agent_loop/slowest/compute_score:np.float64(0.010967448353767395) - timing_s/agent_loop/slowest/num_preempted:np.int64(-1) - timing_s/agent_loop/slowest/prompt_length:122 - timing_s/agent_loop/slowest/response_length:1024 - timing_s/gen:20.58215556293726 - timing_s/reward:2.915412187576294e-05 - timing_s/old_log_prob:45.135323237627745 - timing_s/ref:64.10837385058403 - timing_s/adv:0.017686549574136734 - timing_s/update_actor:189.77104004099965 - timing_s/update_weights:4.515937503427267 - timing_s/step:324.28457672894 - timing_s/stop_profile:0.00017350539565086365 - timing_per_token_ms/gen:0.10442387983347333 - timing_per_token_ms/update_actor:0.789640072405814 - timing_per_token_ms/ref:0.2667558809724459 - timing_per_token_ms/adv:7.359399138726869e-05 - perf/total_num_tokens:240326 - perf/time_per_step:324.28457672894 - perf/throughput:185.27399793737453
[36m(TaskRunner pid=2033431)[0m step:214 - global_seqlen/min:55094 - global_seqlen/max:69965 - global_seqlen/minmax_diff:14871 - global_seqlen/balanced_min:60435 - global_seqlen/balanced_max:60436 - global_seqlen/mean:60435.25 - actor/entropy:0.0840873271226883 - perf/mfu/actor_infer:0.03361101795397901 - actor/pg_clipfrac:np.float64(0.0003692185841828177) - actor/ppo_kl:np.float64(3.2966940615608564e-05) - actor/pg_clipfrac_lower:np.float64(5.5251061894523446e-06) - actor/pg_loss:np.float64(0.020777310885023326) - actor/kl_loss:np.float64(0.14297820642241277) - actor/kl_coef:np.float64(0.0010000000000000005) - actor/loss:np.float64(0.0209202878177166) - actor/grad_norm:np.float64(0.32157133519649506) - actor/perf/max_memory_allocated_gb:np.float64(20.273035049438477) - actor/perf/max_memory_reserved_gb:np.float64(34.158203125) - actor/perf/cpu_memory_used_gb:np.float64(109.8099594116211) - actor/lr:np.float64(1e-06) - perf/mfu/actor:np.float64(0.023836482491580338) - training/global_step:214 - training/epoch:1 - critic/score/mean:0.962890625 - critic/score/max:1.0 - critic/score/min:0.0 - critic/rewards/mean:0.962890625 - critic/rewards/max:1.0 - critic/rewards/min:0.0 - critic/advantages/mean:-0.020732345059514046 - critic/advantages/max:1.20761239528656 - critic/advantages/min:-2.4748666286468506 - critic/returns/mean:-0.020732345059514046 - critic/returns/max:1.20761239528656 - critic/returns/min:-2.4748666286468506 - response_length/mean:387.166015625 - response_length/max:1024.0 - response_length/min:164.0 - response_length/clip_ratio:0.01171875 - response_length_non_aborted/mean:387.166015625 - response_length_non_aborted/max:1024.0 - response_length_non_aborted/min:164.0 - response_length_non_aborted/clip_ratio:0.01171875 - response/aborted_ratio:0.0 - prompt_length/mean:84.984375 - prompt_length/max:159.0 - prompt_length/min:55.0 - prompt_length/clip_ratio:0.0 - num_turns/min:np.int32(2) - num_turns/max:np.int32(2) - num_turns/mean:np.float64(2.0) - timing_s/start_profile:8.215755224227905e-05 - timing_s/agent_loop/num_preempted/min:np.int64(-1) - timing_s/agent_loop/num_preempted/max:np.int64(-1) - timing_s/agent_loop/num_preempted/mean:np.float64(-1.0) - timing_s/agent_loop/generate_sequences/min:np.float64(4.1390262469649315) - timing_s/agent_loop/generate_sequences/max:np.float64(19.598383851349354) - timing_s/agent_loop/generate_sequences/mean:np.float64(9.30674987169914) - timing_s/agent_loop/tool_calls/min:np.float64(0.0) - timing_s/agent_loop/tool_calls/max:np.float64(0.0) - timing_s/agent_loop/tool_calls/mean:np.float64(0.0) - timing_s/agent_loop/compute_score/min:np.float64(0.007851626724004745) - timing_s/agent_loop/compute_score/max:np.float64(0.08296022936701775) - timing_s/agent_loop/compute_score/mean:np.float64(0.010760512028355151) - timing_s/agent_loop/slowest/generate_sequences:np.float64(19.598383851349354) - timing_s/agent_loop/slowest/tool_calls:np.float64(0.0) - timing_s/agent_loop/slowest/compute_score:np.float64(0.011106837540864944) - timing_s/agent_loop/slowest/num_preempted:np.int64(-1) - timing_s/agent_loop/slowest/prompt_length:83 - timing_s/agent_loop/slowest/response_length:1024 - timing_s/gen:20.85855220258236 - timing_s/reward:2.5782734155654907e-05 - timing_s/old_log_prob:45.16526962071657 - timing_s/ref:63.90612345561385 - timing_s/adv:0.01763303205370903 - timing_s/update_actor:189.67358669638634 - timing_s/update_weights:4.532397974282503 - timing_s/step:324.306888949126 - timing_s/stop_profile:0.00017164647579193115 - timing_per_token_ms/gen:0.1052245241744768 - timing_per_token_ms/update_actor:0.7846148840965593 - timing_per_token_ms/ref:0.264357818721747 - timing_per_token_ms/adv:7.294183466482322e-05 - perf/total_num_tokens:241741 - perf/time_per_step:324.306888949126 - perf/throughput:186.35203894629717
[36m(TaskRunner pid=2033431)[0m step:215 - global_seqlen/min:54517 - global_seqlen/max:63102 - global_seqlen/minmax_diff:8585 - global_seqlen/balanced_min:57232 - global_seqlen/balanced_max:57239 - global_seqlen/mean:57234.5 - actor/entropy:0.07716692984104156 - perf/mfu/actor_infer:0.0317472560810051 - actor/pg_clipfrac:np.float64(3.681986845549545e-05) - actor/ppo_kl:np.float64(-4.438891021152358e-05) - actor/pg_clipfrac_lower:np.float64(0.0) - actor/pg_loss:np.float64(0.005007353611290455) - actor/kl_loss:np.float64(0.14749829095671885) - actor/kl_coef:np.float64(0.0010000000000000005) - actor/loss:np.float64(0.005154851824045181) - actor/grad_norm:np.float64(0.1347927674651146) - actor/perf/max_memory_allocated_gb:np.float64(20.273035049438477) - actor/perf/max_memory_reserved_gb:np.float64(34.158203125) - actor/perf/cpu_memory_used_gb:np.float64(109.20113754272461) - actor/lr:np.float64(1e-06) - perf/mfu/actor:np.float64(0.022614124558972437) - training/global_step:215 - training/epoch:1 - critic/score/mean:0.943359375 - critic/score/max:1.0 - critic/score/min:0.0 - critic/rewards/mean:0.943359375 - critic/rewards/max:1.0 - critic/rewards/min:0.0 - critic/advantages/mean:-0.0050138854421675205 - critic/advantages/max:1.20761239528656 - critic/advantages/min:-0.7245674133300781 - critic/returns/mean:-0.0050138854421675205 - critic/returns/max:1.20761239528656 - critic/returns/min:-0.7245674133300781 - response_length/mean:367.01953125 - response_length/max:1024.0 - response_length/min:105.0 - response_length/clip_ratio:0.01171875 - response_length_non_aborted/mean:367.01953125 - response_length_non_aborted/max:1024.0 - response_length_non_aborted/min:105.0 - response_length_non_aborted/clip_ratio:0.01171875 - response/aborted_ratio:0.0 - prompt_length/mean:80.125 - prompt_length/max:146.0 - prompt_length/min:49.0 - prompt_length/clip_ratio:0.0 - num_turns/min:np.int32(2) - num_turns/max:np.int32(2) - num_turns/mean:np.float64(2.0) - timing_s/start_profile:8.815526962280273e-05 - timing_s/agent_loop/num_preempted/min:np.int64(-1) - timing_s/agent_loop/num_preempted/max:np.int64(-1) - timing_s/agent_loop/num_preempted/mean:np.float64(-1.0) - timing_s/agent_loop/generate_sequences/min:np.float64(2.597435522824526) - timing_s/agent_loop/generate_sequences/max:np.float64(18.94583436846733) - timing_s/agent_loop/generate_sequences/mean:np.float64(8.769157890259521) - timing_s/agent_loop/tool_calls/min:np.float64(0.0) - timing_s/agent_loop/tool_calls/max:np.float64(0.0) - timing_s/agent_loop/tool_calls/mean:np.float64(0.0) - timing_s/agent_loop/compute_score/min:np.float64(0.006228048354387283) - timing_s/agent_loop/compute_score/max:np.float64(0.02707572653889656) - timing_s/agent_loop/compute_score/mean:np.float64(0.010588320321403444) - timing_s/agent_loop/slowest/generate_sequences:np.float64(18.94583436846733) - timing_s/agent_loop/slowest/tool_calls:np.float64(0.0) - timing_s/agent_loop/slowest/compute_score:np.float64(0.008505318313837051) - timing_s/agent_loop/slowest/num_preempted:np.int64(-1) - timing_s/agent_loop/slowest/prompt_length:82 - timing_s/agent_loop/slowest/response_length:1024 - timing_s/gen:19.975111711770296 - timing_s/reward:2.6416033506393433e-05 - timing_s/old_log_prob:45.22871732711792 - timing_s/ref:64.04880198091269 - timing_s/adv:0.017026733607053757 - timing_s/update_actor:188.76644150167704 - timing_s/update_weights:4.478773657232523 - timing_s/step:322.66720781847835 - timing_s/stop_profile:0.0001668483018875122 - timing_per_token_ms/gen:0.10629922045068646 - timing_per_token_ms/update_actor:0.8245308402348105 - timing_per_token_ms/ref:0.279764835811061 - timing_per_token_ms/adv:7.437268433835256e-05 - perf/total_num_tokens:228938 - perf/time_per_step:322.66720781847835 - perf/throughput:177.37935127327285
[36m(TaskRunner pid=2033431)[0m step:216 - global_seqlen/min:56079 - global_seqlen/max:65301 - global_seqlen/minmax_diff:9222 - global_seqlen/balanced_min:59202 - global_seqlen/balanced_max:59206 - global_seqlen/mean:59204.5 - actor/entropy:0.0784788429737091 - perf/mfu/actor_infer:0.032913499920636254 - actor/pg_clipfrac:np.float64(0.00036134371475782245) - actor/ppo_kl:np.float64(6.777800761348374e-05) - actor/pg_clipfrac_lower:np.float64(0.0) - actor/pg_loss:np.float64(0.026417369139380753) - actor/kl_loss:np.float64(0.1407656995288562) - actor/kl_coef:np.float64(0.0010000000000000005) - actor/loss:np.float64(0.026558134704828262) - actor/grad_norm:np.float64(0.36256667971611023) - actor/perf/max_memory_allocated_gb:np.float64(20.273035049438477) - actor/perf/max_memory_reserved_gb:np.float64(34.158203125) - actor/perf/cpu_memory_used_gb:np.float64(109.07884407043457) - actor/lr:np.float64(1e-06) - perf/mfu/actor:np.float64(0.023367198296322438) - training/global_step:216 - training/epoch:1 - critic/score/mean:0.931640625 - critic/score/max:1.0 - critic/score/min:0.0 - critic/rewards/mean:0.931640625 - critic/rewards/max:1.0 - critic/rewards/min:0.0 - critic/advantages/mean:-0.02645445056259632 - critic/advantages/max:1.6201815605163574 - critic/advantages/min:-2.4748666286468506 - critic/returns/mean:-0.02645445056259632 - critic/returns/max:1.6201815605163574 - critic/returns/min:-2.4748666286468506 - response_length/mean:381.41015625 - response_length/max:1024.0 - response_length/min:131.0 - response_length/clip_ratio:0.015625 - response_length_non_aborted/mean:381.41015625 - response_length_non_aborted/max:1024.0 - response_length_non_aborted/min:131.0 - response_length_non_aborted/clip_ratio:0.015625 - response/aborted_ratio:0.0 - prompt_length/mean:81.125 - prompt_length/max:165.0 - prompt_length/min:42.0 - prompt_length/clip_ratio:0.0 - num_turns/min:np.int32(2) - num_turns/max:np.int32(2) - num_turns/mean:np.float64(2.0) - timing_s/start_profile:0.00016072764992713928 - timing_s/agent_loop/num_preempted/min:np.int64(-1) - timing_s/agent_loop/num_preempted/max:np.int64(-1) - timing_s/agent_loop/num_preempted/mean:np.float64(-1.0) - timing_s/agent_loop/generate_sequences/min:np.float64(3.2443438954651356) - timing_s/agent_loop/generate_sequences/max:np.float64(19.33052710071206) - timing_s/agent_loop/generate_sequences/mean:np.float64(9.051220398752776) - timing_s/agent_loop/tool_calls/min:np.float64(0.0) - timing_s/agent_loop/tool_calls/max:np.float64(0.0) - timing_s/agent_loop/tool_calls/mean:np.float64(0.0) - timing_s/agent_loop/compute_score/min:np.float64(0.006704654544591904) - timing_s/agent_loop/compute_score/max:np.float64(0.023703105747699738) - timing_s/agent_loop/compute_score/mean:np.float64(0.010527701298997272) - timing_s/agent_loop/slowest/generate_sequences:np.float64(19.33052710071206) - timing_s/agent_loop/slowest/tool_calls:np.float64(0.0) - timing_s/agent_loop/slowest/compute_score:np.float64(0.01035090908408165) - timing_s/agent_loop/slowest/num_preempted:np.int64(-1) - timing_s/agent_loop/slowest/prompt_length:73 - timing_s/agent_loop/slowest/response_length:1024 - timing_s/gen:20.335066098719835 - timing_s/reward:3.002956509590149e-05 - timing_s/old_log_prob:45.536946166306734 - timing_s/ref:63.799497831612825 - timing_s/adv:0.017461366951465607 - timing_s/update_actor:189.1768591850996 - timing_s/update_weights:4.560746639966965 - timing_s/step:323.5833105780184 - timing_s/stop_profile:0.00020390376448631287 - timing_per_token_ms/gen:0.10413179964727848 - timing_per_token_ms/update_actor:0.798828041724445 - timing_per_token_ms/ref:0.26940307675773306 - timing_per_token_ms/adv:7.373327598183249e-05 - perf/total_num_tokens:236818 - perf/time_per_step:323.5833105780184 - perf/throughput:182.96524593386079
[36m(TaskRunner pid=2033431)[0m step:217 - global_seqlen/min:50707 - global_seqlen/max:65521 - global_seqlen/minmax_diff:14814 - global_seqlen/balanced_min:57548 - global_seqlen/balanced_max:57551 - global_seqlen/mean:57549.25 - actor/entropy:0.07329939305782318 - perf/mfu/actor_infer:0.032056963142669544 - actor/pg_clipfrac:np.float64(0.00018281609436598956) - actor/ppo_kl:np.float64(9.216961625568842e-05) - actor/pg_clipfrac_lower:np.float64(0.0) - actor/pg_loss:np.float64(0.004560630364721874) - actor/kl_loss:np.float64(0.14841245906427503) - actor/kl_coef:np.float64(0.0010000000000000005) - actor/loss:np.float64(0.004709044471383095) - actor/grad_norm:np.float64(0.2341599091887474) - actor/perf/max_memory_allocated_gb:np.float64(20.273035049438477) - actor/perf/max_memory_reserved_gb:np.float64(34.158203125) - actor/perf/cpu_memory_used_gb:np.float64(109.05156707763672) - actor/lr:np.float64(1e-06) - perf/mfu/actor:np.float64(0.022721089288721852) - training/global_step:217 - training/epoch:1 - critic/score/mean:0.939453125 - critic/score/max:1.0 - critic/score/min:0.0 - critic/rewards/mean:0.939453125 - critic/rewards/max:1.0 - critic/rewards/min:0.0 - critic/advantages/mean:-0.004861259367316961 - critic/advantages/max:2.4748666286468506 - critic/advantages/min:-2.4748666286468506 - critic/returns/mean:-0.004861259367316961 - critic/returns/max:2.4748666286468506 - critic/returns/min:-2.4748666286468506 - response_length/mean:367.869140625 - response_length/max:1024.0 - response_length/min:171.0 - response_length/clip_ratio:0.0078125 - response_length_non_aborted/mean:367.869140625 - response_length_non_aborted/max:1024.0 - response_length_non_aborted/min:171.0 - response_length_non_aborted/clip_ratio:0.0078125 - response/aborted_ratio:0.0 - prompt_length/mean:81.734375 - prompt_length/max:142.0 - prompt_length/min:53.0 - prompt_length/clip_ratio:0.0 - num_turns/min:np.int32(2) - num_turns/max:np.int32(2) - num_turns/mean:np.float64(2.0) - timing_s/start_profile:7.789582014083862e-05 - timing_s/agent_loop/num_preempted/min:np.int64(-1) - timing_s/agent_loop/num_preempted/max:np.int64(-1) - timing_s/agent_loop/num_preempted/mean:np.float64(-1.0) - timing_s/agent_loop/generate_sequences/min:np.float64(4.230214525014162) - timing_s/agent_loop/generate_sequences/max:np.float64(18.998154517263174) - timing_s/agent_loop/generate_sequences/mean:np.float64(8.794865356474475) - timing_s/agent_loop/tool_calls/min:np.float64(0.0) - timing_s/agent_loop/tool_calls/max:np.float64(0.0) - timing_s/agent_loop/tool_calls/mean:np.float64(0.0) - timing_s/agent_loop/compute_score/min:np.float64(0.007518686354160309) - timing_s/agent_loop/compute_score/max:np.float64(0.026325993239879608) - timing_s/agent_loop/compute_score/mean:np.float64(0.010862229784834199) - timing_s/agent_loop/slowest/generate_sequences:np.float64(18.998154517263174) - timing_s/agent_loop/slowest/tool_calls:np.float64(0.0) - timing_s/agent_loop/slowest/compute_score:np.float64(0.01004648208618164) - timing_s/agent_loop/slowest/num_preempted:np.int64(-1) - timing_s/agent_loop/slowest/prompt_length:80 - timing_s/agent_loop/slowest/response_length:1024 - timing_s/gen:20.009389031678438 - timing_s/reward:3.099814057350159e-05 - timing_s/old_log_prob:45.39715474843979 - timing_s/ref:63.9394750893116 - timing_s/adv:0.018849629908800125 - timing_s/update_actor:188.94855783507228 - timing_s/update_weights:4.564251832664013 - timing_s/step:323.0291964896023 - timing_s/stop_profile:0.00016300007700920105 - timing_per_token_ms/gen:0.10623570622450046 - timing_per_token_ms/update_actor:0.8208124251622405 - timing_per_token_ms/ref:0.27775981046369674 - timing_per_token_ms/adv:8.188477655573324e-05 - perf/total_num_tokens:230197 - perf/time_per_step:323.0291964896023 - perf/throughput:178.15494891915256
[36m(TaskRunner pid=2033431)[0m step:218 - global_seqlen/min:51291 - global_seqlen/max:66102 - global_seqlen/minmax_diff:14811 - global_seqlen/balanced_min:57929 - global_seqlen/balanced_max:57932 - global_seqlen/mean:57930.75 - actor/entropy:0.07213111221790314 - perf/mfu/actor_infer:0.03218524603435962 - actor/pg_clipfrac:np.float64(0.00020602785070877871) - actor/ppo_kl:np.float64(4.6419283364684816e-05) - actor/pg_clipfrac_lower:np.float64(0.0) - actor/pg_loss:np.float64(-0.0008177160052582622) - actor/kl_loss:np.float64(0.14698352428968064) - actor/kl_coef:np.float64(0.0010000000000000005) - actor/loss:np.float64(-0.0006707329303026199) - actor/grad_norm:np.float64(0.21851566433906555) - actor/perf/max_memory_allocated_gb:np.float64(20.273035049438477) - actor/perf/max_memory_reserved_gb:np.float64(34.158203125) - actor/perf/cpu_memory_used_gb:np.float64(109.1633529663086) - actor/lr:np.float64(1e-06) - perf/mfu/actor:np.float64(0.022845623322733488) - training/global_step:218 - training/epoch:1 - critic/score/mean:0.939453125 - critic/score/max:1.0 - critic/score/min:0.0 - critic/rewards/mean:0.939453125 - critic/rewards/max:1.0 - critic/rewards/min:0.0 - critic/advantages/mean:0.000955036433879286 - critic/advantages/max:0.7245674133300781 - critic/advantages/min:-2.4748666286468506 - critic/returns/mean:0.000955036433879286 - critic/returns/max:0.7245674133300781 - critic/returns/min:-2.4748666286468506 - response_length/mean:372.318359375 - response_length/max:1024.0 - response_length/min:162.0 - response_length/clip_ratio:0.0078125 - response_length_non_aborted/mean:372.318359375 - response_length_non_aborted/max:1024.0 - response_length_non_aborted/min:162.0 - response_length_non_aborted/clip_ratio:0.0078125 - response/aborted_ratio:0.0 - prompt_length/mean:80.265625 - prompt_length/max:148.0 - prompt_length/min:54.0 - prompt_length/clip_ratio:0.0 - num_turns/min:np.int32(2) - num_turns/max:np.int32(2) - num_turns/mean:np.float64(2.0) - timing_s/start_profile:7.522106170654297e-05 - timing_s/agent_loop/num_preempted/min:np.int64(-1) - timing_s/agent_loop/num_preempted/max:np.int64(-1) - timing_s/agent_loop/num_preempted/mean:np.float64(-1.0) - timing_s/agent_loop/generate_sequences/min:np.float64(3.9619578197598457) - timing_s/agent_loop/generate_sequences/max:np.float64(19.610102962702513) - timing_s/agent_loop/generate_sequences/mean:np.float64(9.002960854013509) - timing_s/agent_loop/tool_calls/min:np.float64(0.0) - timing_s/agent_loop/tool_calls/max:np.float64(0.0) - timing_s/agent_loop/tool_calls/mean:np.float64(0.0) - timing_s/agent_loop/compute_score/min:np.float64(0.006885923445224762) - timing_s/agent_loop/compute_score/max:np.float64(0.0333990715444088) - timing_s/agent_loop/compute_score/mean:np.float64(0.010654849822458345) - timing_s/agent_loop/slowest/generate_sequences:np.float64(19.610102962702513) - timing_s/agent_loop/slowest/tool_calls:np.float64(0.0) - timing_s/agent_loop/slowest/compute_score:np.float64(0.009817216545343399) - timing_s/agent_loop/slowest/num_preempted:np.int64(-1) - timing_s/agent_loop/slowest/prompt_length:118 - timing_s/agent_loop/slowest/response_length:1024 - timing_s/gen:20.597458507865667 - timing_s/reward:2.9534101486206055e-05 - timing_s/old_log_prob:45.417394798249006 - timing_s/ref:63.93610828742385 - timing_s/adv:0.017276745289564133 - timing_s/update_actor:189.17402313277125 - timing_s/update_weights:4.547189857810736 - timing_s/step:323.815486356616 - timing_s/stop_profile:0.00014324858784675598 - timing_per_token_ms/gen:0.10805110770177187 - timing_per_token_ms/update_actor:0.8163800016950034 - timing_per_token_ms/ref:0.27591610797125815 - timing_per_token_ms/adv:7.45577490778392e-05 - perf/total_num_tokens:231723 - perf/time_per_step:323.815486356616 - perf/throughput:178.90049253605252
[36m(TaskRunner pid=2033431)[0m step:219 - global_seqlen/min:52507 - global_seqlen/max:68215 - global_seqlen/minmax_diff:15708 - global_seqlen/balanced_min:59552 - global_seqlen/balanced_max:59555 - global_seqlen/mean:59554.25 - actor/entropy:0.07518190145492554 - perf/mfu/actor_infer:0.03314421926083247 - actor/pg_clipfrac:np.float64(0.00017019667620843393) - actor/ppo_kl:np.float64(7.508275960788069e-05) - actor/pg_clipfrac_lower:np.float64(0.0) - actor/pg_loss:np.float64(0.0012336011277511716) - actor/kl_loss:np.float64(0.14323684957344085) - actor/kl_coef:np.float64(0.0010000000000000005) - actor/loss:np.float64(0.001376839354634285) - actor/grad_norm:np.float64(0.42741909623146057) - actor/perf/max_memory_allocated_gb:np.float64(20.273035049438477) - actor/perf/max_memory_reserved_gb:np.float64(34.158203125) - actor/perf/cpu_memory_used_gb:np.float64(110.05050277709961) - actor/lr:np.float64(1e-06) - perf/mfu/actor:np.float64(0.023526993561490354) - training/global_step:219 - training/epoch:1 - critic/score/mean:0.951171875 - critic/score/max:1.0 - critic/score/min:0.0 - critic/rewards/mean:0.951171875 - critic/rewards/max:1.0 - critic/rewards/min:0.0 - critic/advantages/mean:-0.0010195332579314709 - critic/advantages/max:1.20761239528656 - critic/advantages/min:-2.4748666286468506 - critic/returns/mean:-0.0010195332579314709 - critic/returns/max:1.20761239528656 - critic/returns/min:-2.4748666286468506 - response_length/mean:376.955078125 - response_length/max:1024.0 - response_length/min:164.0 - response_length/clip_ratio:0.015625 - response_length_non_aborted/mean:376.955078125 - response_length_non_aborted/max:1024.0 - response_length_non_aborted/min:164.0 - response_length_non_aborted/clip_ratio:0.015625 - response/aborted_ratio:0.0 - prompt_length/mean:88.3125 - prompt_length/max:174.0 - prompt_length/min:50.0 - prompt_length/clip_ratio:0.0 - num_turns/min:np.int32(2) - num_turns/max:np.int32(2) - num_turns/mean:np.float64(2.0) - timing_s/start_profile:8.106976747512817e-05 - timing_s/agent_loop/num_preempted/min:np.int64(-1) - timing_s/agent_loop/num_preempted/max:np.int64(-1) - timing_s/agent_loop/num_preempted/mean:np.float64(-1.0) - timing_s/agent_loop/generate_sequences/min:np.float64(4.087438482791185) - timing_s/agent_loop/generate_sequences/max:np.float64(19.119529150426388) - timing_s/agent_loop/generate_sequences/mean:np.float64(9.043721021196689) - timing_s/agent_loop/tool_calls/min:np.float64(0.0) - timing_s/agent_loop/tool_calls/max:np.float64(0.0) - timing_s/agent_loop/tool_calls/mean:np.float64(0.0) - timing_s/agent_loop/compute_score/min:np.float64(0.006259012967348099) - timing_s/agent_loop/compute_score/max:np.float64(0.02193671092391014) - timing_s/agent_loop/compute_score/mean:np.float64(0.010521439609874506) - timing_s/agent_loop/slowest/generate_sequences:np.float64(19.119529150426388) - timing_s/agent_loop/slowest/tool_calls:np.float64(0.0) - timing_s/agent_loop/slowest/compute_score:np.float64(0.010109253227710724) - timing_s/agent_loop/slowest/num_preempted:np.int64(-1) - timing_s/agent_loop/slowest/prompt_length:127 - timing_s/agent_loop/slowest/response_length:1024 - timing_s/gen:20.10882294550538 - timing_s/reward:2.3283064365386963e-05 - timing_s/old_log_prob:45.38054521754384 - timing_s/ref:64.01172638684511 - timing_s/adv:0.017698854207992554 - timing_s/update_actor:188.93378865718842 - timing_s/update_weights:4.595631338655949 - timing_s/step:323.1917110197246 - timing_s/stop_profile:0.00016555935144424438 - timing_per_token_ms/gen:0.10419025261788996 - timing_per_token_ms/update_actor:0.7931163126778878 - timing_per_token_ms/ref:0.26871183159407225 - timing_per_token_ms/adv:7.429719208953414e-05 - perf/total_num_tokens:238217 - perf/time_per_step:323.1917110197246 - perf/throughput:184.269113251996
[36m(TaskRunner pid=2033431)[0m local_global_step_folder: checkpoints/grpo_rlvr_math/qwen3_4b_gsm8k/global_step_220
[36m(TaskRunner pid=2033431)[0m test_gen_batch meta info: {'eos_token_id': 151645, 'pad_token_id': 151643, 'recompute_log_prob': False, 'do_sample': False, 'validate': True, 'global_steps': 220}
[36m(TaskRunner pid=2033431)[0m validation generation end
[36m(TaskRunner pid=2033431)[0m step:220 - global_seqlen/min:52454 - global_seqlen/max:59943 - global_seqlen/minmax_diff:7489 - global_seqlen/balanced_min:56425 - global_seqlen/balanced_max:56426 - global_seqlen/mean:56425.5 - actor/entropy:0.06856153160333633 - perf/mfu/actor_infer:0.03146625206369549 - actor/pg_clipfrac:np.float64(3.5954639770352514e-05) - actor/ppo_kl:np.float64(0.00010126342509764186) - actor/pg_clipfrac_lower:np.float64(0.0) - actor/pg_loss:np.float64(-0.002300988242495805) - actor/kl_loss:np.float64(0.14302854650304653) - actor/kl_coef:np.float64(0.0010000000000000005) - actor/loss:np.float64(-0.002157959621399641) - actor/grad_norm:np.float64(0.12236249446868896) - actor/perf/max_memory_allocated_gb:np.float64(20.273035049438477) - actor/perf/max_memory_reserved_gb:np.float64(34.158203125) - actor/perf/cpu_memory_used_gb:np.float64(109.61763954162598) - actor/lr:np.float64(1e-06) - perf/mfu/actor:np.float64(0.022218274766708717) - val-aux/openai/gsm8k/reward/mean@1:np.float64(0.9363153904473086) - val-core/openai/gsm8k/acc/mean@1:np.float64(0.9363153904473086) - val-aux/num_turns/min:np.int32(2) - val-aux/num_turns/max:np.int32(2) - val-aux/num_turns/mean:np.float64(2.0) - training/global_step:220 - training/epoch:1 - critic/score/mean:0.986328125 - critic/score/max:1.0 - critic/score/min:0.0 - critic/rewards/mean:0.986328125 - critic/rewards/max:1.0 - critic/rewards/min:0.0 - critic/advantages/mean:0.0024208337999880314 - critic/advantages/max:2.4748666286468506 - critic/advantages/min:-0.35355237126350403 - critic/returns/mean:0.0024208337999880314 - critic/returns/max:2.4748666286468506 - critic/returns/min:-0.35355237126350403 - response_length/mean:362.26171875 - response_length/max:829.0 - response_length/min:137.0 - response_length/clip_ratio:0.0 - response_length_non_aborted/mean:362.26171875 - response_length_non_aborted/max:829.0 - response_length_non_aborted/min:137.0 - response_length_non_aborted/clip_ratio:0.0 - response/aborted_ratio:0.0 - prompt_length/mean:78.5625 - prompt_length/max:141.0 - prompt_length/min:49.0 - prompt_length/clip_ratio:0.0 - num_turns/min:np.int32(2) - num_turns/max:np.int32(2) - num_turns/mean:np.float64(2.0) - timing_s/start_profile:0.000131119042634964 - timing_s/agent_loop/num_preempted/min:np.int64(-1) - timing_s/agent_loop/num_preempted/max:np.int64(-1) - timing_s/agent_loop/num_preempted/mean:np.float64(-1.0) - timing_s/agent_loop/generate_sequences/min:np.float64(3.3779411986470222) - timing_s/agent_loop/generate_sequences/max:np.float64(16.396863259375095) - timing_s/agent_loop/generate_sequences/mean:np.float64(8.747084519272903) - timing_s/agent_loop/tool_calls/min:np.float64(0.0) - timing_s/agent_loop/tool_calls/max:np.float64(0.0) - timing_s/agent_loop/tool_calls/mean:np.float64(0.0) - timing_s/agent_loop/compute_score/min:np.float64(0.006708834320306778) - timing_s/agent_loop/compute_score/max:np.float64(0.024553418159484863) - timing_s/agent_loop/compute_score/mean:np.float64(0.010714363321312703) - timing_s/agent_loop/slowest/generate_sequences:np.float64(16.396863259375095) - timing_s/agent_loop/slowest/tool_calls:np.float64(0.0) - timing_s/agent_loop/slowest/compute_score:np.float64(0.010629892349243164) - timing_s/agent_loop/slowest/num_preempted:np.int64(-1) - timing_s/agent_loop/slowest/prompt_length:112 - timing_s/agent_loop/slowest/response_length:829 - timing_s/gen:17.419435814023018 - timing_s/reward:2.7876347303390503e-05 - timing_s/old_log_prob:44.953794572502375 - timing_s/ref:64.20941549539566 - timing_s/adv:0.013452336192131042 - timing_s/update_actor:189.24980833381414 - timing_s/save_checkpoint:258.60695984214544 - timing_s/update_weights:4.790850859135389 - timing_s/step:579.3910134471953 - timing_s/testing:30.73482048884034 - timing_s/stop_profile:0.00014045462012290955 - timing_per_token_ms/gen:0.09391645270071393 - timing_per_token_ms/update_actor:0.8384941574900273 - timing_per_token_ms/ref:0.2844875787338865 - timing_per_token_ms/adv:5.960220198372652e-05 - perf/total_num_tokens:225702 - perf/time_per_step:579.3910134471953 - perf/throughput:97.38759954919895
[36m(TaskRunner pid=2033431)[0m step:221 - global_seqlen/min:49116 - global_seqlen/max:58429 - global_seqlen/minmax_diff:9313 - global_seqlen/balanced_min:51981 - global_seqlen/balanced_max:52080 - global_seqlen/mean:52006.5 - actor/entropy:0.06814832240343094 - perf/mfu/actor_infer:0.028911761706351787 - actor/pg_clipfrac:np.float64(6.811985258536879e-05) - actor/ppo_kl:np.float64(5.662735467204527e-05) - actor/pg_clipfrac_lower:np.float64(0.0) - actor/pg_loss:np.float64(0.007967499550431967) - actor/kl_loss:np.float64(0.15629081579390913) - actor/kl_coef:np.float64(0.0010000000000000005) - actor/loss:np.float64(0.008123790379613638) - actor/grad_norm:np.float64(0.2300267294049263) - actor/perf/max_memory_allocated_gb:np.float64(20.273035049438477) - actor/perf/max_memory_reserved_gb:np.float64(34.158203125) - actor/perf/cpu_memory_used_gb:np.float64(115.75221633911133) - actor/lr:np.float64(1e-06) - perf/mfu/actor:np.float64(0.020469298360737652) - training/global_step:221 - training/epoch:1 - critic/score/mean:0.962890625 - critic/score/max:1.0 - critic/score/min:0.0 - critic/rewards/mean:0.962890625 - critic/rewards/max:1.0 - critic/rewards/min:0.0 - critic/advantages/mean:-0.008098319172859192 - critic/advantages/max:0.5400605201721191 - critic/advantages/min:-2.4748666286468506 - critic/returns/mean:-0.008098319172859192 - critic/returns/max:0.5400605201721191 - critic/returns/min:-2.4748666286468506 - response_length/mean:325.72265625 - response_length/max:1024.0 - response_length/min:124.0 - response_length/clip_ratio:0.001953125 - response_length_non_aborted/mean:325.72265625 - response_length_non_aborted/max:1024.0 - response_length_non_aborted/min:124.0 - response_length_non_aborted/clip_ratio:0.001953125 - response/aborted_ratio:0.0 - prompt_length/mean:80.578125 - prompt_length/max:132.0 - prompt_length/min:48.0 - prompt_length/clip_ratio:0.0 - num_turns/min:np.int32(2) - num_turns/max:np.int32(2) - num_turns/mean:np.float64(2.0) - timing_s/start_profile:7.572770118713379e-05 - timing_s/agent_loop/num_preempted/min:np.int64(-1) - timing_s/agent_loop/num_preempted/max:np.int64(-1) - timing_s/agent_loop/num_preempted/mean:np.float64(-1.0) - timing_s/agent_loop/generate_sequences/min:np.float64(3.0099506713449955) - timing_s/agent_loop/generate_sequences/max:np.float64(18.193027034401894) - timing_s/agent_loop/generate_sequences/mean:np.float64(7.70908351669641) - timing_s/agent_loop/tool_calls/min:np.float64(0.0) - timing_s/agent_loop/tool_calls/max:np.float64(0.0) - timing_s/agent_loop/tool_calls/mean:np.float64(0.0) - timing_s/agent_loop/compute_score/min:np.float64(0.006633229553699493) - timing_s/agent_loop/compute_score/max:np.float64(0.02094937488436699) - timing_s/agent_loop/compute_score/mean:np.float64(0.0103164178726729) - timing_s/agent_loop/slowest/generate_sequences:np.float64(18.193027034401894) - timing_s/agent_loop/slowest/tool_calls:np.float64(0.0) - timing_s/agent_loop/slowest/compute_score:np.float64(0.011587109416723251) - timing_s/agent_loop/slowest/num_preempted:np.int64(-1) - timing_s/agent_loop/slowest/prompt_length:84 - timing_s/agent_loop/slowest/response_length:1024 - timing_s/gen:19.300286523997784 - timing_s/reward:3.4149736166000366e-05 - timing_s/old_log_prob:45.21660775691271 - timing_s/ref:63.92043264210224 - timing_s/adv:0.019047722220420837 - timing_s/update_actor:189.24308872967958 - timing_s/update_weights:4.5078180357813835 - timing_s/step:322.36594785377383 - timing_s/stop_profile:0.00018198415637016296 - timing_per_token_ms/gen:0.11572996656471658 - timing_per_token_ms/update_actor:0.9097088283660676 - timing_per_token_ms/ref:0.30727136339737454 - timing_per_token_ms/adv:9.156414208041705e-05 - perf/total_num_tokens:208026 - perf/time_per_step:322.36594785377383 - perf/throughput:161.32752341320588
[36m(TaskRunner pid=2033431)[0m step:222 - global_seqlen/min:51859 - global_seqlen/max:58368 - global_seqlen/minmax_diff:6509 - global_seqlen/balanced_min:54861 - global_seqlen/balanced_max:54866 - global_seqlen/mean:54864.5 - actor/entropy:0.06554566323757172 - perf/mfu/actor_infer:0.03068015653369413 - actor/pg_clipfrac:np.float64(0.0) - actor/ppo_kl:np.float64(-4.8670917290216664e-05) - actor/pg_clipfrac_lower:np.float64(0.0) - actor/pg_loss:np.float64(0.0) - actor/kl_loss:np.float64(0.15224192541791126) - actor/kl_coef:np.float64(0.0010000000000000005) - actor/loss:np.float64(0.00015224194066831842) - actor/grad_norm:np.float64(0.004939337261021137) - actor/perf/max_memory_allocated_gb:np.float64(20.273035049438477) - actor/perf/max_memory_reserved_gb:np.float64(34.158203125) - actor/perf/cpu_memory_used_gb:np.float64(112.64881896972656) - actor/lr:np.float64(1e-06) - perf/mfu/actor:np.float64(0.021660555553177255) - training/global_step:222 - training/epoch:1 - critic/score/mean:1.0 - critic/score/max:1.0 - critic/score/min:1.0 - critic/rewards/mean:1.0 - critic/rewards/max:1.0 - critic/rewards/min:1.0 - critic/advantages/mean:0.0 - critic/advantages/max:0.0 - critic/advantages/min:0.0 - critic/returns/mean:0.0 - critic/returns/max:0.0 - critic/returns/min:0.0 - response_length/mean:345.23828125 - response_length/max:766.0 - response_length/min:132.0 - response_length/clip_ratio:0.0 - response_length_non_aborted/mean:345.23828125 - response_length_non_aborted/max:766.0 - response_length_non_aborted/min:132.0 - response_length_non_aborted/clip_ratio:0.0 - response/aborted_ratio:0.0 - prompt_length/mean:83.390625 - prompt_length/max:167.0 - prompt_length/min:47.0 - prompt_length/clip_ratio:0.0 - num_turns/min:np.int32(2) - num_turns/max:np.int32(2) - num_turns/mean:np.float64(2.0) - timing_s/start_profile:0.00010805949568748474 - timing_s/agent_loop/num_preempted/min:np.int64(-1) - timing_s/agent_loop/num_preempted/max:np.int64(-1) - timing_s/agent_loop/num_preempted/mean:np.float64(-1.0) - timing_s/agent_loop/generate_sequences/min:np.float64(3.2908912897109985) - timing_s/agent_loop/generate_sequences/max:np.float64(14.942198690026999) - timing_s/agent_loop/generate_sequences/mean:np.float64(8.393172303847678) - timing_s/agent_loop/tool_calls/min:np.float64(0.0) - timing_s/agent_loop/tool_calls/max:np.float64(0.0) - timing_s/agent_loop/tool_calls/mean:np.float64(0.0) - timing_s/agent_loop/compute_score/min:np.float64(0.0074951015412807465) - timing_s/agent_loop/compute_score/max:np.float64(0.02128187194466591) - timing_s/agent_loop/compute_score/mean:np.float64(0.010603538299619686) - timing_s/agent_loop/slowest/generate_sequences:np.float64(14.942198690026999) - timing_s/agent_loop/slowest/tool_calls:np.float64(0.0) - timing_s/agent_loop/slowest/compute_score:np.float64(0.014994490891695023) - timing_s/agent_loop/slowest/num_preempted:np.int64(-1) - timing_s/agent_loop/slowest/prompt_length:76 - timing_s/agent_loop/slowest/response_length:766 - timing_s/gen:15.927359774708748 - timing_s/reward:2.7332454919815063e-05 - timing_s/old_log_prob:45.14034954085946 - timing_s/ref:64.22021395713091 - timing_s/adv:0.017290055751800537 - timing_s/update_actor:188.66323471069336 - timing_s/update_weights:4.551617626100779 - timing_s/step:318.6687488928437 - timing_s/stop_profile:9.600445628166199e-05 - timing_per_token_ms/gen:0.0901062432802794 - timing_per_token_ms/update_actor:0.859678091984313 - timing_per_token_ms/ref:0.2926309998137726 - timing_per_token_ms/adv:7.878526074146551e-05 - perf/total_num_tokens:219458 - perf/time_per_step:318.6687488928437 - perf/throughput:172.16780807850367
[36m(TaskRunner pid=2033431)[0m step:223 - global_seqlen/min:57517 - global_seqlen/max:63955 - global_seqlen/minmax_diff:6438 - global_seqlen/balanced_min:59984 - global_seqlen/balanced_max:59986 - global_seqlen/mean:59984.75 - actor/entropy:0.07533697038888931 - perf/mfu/actor_infer:0.033323954853384526 - actor/pg_clipfrac:np.float64(0.00022043775470592664) - actor/ppo_kl:np.float64(6.186277023201292e-06) - actor/pg_clipfrac_lower:np.float64(0.0) - actor/pg_loss:np.float64(0.007938848197227344) - actor/kl_loss:np.float64(0.15080925964866765) - actor/kl_coef:np.float64(0.0010000000000000005) - actor/loss:np.float64(0.008089656825177372) - actor/grad_norm:np.float64(0.25303468108177185) - actor/perf/max_memory_allocated_gb:np.float64(20.273035049438477) - actor/perf/max_memory_reserved_gb:np.float64(34.158203125) - actor/perf/cpu_memory_used_gb:np.float64(113.81786727905273) - actor/lr:np.float64(1e-06) - perf/mfu/actor:np.float64(0.023729604205983166) - training/global_step:223 - training/epoch:1 - critic/score/mean:0.939453125 - critic/score/max:1.0 - critic/score/min:0.0 - critic/rewards/mean:0.939453125 - critic/rewards/max:1.0 - critic/rewards/min:0.0 - critic/advantages/mean:-0.008018216118216515 - critic/advantages/max:2.4748666286468506 - critic/advantages/min:-2.4748666286468506 - critic/returns/mean:-0.008018216118216515 - critic/returns/max:2.4748666286468506 - critic/returns/min:-2.4748666286468506 - response_length/mean:380.755859375 - response_length/max:1024.0 - response_length/min:107.0 - response_length/clip_ratio:0.00390625 - response_length_non_aborted/mean:380.755859375 - response_length_non_aborted/max:1024.0 - response_length_non_aborted/min:107.0 - response_length_non_aborted/clip_ratio:0.00390625 - response/aborted_ratio:0.0 - prompt_length/mean:87.875 - prompt_length/max:196.0 - prompt_length/min:49.0 - prompt_length/clip_ratio:0.0 - num_turns/min:np.int32(2) - num_turns/max:np.int32(2) - num_turns/mean:np.float64(2.0) - timing_s/start_profile:7.72625207901001e-05 - timing_s/agent_loop/num_preempted/min:np.int64(-1) - timing_s/agent_loop/num_preempted/max:np.int64(-1) - timing_s/agent_loop/num_preempted/mean:np.float64(-1.0) - timing_s/agent_loop/generate_sequences/min:np.float64(2.63862144947052) - timing_s/agent_loop/generate_sequences/max:np.float64(19.2521182410419) - timing_s/agent_loop/generate_sequences/mean:np.float64(9.227609578018019) - timing_s/agent_loop/tool_calls/min:np.float64(0.0) - timing_s/agent_loop/tool_calls/max:np.float64(0.0) - timing_s/agent_loop/tool_calls/mean:np.float64(0.0) - timing_s/agent_loop/compute_score/min:np.float64(0.006874587386846542) - timing_s/agent_loop/compute_score/max:np.float64(0.020964626222848892) - timing_s/agent_loop/compute_score/mean:np.float64(0.01040563767310232) - timing_s/agent_loop/slowest/generate_sequences:np.float64(19.2521182410419) - timing_s/agent_loop/slowest/tool_calls:np.float64(0.0) - timing_s/agent_loop/slowest/compute_score:np.float64(0.01193593442440033) - timing_s/agent_loop/slowest/num_preempted:np.int64(-1) - timing_s/agent_loop/slowest/prompt_length:91 - timing_s/agent_loop/slowest/response_length:1024 - timing_s/gen:20.294552266597748 - timing_s/reward:2.7690082788467407e-05 - timing_s/old_log_prob:45.53562454506755 - timing_s/ref:64.04768359661102 - timing_s/adv:0.016734879463911057 - timing_s/update_actor:188.6467186808586 - timing_s/update_weights:4.486542675644159 - timing_s/step:323.1799034141004 - timing_s/stop_profile:0.00014058873057365417 - timing_per_token_ms/gen:0.10410292164843649 - timing_per_token_ms/update_actor:0.7862278274097109 - timing_per_token_ms/ref:0.2669331938393134 - timing_per_token_ms/adv:6.974639164083812e-05 - perf/total_num_tokens:239939 - perf/time_per_step:323.1799034141004 - perf/throughput:185.60792105671152
[36m(TaskRunner pid=2033431)[0m step:224 - global_seqlen/min:52165 - global_seqlen/max:63927 - global_seqlen/minmax_diff:11762 - global_seqlen/balanced_min:56445 - global_seqlen/balanced_max:56452 - global_seqlen/mean:56446.75 - actor/entropy:0.07095430791378021 - perf/mfu/actor_infer:0.031146179955541906 - actor/pg_clipfrac:np.float64(0.0002906977124439436) - actor/ppo_kl:np.float64(-9.340855164197137e-05) - actor/pg_clipfrac_lower:np.float64(0.0) - actor/pg_loss:np.float64(0.005606889259070158) - actor/kl_loss:np.float64(0.15104971243999898) - actor/kl_coef:np.float64(0.0010000000000000005) - actor/loss:np.float64(0.005757940001785755) - actor/grad_norm:np.float64(0.2896473705768585) - actor/perf/max_memory_allocated_gb:np.float64(20.273035049438477) - actor/perf/max_memory_reserved_gb:np.float64(34.158203125) - actor/perf/cpu_memory_used_gb:np.float64(112.65805244445801) - actor/lr:np.float64(1e-06) - perf/mfu/actor:np.float64(0.02222298980384443) - training/global_step:224 - training/epoch:1 - critic/score/mean:0.9765625 - critic/score/max:1.0 - critic/score/min:0.0 - critic/rewards/mean:0.9765625 - critic/rewards/max:1.0 - critic/rewards/min:0.0 - critic/advantages/mean:-0.005780340172350407 - critic/advantages/max:0.935412585735321 - critic/advantages/min:-1.6201815605163574 - critic/returns/mean:-0.005780340172350407 - critic/returns/max:0.935412585735321 - critic/returns/min:-1.6201815605163574 - response_length/mean:359.427734375 - response_length/max:1024.0 - response_length/min:127.0 - response_length/clip_ratio:0.005859375 - response_length_non_aborted/mean:359.427734375 - response_length_non_aborted/max:1024.0 - response_length_non_aborted/min:127.0 - response_length_non_aborted/clip_ratio:0.005859375 - response/aborted_ratio:0.0 - prompt_length/mean:81.5625 - prompt_length/max:134.0 - prompt_length/min:51.0 - prompt_length/clip_ratio:0.0 - num_turns/min:np.int32(2) - num_turns/max:np.int32(2) - num_turns/mean:np.float64(2.0) - timing_s/start_profile:8.35023820400238e-05 - timing_s/agent_loop/num_preempted/min:np.int64(-1) - timing_s/agent_loop/num_preempted/max:np.int64(-1) - timing_s/agent_loop/num_preempted/mean:np.float64(-1.0) - timing_s/agent_loop/generate_sequences/min:np.float64(3.081947349011898) - timing_s/agent_loop/generate_sequences/max:np.float64(18.656747091561556) - timing_s/agent_loop/generate_sequences/mean:np.float64(8.561932966273162) - timing_s/agent_loop/tool_calls/min:np.float64(0.0) - timing_s/agent_loop/tool_calls/max:np.float64(0.0) - timing_s/agent_loop/tool_calls/mean:np.float64(0.0) - timing_s/agent_loop/compute_score/min:np.float64(0.007247075438499451) - timing_s/agent_loop/compute_score/max:np.float64(0.02579520270228386) - timing_s/agent_loop/compute_score/mean:np.float64(0.010772891560918652) - timing_s/agent_loop/slowest/generate_sequences:np.float64(18.656747091561556) - timing_s/agent_loop/slowest/tool_calls:np.float64(0.0) - timing_s/agent_loop/slowest/compute_score:np.float64(0.011608805507421494) - timing_s/agent_loop/slowest/num_preempted:np.int64(-1) - timing_s/agent_loop/slowest/prompt_length:88 - timing_s/agent_loop/slowest/response_length:1024 - timing_s/gen:19.650517631322145 - timing_s/reward:3.987923264503479e-05 - timing_s/old_log_prob:45.83357911556959 - timing_s/ref:63.945771019905806 - timing_s/adv:0.01670726388692856 - timing_s/update_actor:189.380803078413 - timing_s/update_weights:4.540093742311001 - timing_s/step:323.5219730846584 - timing_s/stop_profile:0.00016783922910690308 - timing_per_token_ms/gen:0.10678062257887237 - timing_per_token_ms/update_actor:0.8387586667009749 - timing_per_token_ms/ref:0.2832128112774686 - timing_per_token_ms/adv:7.39956856990374e-05 - perf/total_num_tokens:225787 - perf/time_per_step:323.5219730846584 - perf/throughput:174.4757843240192
[36m(TaskRunner pid=2033431)[0m step:225 - global_seqlen/min:51078 - global_seqlen/max:63715 - global_seqlen/minmax_diff:12637 - global_seqlen/balanced_min:59413 - global_seqlen/balanced_max:59414 - global_seqlen/mean:59413.5 - actor/entropy:0.07839223742485046 - perf/mfu/actor_infer:0.033061744680082106 - actor/pg_clipfrac:np.float64(0.00017530475156490866) - actor/ppo_kl:np.float64(-3.6430296603384704e-05) - actor/pg_clipfrac_lower:np.float64(0.0) - actor/pg_loss:np.float64(0.015568088594591245) - actor/kl_loss:np.float64(0.15519770872197114) - actor/kl_coef:np.float64(0.0010000000000000005) - actor/loss:np.float64(0.015723285265266895) - actor/grad_norm:np.float64(0.24374550580978394) - actor/perf/max_memory_allocated_gb:np.float64(20.273035049438477) - actor/perf/max_memory_reserved_gb:np.float64(34.158203125) - actor/perf/cpu_memory_used_gb:np.float64(112.7876148223877) - actor/lr:np.float64(1e-06) - perf/mfu/actor:np.float64(0.023508572162857556) - training/global_step:225 - training/epoch:1 - critic/score/mean:0.912109375 - critic/score/max:1.0 - critic/score/min:0.0 - critic/rewards/mean:0.912109375 - critic/rewards/max:1.0 - critic/rewards/min:0.0 - critic/advantages/mean:-0.01587062142789364 - critic/advantages/max:0.5400605201721191 - critic/advantages/min:-2.4748666286468506 - critic/returns/mean:-0.01587062142789364 - critic/returns/max:0.5400605201721191 - critic/returns/min:-2.4748666286468506 - response_length/mean:381.08984375 - response_length/max:1024.0 - response_length/min:155.0 - response_length/clip_ratio:0.005859375 - response_length_non_aborted/mean:381.08984375 - response_length_non_aborted/max:1024.0 - response_length_non_aborted/min:155.0 - response_length_non_aborted/clip_ratio:0.005859375 - response/aborted_ratio:0.0 - prompt_length/mean:83.078125 - prompt_length/max:152.0 - prompt_length/min:48.0 - prompt_length/clip_ratio:0.0 - num_turns/min:np.int32(2) - num_turns/max:np.int32(2) - num_turns/mean:np.float64(2.0) - timing_s/start_profile:0.00014907121658325195 - timing_s/agent_loop/num_preempted/min:np.int64(-1) - timing_s/agent_loop/num_preempted/max:np.int64(-1) - timing_s/agent_loop/num_preempted/mean:np.float64(-1.0) - timing_s/agent_loop/generate_sequences/min:np.float64(3.802636433392763) - timing_s/agent_loop/generate_sequences/max:np.float64(18.9265582151711) - timing_s/agent_loop/generate_sequences/mean:np.float64(8.95264447471709) - timing_s/agent_loop/tool_calls/min:np.float64(0.0) - timing_s/agent_loop/tool_calls/max:np.float64(0.0) - timing_s/agent_loop/tool_calls/mean:np.float64(0.0) - timing_s/agent_loop/compute_score/min:np.float64(0.007247209548950195) - timing_s/agent_loop/compute_score/max:np.float64(0.030575234442949295) - timing_s/agent_loop/compute_score/mean:np.float64(0.01091856554558035) - timing_s/agent_loop/slowest/generate_sequences:np.float64(18.9265582151711) - timing_s/agent_loop/slowest/tool_calls:np.float64(0.0) - timing_s/agent_loop/slowest/compute_score:np.float64(0.01153372973203659) - timing_s/agent_loop/slowest/num_preempted:np.int64(-1) - timing_s/agent_loop/slowest/prompt_length:76 - timing_s/agent_loop/slowest/response_length:1024 - timing_s/gen:19.90751437097788 - timing_s/reward:2.197548747062683e-05 - timing_s/old_log_prob:45.07426869496703 - timing_s/ref:64.44012946635485 - timing_s/adv:0.017543047666549683 - timing_s/update_actor:188.61682889983058 - timing_s/update_weights:4.614266410470009 - timing_s/step:322.8142278008163 - timing_s/stop_profile:0.00010453537106513977 - timing_per_token_ms/gen:0.10202807721982533 - timing_per_token_ms/update_actor:0.7936614948615659 - timing_per_token_ms/ref:0.27115104086762626 - timing_per_token_ms/adv:7.381759897392715e-05 - perf/total_num_tokens:237654 - perf/time_per_step:322.8142278008163 - perf/throughput:184.04857928585315
[36m(TaskRunner pid=2033431)[0m step:226 - global_seqlen/min:55980 - global_seqlen/max:66353 - global_seqlen/minmax_diff:10373 - global_seqlen/balanced_min:61331 - global_seqlen/balanced_max:61334 - global_seqlen/mean:61332.75 - actor/entropy:0.06925292313098907 - perf/mfu/actor_infer:0.03405670864773299 - actor/pg_clipfrac:np.float64(5.719492673961213e-05) - actor/ppo_kl:np.float64(4.208865403221296e-05) - actor/pg_clipfrac_lower:np.float64(0.0) - actor/pg_loss:np.float64(0.0063372016593348235) - actor/kl_loss:np.float64(0.14190459670498967) - actor/kl_coef:np.float64(0.0010000000000000005) - actor/loss:np.float64(0.006479107076302171) - actor/grad_norm:np.float64(0.12972812168300152) - actor/perf/max_memory_allocated_gb:np.float64(20.273035049438477) - actor/perf/max_memory_reserved_gb:np.float64(34.158203125) - actor/perf/cpu_memory_used_gb:np.float64(113.11006736755371) - actor/lr:np.float64(1e-06) - perf/mfu/actor:np.float64(0.02429705348548209) - training/global_step:226 - training/epoch:1 - critic/score/mean:0.951171875 - critic/score/max:1.0 - critic/score/min:0.0 - critic/rewards/mean:0.951171875 - critic/rewards/max:1.0 - critic/rewards/min:0.0 - critic/advantages/mean:-0.006236545741558075 - critic/advantages/max:0.35355237126350403 - critic/advantages/min:-2.4748666286468506 - critic/returns/mean:-0.006236545741558075 - critic/returns/max:0.35355237126350403 - critic/returns/min:-2.4748666286468506 - response_length/mean:393.068359375 - response_length/max:1024.0 - response_length/min:170.0 - response_length/clip_ratio:0.01171875 - response_length_non_aborted/mean:393.068359375 - response_length_non_aborted/max:1024.0 - response_length_non_aborted/min:170.0 - response_length_non_aborted/clip_ratio:0.01171875 - response/aborted_ratio:0.0 - prompt_length/mean:86.09375 - prompt_length/max:151.0 - prompt_length/min:51.0 - prompt_length/clip_ratio:0.0 - num_turns/min:np.int32(2) - num_turns/max:np.int32(2) - num_turns/mean:np.float64(2.0) - timing_s/start_profile:8.74549150466919e-05 - timing_s/agent_loop/num_preempted/min:np.int64(-1) - timing_s/agent_loop/num_preempted/max:np.int64(-1) - timing_s/agent_loop/num_preempted/mean:np.float64(-1.0) - timing_s/agent_loop/generate_sequences/min:np.float64(4.220808271318674) - timing_s/agent_loop/generate_sequences/max:np.float64(19.304129231721163) - timing_s/agent_loop/generate_sequences/mean:np.float64(9.480302297350136) - timing_s/agent_loop/tool_calls/min:np.float64(0.0) - timing_s/agent_loop/tool_calls/max:np.float64(0.0) - timing_s/agent_loop/tool_calls/mean:np.float64(0.0) - timing_s/agent_loop/compute_score/min:np.float64(0.00737956166267395) - timing_s/agent_loop/compute_score/max:np.float64(0.024955764412879944) - timing_s/agent_loop/compute_score/mean:np.float64(0.010593687424261589) - timing_s/agent_loop/slowest/generate_sequences:np.float64(19.304129231721163) - timing_s/agent_loop/slowest/tool_calls:np.float64(0.0) - timing_s/agent_loop/slowest/compute_score:np.float64(0.011204171925783157) - timing_s/agent_loop/slowest/num_preempted:np.int64(-1) - timing_s/agent_loop/slowest/prompt_length:98 - timing_s/agent_loop/slowest/response_length:1024 - timing_s/gen:20.263561110943556 - timing_s/reward:2.83755362033844e-05 - timing_s/old_log_prob:45.22041421756148 - timing_s/ref:64.42658708617091 - timing_s/adv:0.017007924616336823 - timing_s/update_actor:188.44095169007778 - timing_s/update_weights:4.487305134534836 - timing_s/step:323.0049651451409 - timing_s/stop_profile:0.00017419829964637756 - timing_per_token_ms/gen:0.10068800210157244 - timing_per_token_ms/update_actor:0.7681090106430813 - timing_per_token_ms/ref:0.262610868932874 - timing_per_token_ms/adv:6.932643904087467e-05 - perf/total_num_tokens:245331 - perf/time_per_step:323.0049651451409 - perf/throughput:189.8817560666301
[36m(TaskRunner pid=2033431)[0m step:227 - global_seqlen/min:54597 - global_seqlen/max:59435 - global_seqlen/minmax_diff:4838 - global_seqlen/balanced_min:58006 - global_seqlen/balanced_max:58007 - global_seqlen/mean:58006.25 - actor/entropy:0.07690519839525223 - perf/mfu/actor_infer:0.03232743281085229 - actor/pg_clipfrac:np.float64(0.00019908673630197882) - actor/ppo_kl:np.float64(-0.0001220777914567872) - actor/pg_clipfrac_lower:np.float64(0.0) - actor/pg_loss:np.float64(0.004259938315954059) - actor/kl_loss:np.float64(0.1504198941984214) - actor/kl_coef:np.float64(0.0010000000000000005) - actor/loss:np.float64(0.0044103581458330154) - actor/grad_norm:np.float64(0.25477222353219986) - actor/perf/max_memory_allocated_gb:np.float64(20.273035049438477) - actor/perf/max_memory_reserved_gb:np.float64(34.158203125) - actor/perf/cpu_memory_used_gb:np.float64(112.54959678649902) - actor/lr:np.float64(1e-06) - perf/mfu/actor:np.float64(0.02293195792485666) - training/global_step:227 - training/epoch:1 - critic/score/mean:0.9375 - critic/score/max:1.0 - critic/score/min:0.0 - critic/rewards/mean:0.9375 - critic/rewards/max:1.0 - critic/rewards/min:0.0 - critic/advantages/mean:-0.004290378652513027 - critic/advantages/max:2.4748666286468506 - critic/advantages/min:-2.4748666286468506 - critic/returns/mean:-0.004290378652513027 - critic/returns/max:2.4748666286468506 - critic/returns/min:-2.4748666286468506 - response_length/mean:369.626953125 - response_length/max:1024.0 - response_length/min:129.0 - response_length/clip_ratio:0.01171875 - response_length_non_aborted/mean:369.626953125 - response_length_non_aborted/max:1024.0 - response_length_non_aborted/min:129.0 - response_length_non_aborted/clip_ratio:0.01171875 - response/aborted_ratio:0.0 - prompt_length/mean:83.546875 - prompt_length/max:141.0 - prompt_length/min:49.0 - prompt_length/clip_ratio:0.0 - num_turns/min:np.int32(2) - num_turns/max:np.int32(2) - num_turns/mean:np.float64(2.0) - timing_s/start_profile:0.00014588236808776855 - timing_s/agent_loop/num_preempted/min:np.int64(-1) - timing_s/agent_loop/num_preempted/max:np.int64(-1) - timing_s/agent_loop/num_preempted/mean:np.float64(-1.0) - timing_s/agent_loop/generate_sequences/min:np.float64(3.1503681913018227) - timing_s/agent_loop/generate_sequences/max:np.float64(18.97620313614607) - timing_s/agent_loop/generate_sequences/mean:np.float64(8.745423739885155) - timing_s/agent_loop/tool_calls/min:np.float64(0.0) - timing_s/agent_loop/tool_calls/max:np.float64(0.0) - timing_s/agent_loop/tool_calls/mean:np.float64(0.0) - timing_s/agent_loop/compute_score/min:np.float64(0.006735779345035553) - timing_s/agent_loop/compute_score/max:np.float64(0.021746840327978134) - timing_s/agent_loop/compute_score/mean:np.float64(0.010608159929688554) - timing_s/agent_loop/slowest/generate_sequences:np.float64(18.97620313614607) - timing_s/agent_loop/slowest/tool_calls:np.float64(0.0) - timing_s/agent_loop/slowest/compute_score:np.float64(0.01115792989730835) - timing_s/agent_loop/slowest/num_preempted:np.int64(-1) - timing_s/agent_loop/slowest/prompt_length:58 - timing_s/agent_loop/slowest/response_length:1024 - timing_s/gen:20.030925914645195 - timing_s/reward:2.399459481239319e-05 - timing_s/old_log_prob:45.03944417834282 - timing_s/ref:63.81301461905241 - timing_s/adv:0.014364220201969147 - timing_s/update_actor:188.95299814268947 - timing_s/update_weights:4.564918626099825 - timing_s/step:322.5649560391903 - timing_s/stop_profile:0.0001820698380470276 - timing_per_token_ms/gen:0.10584428934707817 - timing_per_token_ms/update_actor:0.814364823371143 - timing_per_token_ms/ref:0.2750264610238225 - timing_per_token_ms/adv:6.19080711215134e-05 - perf/total_num_tokens:232025 - perf/time_per_step:322.5649560391903 - perf/throughput:179.8281211705852
[36m(TaskRunner pid=2033431)[0m step:228 - global_seqlen/min:52667 - global_seqlen/max:60725 - global_seqlen/minmax_diff:8058 - global_seqlen/balanced_min:57015 - global_seqlen/balanced_max:57017 - global_seqlen/mean:57016.25 - actor/entropy:0.0808539167046547 - perf/mfu/actor_infer:0.03169886810395638 - actor/pg_clipfrac:np.float64(0.0001996208329728688) - actor/ppo_kl:np.float64(8.837950618101331e-05) - actor/pg_clipfrac_lower:np.float64(0.0) - actor/pg_loss:np.float64(0.013634321978315711) - actor/kl_loss:np.float64(0.16021077314508148) - actor/kl_coef:np.float64(0.0010000000000000005) - actor/loss:np.float64(0.01379453158006072) - actor/grad_norm:np.float64(0.33284425735473633) - actor/perf/max_memory_allocated_gb:np.float64(20.273035049438477) - actor/perf/max_memory_reserved_gb:np.float64(34.158203125) - actor/perf/cpu_memory_used_gb:np.float64(112.70338439941406) - actor/lr:np.float64(1e-06) - perf/mfu/actor:np.float64(0.022558165447897488) - training/global_step:228 - training/epoch:1 - critic/score/mean:0.9453125 - critic/score/max:1.0 - critic/score/min:0.0 - critic/rewards/mean:0.9453125 - critic/rewards/max:1.0 - critic/rewards/min:0.0 - critic/advantages/mean:-0.013681340031325817 - critic/advantages/max:2.4748666286468506 - critic/advantages/min:-2.4748666286468506 - critic/returns/mean:-0.013681340031325817 - critic/returns/max:2.4748666286468506 - critic/returns/min:-2.4748666286468506 - response_length/mean:364.251953125 - response_length/max:1024.0 - response_length/min:137.0 - response_length/clip_ratio:0.01953125 - response_length_non_aborted/mean:364.251953125 - response_length_non_aborted/max:1024.0 - response_length_non_aborted/min:137.0 - response_length_non_aborted/clip_ratio:0.01953125 - response/aborted_ratio:0.0 - prompt_length/mean:81.1875 - prompt_length/max:148.0 - prompt_length/min:55.0 - prompt_length/clip_ratio:0.0 - num_turns/min:np.int32(2) - num_turns/max:np.int32(2) - num_turns/mean:np.float64(2.0) - timing_s/start_profile:8.443742990493774e-05 - timing_s/agent_loop/num_preempted/min:np.int64(-1) - timing_s/agent_loop/num_preempted/max:np.int64(-1) - timing_s/agent_loop/num_preempted/mean:np.float64(-1.0) - timing_s/agent_loop/generate_sequences/min:np.float64(3.3608928471803665) - timing_s/agent_loop/generate_sequences/max:np.float64(19.095948688685894) - timing_s/agent_loop/generate_sequences/mean:np.float64(8.502809670913848) - timing_s/agent_loop/tool_calls/min:np.float64(0.0) - timing_s/agent_loop/tool_calls/max:np.float64(0.0) - timing_s/agent_loop/tool_calls/mean:np.float64(0.0) - timing_s/agent_loop/compute_score/min:np.float64(0.0065124742686748505) - timing_s/agent_loop/compute_score/max:np.float64(0.0272543765604496) - timing_s/agent_loop/compute_score/mean:np.float64(0.010813888802658767) - timing_s/agent_loop/slowest/generate_sequences:np.float64(19.095948688685894) - timing_s/agent_loop/slowest/tool_calls:np.float64(0.0) - timing_s/agent_loop/slowest/compute_score:np.float64(0.011120401322841644) - timing_s/agent_loop/slowest/num_preempted:np.int64(-1) - timing_s/agent_loop/slowest/prompt_length:92 - timing_s/agent_loop/slowest/response_length:1024 - timing_s/gen:20.074543319642544 - timing_s/reward:2.329796552658081e-05 - timing_s/old_log_prob:45.1052750647068 - timing_s/ref:63.979301404207945 - timing_s/adv:0.017742473632097244 - timing_s/update_actor:188.92350489273667 - timing_s/update_weights:4.487904902547598 - timing_s/step:322.72969564050436 - timing_s/stop_profile:0.0001369975507259369 - timing_per_token_ms/gen:0.10764003345706658 - timing_per_token_ms/update_actor:0.8283757038245091 - timing_per_token_ms/ref:0.28053099512949353 - timing_per_token_ms/adv:7.779568821212043e-05 - perf/total_num_tokens:228065 - perf/time_per_step:322.72969564050436 - perf/throughput:176.66874406101024
[36m(TaskRunner pid=2033431)[0m step:229 - global_seqlen/min:48396 - global_seqlen/max:61384 - global_seqlen/minmax_diff:12988 - global_seqlen/balanced_min:56081 - global_seqlen/balanced_max:56084 - global_seqlen/mean:56083.0 - actor/entropy:0.06910259276628494 - perf/mfu/actor_infer:0.03118462464496199 - actor/pg_clipfrac:np.float64(0.00012735948257613927) - actor/ppo_kl:np.float64(0.00014258953592616308) - actor/pg_clipfrac_lower:np.float64(0.0) - actor/pg_loss:np.float64(-0.0006996834417805076) - actor/kl_loss:np.float64(0.1622936901403591) - actor/kl_coef:np.float64(0.0010000000000000005) - actor/loss:np.float64(-0.0005373892490752041) - actor/grad_norm:np.float64(0.16837474331259727) - actor/perf/max_memory_allocated_gb:np.float64(20.273035049438477) - actor/perf/max_memory_reserved_gb:np.float64(34.158203125) - actor/perf/cpu_memory_used_gb:np.float64(112.55630874633789) - actor/lr:np.float64(1e-06) - perf/mfu/actor:np.float64(0.02216097517337952) - training/global_step:229 - training/epoch:1 - critic/score/mean:0.947265625 - critic/score/max:1.0 - critic/score/min:0.0 - critic/rewards/mean:0.947265625 - critic/rewards/max:1.0 - critic/rewards/min:0.0 - critic/advantages/mean:0.0007016988820396364 - critic/advantages/max:0.5400605201721191 - critic/advantages/min:-2.4748666286468506 - critic/returns/mean:0.0007016988820396364 - critic/returns/max:0.5400605201721191 - critic/returns/min:-2.4748666286468506 - response_length/mean:353.2734375 - response_length/max:944.0 - response_length/min:144.0 - response_length/clip_ratio:0.0 - response_length_non_aborted/mean:353.2734375 - response_length_non_aborted/max:944.0 - response_length_non_aborted/min:144.0 - response_length_non_aborted/clip_ratio:0.0 - response/aborted_ratio:0.0 - prompt_length/mean:84.875 - prompt_length/max:190.0 - prompt_length/min:48.0 - prompt_length/clip_ratio:0.0 - num_turns/min:np.int32(2) - num_turns/max:np.int32(2) - num_turns/mean:np.float64(2.0) - timing_s/start_profile:0.00014906376600265503 - timing_s/agent_loop/num_preempted/min:np.int64(-1) - timing_s/agent_loop/num_preempted/max:np.int64(-1) - timing_s/agent_loop/num_preempted/mean:np.float64(-1.0) - timing_s/agent_loop/generate_sequences/min:np.float64(3.5398645140230656) - timing_s/agent_loop/generate_sequences/max:np.float64(17.391563218086958) - timing_s/agent_loop/generate_sequences/mean:np.float64(8.619027813365392) - timing_s/agent_loop/tool_calls/min:np.float64(0.0) - timing_s/agent_loop/tool_calls/max:np.float64(0.0) - timing_s/agent_loop/tool_calls/mean:np.float64(0.0) - timing_s/agent_loop/compute_score/min:np.float64(0.006893187761306763) - timing_s/agent_loop/compute_score/max:np.float64(0.023764368146657944) - timing_s/agent_loop/compute_score/mean:np.float64(0.010690912517020479) - timing_s/agent_loop/slowest/generate_sequences:np.float64(17.391563218086958) - timing_s/agent_loop/slowest/tool_calls:np.float64(0.0) - timing_s/agent_loop/slowest/compute_score:np.float64(0.011503517627716064) - timing_s/agent_loop/slowest/num_preempted:np.int64(-1) - timing_s/agent_loop/slowest/prompt_length:113 - timing_s/agent_loop/slowest/response_length:944 - timing_s/gen:18.46916526928544 - timing_s/reward:2.4300068616867065e-05 - timing_s/old_log_prob:45.08148642629385 - timing_s/ref:64.00777420774102 - timing_s/adv:0.01685875654220581 - timing_s/update_actor:188.63178485259414 - timing_s/update_weights:4.495848793536425 - timing_s/step:320.84808836877346 - timing_s/stop_profile:0.00017102062702178955 - timing_per_token_ms/gen:0.1021095406205657 - timing_per_token_ms/update_actor:0.8408599078713431 - timing_per_token_ms/ref:0.28532609796079483 - timing_per_token_ms/adv:7.51509215903474e-05 - perf/total_num_tokens:224332 - perf/time_per_step:320.84808836877346 - perf/throughput:174.79611701952805
[36m(TaskRunner pid=2033431)[0m test_gen_batch meta info: {'eos_token_id': 151645, 'pad_token_id': 151643, 'recompute_log_prob': False, 'do_sample': False, 'validate': True, 'global_steps': 230}
[36m(TaskRunner pid=2033431)[0m validation generation end
[36m(TaskRunner pid=2033431)[0m step:230 - global_seqlen/min:52199 - global_seqlen/max:65454 - global_seqlen/minmax_diff:13255 - global_seqlen/balanced_min:57489 - global_seqlen/balanced_max:57496 - global_seqlen/mean:57492.25 - actor/entropy:0.06966021656990051 - perf/mfu/actor_infer:0.03203449321116636 - actor/pg_clipfrac:np.float64(0.0001606421187716478) - actor/ppo_kl:np.float64(1.1754618068460232e-05) - actor/pg_clipfrac_lower:np.float64(3.8637485886283685e-06) - actor/pg_loss:np.float64(-0.008055433572735637) - actor/kl_loss:np.float64(0.1460003200045321) - actor/kl_coef:np.float64(0.0010000000000000005) - actor/loss:np.float64(-0.007909433916211128) - actor/grad_norm:np.float64(0.24345747381448746) - actor/perf/max_memory_allocated_gb:np.float64(20.273035049438477) - actor/perf/max_memory_reserved_gb:np.float64(34.158203125) - actor/perf/cpu_memory_used_gb:np.float64(112.62018394470215) - actor/lr:np.float64(1e-06) - perf/mfu/actor:np.float64(0.022721058191341327) - val-aux/openai/gsm8k/reward/mean@1:np.float64(0.9393479909021987) - val-core/openai/gsm8k/acc/mean@1:np.float64(0.9393479909021987) - val-aux/num_turns/min:np.int32(2) - val-aux/num_turns/max:np.int32(2) - val-aux/num_turns/mean:np.float64(2.0) - training/global_step:230 - training/epoch:1 - critic/score/mean:0.94921875 - critic/score/max:1.0 - critic/score/min:0.0 - critic/rewards/mean:0.94921875 - critic/rewards/max:1.0 - critic/rewards/min:0.0 - critic/advantages/mean:0.008246487937867641 - critic/advantages/max:1.20761239528656 - critic/advantages/min:-2.4748666286468506 - critic/returns/mean:0.008246487937867641 - critic/returns/max:1.20761239528656 - critic/returns/min:-2.4748666286468506 - response_length/mean:365.939453125 - response_length/max:1024.0 - response_length/min:131.0 - response_length/clip_ratio:0.015625 - response_length_non_aborted/mean:365.939453125 - response_length_non_aborted/max:1024.0 - response_length_non_aborted/min:131.0 - response_length_non_aborted/clip_ratio:0.015625 - response/aborted_ratio:0.0 - prompt_length/mean:83.21875 - prompt_length/max:163.0 - prompt_length/min:56.0 - prompt_length/clip_ratio:0.0 - num_turns/min:np.int32(2) - num_turns/max:np.int32(2) - num_turns/mean:np.float64(2.0) - timing_s/start_profile:8.666515350341797e-05 - timing_s/agent_loop/num_preempted/min:np.int64(-1) - timing_s/agent_loop/num_preempted/max:np.int64(-1) - timing_s/agent_loop/num_preempted/mean:np.float64(-1.0) - timing_s/agent_loop/generate_sequences/min:np.float64(3.2149593755602837) - timing_s/agent_loop/generate_sequences/max:np.float64(18.876111511141062) - timing_s/agent_loop/generate_sequences/mean:np.float64(8.717886361577257) - timing_s/agent_loop/tool_calls/min:np.float64(0.0) - timing_s/agent_loop/tool_calls/max:np.float64(0.0) - timing_s/agent_loop/tool_calls/mean:np.float64(0.0) - timing_s/agent_loop/compute_score/min:np.float64(0.0068982504308223724) - timing_s/agent_loop/compute_score/max:np.float64(0.02654559165239334) - timing_s/agent_loop/compute_score/mean:np.float64(0.010772604648082051) - timing_s/agent_loop/slowest/generate_sequences:np.float64(18.876111511141062) - timing_s/agent_loop/slowest/tool_calls:np.float64(0.0) - timing_s/agent_loop/slowest/compute_score:np.float64(0.011104162782430649) - timing_s/agent_loop/slowest/num_preempted:np.int64(-1) - timing_s/agent_loop/slowest/prompt_length:75 - timing_s/agent_loop/slowest/response_length:1024 - timing_s/gen:19.855181388556957 - timing_s/reward:3.392249345779419e-05 - timing_s/old_log_prob:45.35759821906686 - timing_s/ref:63.9186136983335 - timing_s/adv:0.017252713441848755 - timing_s/update_actor:188.76479909941554 - timing_s/update_weights:4.533872064203024 - timing_s/step:322.6034506633878 - timing_s/testing:29.886093627661467 - timing_s/stop_profile:0.00012573599815368652 - timing_per_token_ms/gen:0.10597286195396564 - timing_per_token_ms/update_actor:0.8208271510482523 - timing_per_token_ms/ref:0.27794447816155005 - timing_per_token_ms/adv:7.502190922188971e-05 - perf/total_num_tokens:229969 - perf/time_per_step:322.6034506633878 - perf/throughput:178.21337583889888
[36m(TaskRunner pid=2033431)[0m step:231 - global_seqlen/min:53320 - global_seqlen/max:64039 - global_seqlen/minmax_diff:10719 - global_seqlen/balanced_min:58982 - global_seqlen/balanced_max:58987 - global_seqlen/mean:58985.25 - actor/entropy:0.06729292869567871 - perf/mfu/actor_infer:0.03282528675689533 - actor/pg_clipfrac:np.float64(0.00033461674365753424) - actor/ppo_kl:np.float64(-4.192291467663978e-05) - actor/pg_clipfrac_lower:np.float64(0.0) - actor/pg_loss:np.float64(0.0036618343729060143) - actor/kl_loss:np.float64(0.1567426699330099) - actor/kl_coef:np.float64(0.0010000000000000005) - actor/loss:np.float64(0.003818577155470848) - actor/grad_norm:np.float64(0.30237922072410583) - actor/perf/max_memory_allocated_gb:np.float64(20.273035049438477) - actor/perf/max_memory_reserved_gb:np.float64(34.158203125) - actor/perf/cpu_memory_used_gb:np.float64(112.81973266601562) - actor/lr:np.float64(1e-06) - perf/mfu/actor:np.float64(0.023308312651663464) - training/global_step:231 - training/epoch:1 - critic/score/mean:0.93359375 - critic/score/max:1.0 - critic/score/min:0.0 - critic/rewards/mean:0.93359375 - critic/rewards/max:1.0 - critic/rewards/min:0.0 - critic/advantages/mean:-0.0039004485588520765 - critic/advantages/max:2.4748666286468506 - critic/advantages/min:-2.4748666286468506 - critic/returns/mean:-0.0039004485588520765 - critic/returns/max:2.4748666286468506 - critic/returns/min:-2.4748666286468506 - response_length/mean:375.462890625 - response_length/max:1024.0 - response_length/min:143.0 - response_length/clip_ratio:0.001953125 - response_length_non_aborted/mean:375.462890625 - response_length_non_aborted/max:1024.0 - response_length_non_aborted/min:143.0 - response_length_non_aborted/clip_ratio:0.001953125 - response/aborted_ratio:0.0 - prompt_length/mean:85.359375 - prompt_length/max:157.0 - prompt_length/min:50.0 - prompt_length/clip_ratio:0.0 - num_turns/min:np.int32(2) - num_turns/max:np.int32(2) - num_turns/mean:np.float64(2.0) - timing_s/start_profile:6.357952952384949e-05 - timing_s/agent_loop/num_preempted/min:np.int64(-1) - timing_s/agent_loop/num_preempted/max:np.int64(-1) - timing_s/agent_loop/num_preempted/mean:np.float64(-1.0) - timing_s/agent_loop/generate_sequences/min:np.float64(3.537615153938532) - timing_s/agent_loop/generate_sequences/max:np.float64(19.137878850102425) - timing_s/agent_loop/generate_sequences/mean:np.float64(8.973620219665463) - timing_s/agent_loop/tool_calls/min:np.float64(0.0) - timing_s/agent_loop/tool_calls/max:np.float64(0.0) - timing_s/agent_loop/tool_calls/mean:np.float64(0.0) - timing_s/agent_loop/compute_score/min:np.float64(0.005958244204521179) - timing_s/agent_loop/compute_score/max:np.float64(0.025809232145547867) - timing_s/agent_loop/compute_score/mean:np.float64(0.01048395001271274) - timing_s/agent_loop/slowest/generate_sequences:np.float64(19.137878850102425) - timing_s/agent_loop/slowest/tool_calls:np.float64(0.0) - timing_s/agent_loop/slowest/compute_score:np.float64(0.011623989790678024) - timing_s/agent_loop/slowest/num_preempted:np.int64(-1) - timing_s/agent_loop/slowest/prompt_length:124 - timing_s/agent_loop/slowest/response_length:1024 - timing_s/gen:20.241174764931202 - timing_s/reward:2.0802021026611328e-05 - timing_s/old_log_prob:45.46744050830603 - timing_s/ref:63.95662313699722 - timing_s/adv:0.01805032789707184 - timing_s/update_actor:188.89803559705615 - timing_s/update_weights:4.9636837765574455 - timing_s/step:323.6636592000723 - timing_s/stop_profile:0.0001770108938217163 - timing_per_token_ms/gen:0.10529281441622165 - timing_per_token_ms/update_actor:0.8006155589620123 - timing_per_token_ms/ref:0.2710704080130084 - timing_per_token_ms/adv:7.650356613336317e-05 - perf/total_num_tokens:235941 - perf/time_per_step:323.6636592000723 - perf/throughput:182.24242457673736
[36m(TaskRunner pid=2033431)[0m local_global_step_folder: checkpoints/grpo_rlvr_math/qwen3_4b_gsm8k/global_step_232
[36m(TaskRunner pid=2033431)[0m test_gen_batch meta info: {'eos_token_id': 151645, 'pad_token_id': 151643, 'recompute_log_prob': False, 'do_sample': False, 'validate': True, 'global_steps': 232}
[36m(TaskRunner pid=2033431)[0m validation generation end
[36m(TaskRunner pid=2033431)[0m step:232 - global_seqlen/min:52332 - global_seqlen/max:58491 - global_seqlen/minmax_diff:6159 - global_seqlen/balanced_min:55817 - global_seqlen/balanced_max:55822 - global_seqlen/mean:55819.25 - actor/entropy:0.07442650198936462 - perf/mfu/actor_infer:0.03109193351828986 - actor/pg_clipfrac:np.float64(0.000271200442512054) - actor/ppo_kl:np.float64(-5.1647132572441024e-05) - actor/pg_clipfrac_lower:np.float64(0.0) - actor/pg_loss:np.float64(0.001515957119408995) - actor/kl_loss:np.float64(0.15210518732783385) - actor/kl_coef:np.float64(0.0010000000000000005) - actor/loss:np.float64(0.0016680625267326832) - actor/grad_norm:np.float64(0.2887451648712158) - actor/perf/max_memory_allocated_gb:np.float64(20.273035049438477) - actor/perf/max_memory_reserved_gb:np.float64(34.158203125) - actor/perf/cpu_memory_used_gb:np.float64(112.30256843566895) - actor/lr:np.float64(1e-06) - perf/mfu/actor:np.float64(0.02208147488737154) - val-aux/openai/gsm8k/reward/mean@1:np.float64(0.9393479909021987) - val-core/openai/gsm8k/acc/mean@1:np.float64(0.9393479909021987) - val-aux/num_turns/min:np.int32(2) - val-aux/num_turns/max:np.int32(2) - val-aux/num_turns/mean:np.float64(2.0) - training/global_step:232 - training/epoch:1 - critic/score/mean:0.943359375 - critic/score/max:1.0 - critic/score/min:0.0 - critic/rewards/mean:0.943359375 - critic/rewards/max:1.0 - critic/rewards/min:0.0 - critic/advantages/mean:-0.0016977881314232945 - critic/advantages/max:2.4748666286468506 - critic/advantages/min:-2.4748666286468506 - critic/returns/mean:-0.0016977881314232945 - critic/returns/max:2.4748666286468506 - critic/returns/min:-2.4748666286468506 - response_length/mean:356.087890625 - response_length/max:1024.0 - response_length/min:140.0 - response_length/clip_ratio:0.021484375 - response_length_non_aborted/mean:356.087890625 - response_length_non_aborted/max:1024.0 - response_length_non_aborted/min:140.0 - response_length_non_aborted/clip_ratio:0.021484375 - response/aborted_ratio:0.0 - prompt_length/mean:80.0 - prompt_length/max:139.0 - prompt_length/min:45.0 - prompt_length/clip_ratio:0.0 - num_turns/min:np.int32(2) - num_turns/max:np.int32(2) - num_turns/mean:np.float64(2.0) - timing_s/start_profile:8.991733193397522e-05 - timing_s/agent_loop/num_preempted/min:np.int64(-1) - timing_s/agent_loop/num_preempted/max:np.int64(-1) - timing_s/agent_loop/num_preempted/mean:np.float64(-1.0) - timing_s/agent_loop/generate_sequences/min:np.float64(3.4022016040980816) - timing_s/agent_loop/generate_sequences/max:np.float64(18.82381073012948) - timing_s/agent_loop/generate_sequences/mean:np.float64(8.348671980653307) - timing_s/agent_loop/tool_calls/min:np.float64(0.0) - timing_s/agent_loop/tool_calls/max:np.float64(0.0) - timing_s/agent_loop/tool_calls/mean:np.float64(0.0) - timing_s/agent_loop/compute_score/min:np.float64(0.00745883584022522) - timing_s/agent_loop/compute_score/max:np.float64(0.024978432804346085) - timing_s/agent_loop/compute_score/mean:np.float64(0.01094870145607274) - timing_s/agent_loop/slowest/generate_sequences:np.float64(18.82381073012948) - timing_s/agent_loop/slowest/tool_calls:np.float64(0.0) - timing_s/agent_loop/slowest/compute_score:np.float64(0.010926026850938797) - timing_s/agent_loop/slowest/num_preempted:np.int64(-1) - timing_s/agent_loop/slowest/prompt_length:65 - timing_s/agent_loop/slowest/response_length:1024 - timing_s/gen:19.792190331965685 - timing_s/reward:2.6464462280273438e-05 - timing_s/old_log_prob:45.32534946873784 - timing_s/ref:63.80131233856082 - timing_s/adv:0.017361875623464584 - timing_s/update_actor:188.52444726601243 - timing_s/save_checkpoint:334.7829985804856 - timing_s/update_weights:5.046758279204369 - timing_s/step:657.433151461184 - timing_s/testing:29.992820244282484 - timing_s/stop_profile:0.00011210516095161438 - timing_per_token_ms/gen:0.10855921462049993 - timing_per_token_ms/update_actor:0.8443522945310642 - timing_per_token_ms/ref:0.28574959507052144 - timing_per_token_ms/adv:7.775935552459315e-05 - perf/total_num_tokens:223277 - perf/time_per_step:657.433151461184 - perf/throughput:84.9048300590538
[36m(TaskRunner pid=2033431)[0m ("Final validation metrics: {'val-aux/openai/gsm8k/reward/mean@1': "
[36m(TaskRunner pid=2033431)[0m  "np.float64(0.9393479909021987), 'val-core/openai/gsm8k/acc/mean@1': "
[36m(TaskRunner pid=2033431)[0m  "np.float64(0.9393479909021987), 'val-aux/num_turns/min': np.int32(2), "
[36m(TaskRunner pid=2033431)[0m  "'val-aux/num_turns/max': np.int32(2), 'val-aux/num_turns/mean': "
[36m(TaskRunner pid=2033431)[0m  'np.float64(2.0)}')
